ID,EXP_ID,GROUP_ID,INDIVIDUAL_ID,COMPOUND_NAME,SINGLE_REPEAT_TYPE,SACRIFICE_PERIOD,DOSE,DOSE_UNIT,DOSE_LEVEL,treatment,ALP(IU/L),TC(mg/dL),TG(mg/dL),PL(mg/dL),TBIL(mg/dL),DBIL(mg/dL),GLC(mg/dL),BUN(mg/dL),CRE(mg/dL),Na(meq/L),K(meq/L),Cl(meq/L),Ca(mg/dL),IP(mg/dL),TP(g/dL),RALB(g/dL),A/G,AST(IU/L),ALT(IU/L),LDH(IU/L),GTP(IU/L),RBC(x10_4/ul),Hb(g/dL),Ht(%),MCV(fL),MCH(pg),MCHC(%),Ret(%),Plat(x10_4/uL),WBC(x10_2/uL),Neu(%),Eos(%),Bas(%),Mono(%),Lym(%),PT(s),APTT(s),Fbg(mg/dL)
42_1_1,42,1,1,acetaminophen,Repeat,4 day,0,mg/kg,Control,acetaminophen_Control_4 day,678,91,134.0,166,0.27,0.0,218,17.0,0.4,143.0,4.3,103.0,10.9,9.2,6.1,3.6,1.4,63.0,37.0,87.0,2.0,604.0,12.8,38.0,63.0,21.2,33.7,8.4,119.1,41.9,14.0,2.0,0.0,8.0,76.0,11.6,15.7,234.0
42_1_2,42,1,2,acetaminophen,Repeat,4 day,0,mg/kg,Control,acetaminophen_Control_4 day,800,89,226.0,200,0.27,0.01,176,17.0,0.4,143.0,5.1,106.0,11.0,9.2,6.2,3.8,1.6,56.0,43.0,74.0,3.0,601.0,12.6,37.4,62.2,21.0,33.7,8.5,107.7,35.8,18.0,1.0,0.0,9.0,71.0,11.3,16.1,231.0
42_1_3,42,1,3,acetaminophen,Repeat,4 day,0,mg/kg,Control,acetaminophen_Control_4 day,932,83,163.0,178,0.24,0.0,179,22.0,0.3,141.0,6.1,104.0,10.9,9.4,5.7,3.6,1.7,66.0,36.0,91.0,3.0,572.0,12.4,37.0,64.7,21.8,33.6,11.4,125.9,21.7,22.0,3.0,0.0,6.0,68.0,11.1,15.6,253.0
42_1_4,42,1,4,acetaminophen,Repeat,4 day,0,mg/kg,Control,acetaminophen_Control_4 day,833,73,66.0,145,0.3,0.03,204,19.0,0.2,141.0,5.3,104.0,10.7,10.6,5.7,3.3,1.4,66.0,34.0,174.0,0.0,624.0,13.9,41.7,66.9,22.3,33.4,7.3,110.1,20.6,17.0,2.0,0.0,10.0,71.0,11.1,16.6,226.0
42_1_5,42,1,5,acetaminophen,Repeat,4 day,0,mg/kg,Control,acetaminophen_Control_4 day,862,76,44.0,144,0.23,0.03,208,16.0,0.4,143.0,6.0,102.0,11.4,11.9,6.2,3.9,1.7,61.0,42.0,107.0,2.0,608.0,13.1,39.2,64.5,21.6,33.5,8.3,131.1,32.4,9.0,1.0,0.0,5.0,84.0,11.6,17.2,241.0
42_2_1,42,2,1,acetaminophen,Repeat,8 day,0,mg/kg,Control,acetaminophen_Control_8 day,853,109,156.0,201,0.19,0.02,209,19.0,0.5,144.0,5.3,105.0,10.6,9.5,6.2,3.8,1.6,56.0,23.0,132.0,1.0,678.0,14.0,42.3,62.4,20.6,33.0,5.0,109.5,59.0,13.0,1.0,0.0,8.0,77.0,11.8,15.7,236.0
42_2_2,42,2,2,acetaminophen,Repeat,8 day,0,mg/kg,Control,acetaminophen_Control_8 day,784,80,237.0,194,0.21,0.01,184,22.0,0.4,146.0,5.1,104.0,11.5,10.7,6.6,3.8,1.4,56.0,26.0,131.0,1.0,637.0,14.2,41.8,65.6,22.2,33.9,8.0,127.4,45.8,14.0,2.0,0.0,9.0,76.0,11.4,15.6,251.0
42_2_3,42,2,3,acetaminophen,Repeat,8 day,0,mg/kg,Control,acetaminophen_Control_8 day,869,73,90.0,147,0.23,0.0,184,17.0,0.3,144.0,5.2,107.0,10.7,9.7,5.9,3.8,1.8,55.0,25.0,120.0,2.0,691.0,14.2,42.1,60.9,20.6,33.7,5.0,126.2,40.7,13.0,2.0,0.0,4.0,82.0,11.9,16.8,239.0
42_2_4,42,2,4,acetaminophen,Repeat,8 day,0,mg/kg,Control,acetaminophen_Control_8 day,752,71,49.0,140,0.19,0.04,208,19.0,0.3,144.0,4.8,108.0,10.5,8.3,5.6,3.6,1.8,69.0,36.0,216.0,1.0,621.0,13.6,40.1,64.5,21.9,34.0,7.3,124.6,14.1,31.0,3.0,0.0,14.0,51.0,11.3,13.6,226.0
42_2_5,42,2,5,acetaminophen,Repeat,8 day,0,mg/kg,Control,acetaminophen_Control_8 day,743,72,100.0,151,0.22,0.02,179,20.0,0.4,143.0,5.3,104.0,10.8,9.6,5.9,3.6,1.6,65.0,31.0,115.0,4.0,576.0,12.8,37.4,65.0,22.3,34.3,9.1,107.3,52.6,15.0,2.0,0.0,10.0,72.0,11.9,16.6,259.0
42_3_1,42,3,1,acetaminophen,Repeat,15 day,0,mg/kg,Control,acetaminophen_Control_15 day,1090,58,136.0,142,0.19,0.04,218,23.0,0.4,145.0,4.5,104.0,10.6,8.3,6.1,3.6,1.4,64.0,39.0,101.0,2.0,672.0,14.3,42.8,63.7,21.2,33.3,3.9,140.2,49.5,18.0,1.0,0.0,4.0,77.0,11.9,17.6,238.0
42_3_2,42,3,2,acetaminophen,Repeat,15 day,0,mg/kg,Control,acetaminophen_Control_15 day,952,55,153.0,129,0.23,0.0,210,16.0,0.4,145.0,4.9,107.0,10.6,9.6,5.8,3.6,1.6,63.0,26.0,89.0,1.0,666.0,13.5,40.4,60.6,20.3,33.5,3.4,119.5,101.0,9.0,1.0,0.0,3.0,87.0,11.6,14.2,234.0
42_3_3,42,3,3,acetaminophen,Repeat,15 day,0,mg/kg,Control,acetaminophen_Control_15 day,795,71,186.0,148,0.24,0.06,178,18.0,0.4,143.0,6.0,105.0,10.8,8.9,6.3,3.6,1.3,56.0,29.0,122.0,1.0,639.0,13.6,39.7,62.1,21.3,34.2,5.6,114.3,134.0,11.0,1.0,0.0,13.0,76.0,11.9,17.3,248.0
42_3_5,42,3,5,acetaminophen,Repeat,15 day,0,mg/kg,Control,acetaminophen_Control_15 day,771,60,106.0,155,0.2,0.02,208,16.0,0.6,144.0,5.1,106.0,10.8,9.5,6.0,3.7,1.6,51.0,21.0,107.0,2.0,695.0,14.7,43.7,63.0,21.2,33.6,5.2,105.8,162.0,8.0,1.0,0.0,2.0,89.0,11.7,15.2,240.0
42_4_1,42,4,1,acetaminophen,Repeat,29 day,0,mg/kg,Control,acetaminophen_Control_29 day,661,71,134.0,149,0.15,0.04,213,19.0,0.5,145.0,4.4,103.0,10.3,8.6,6.3,3.8,1.5,60.0,26.0,195.0,1.0,780.0,14.4,43.3,55.6,18.5,33.3,4.3,117.6,43.8,16.0,0.0,0.0,1.0,82.0,11.8,16.4,220.0
42_4_2,42,4,2,acetaminophen,Repeat,29 day,0,mg/kg,Control,acetaminophen_Control_29 day,545,53,193.0,127,0.25,0.01,179,19.0,0.4,144.0,4.6,105.0,10.2,8.1,6.3,3.6,1.3,53.0,27.0,73.0,2.0,751.0,15.4,45.5,60.7,20.5,33.7,2.8,111.0,50.0,7.0,1.0,0.0,2.0,90.0,12.0,16.8,221.0
42_4_3,42,4,3,acetaminophen,Repeat,29 day,0,mg/kg,Control,acetaminophen_Control_29 day,595,64,240.0,163,0.16,0.05,192,20.0,0.4,143.0,4.5,106.0,9.8,7.5,6.3,3.6,1.3,55.0,27.0,62.0,1.0,760.0,14.7,43.9,57.8,19.4,33.6,1.4,98.8,46.6,11.0,0.0,0.0,3.0,85.0,11.6,15.8,203.0
42_4_4,42,4,4,acetaminophen,Repeat,29 day,0,mg/kg,Control,acetaminophen_Control_29 day,578,73,187.0,156,0.22,0.04,194,20.0,0.5,141.0,4.7,107.0,10.2,7.1,6.3,3.3,1.1,52.0,24.0,120.0,2.0,687.0,13.7,40.9,59.6,20.0,33.6,4.2,108.2,52.2,17.0,1.0,0.0,2.0,80.0,11.2,14.8,196.0
42_4_5,42,4,5,acetaminophen,Repeat,29 day,0,mg/kg,Control,acetaminophen_Control_29 day,501,103,160.0,187,0.2,0.09,209,19.0,0.5,142.0,4.5,103.0,10.2,8.3,6.4,3.7,1.4,54.0,23.0,87.0,4.0,741.0,14.0,41.4,55.9,19.0,33.9,2.9,104.7,42.0,20.0,1.0,0.0,3.0,76.0,10.9,16.4,285.0
61_1_1,61,1,1,isoniazid,Repeat,4 day,0,mg/kg,Control,isoniazid_Control_4 day,987,76,68.0,138,0.26,0.03,227,18.0,0.5,137.0,5.0,105.0,10.4,6.4,5.6,3.6,1.8,67.0,36.0,80.0,1.0,587.0,12.8,38.1,64.8,21.8,33.7,8.0,120.1,80.5,16.0,3.0,1.0,16.0,65.0,12.1,11.3,217.0
61_1_2,61,1,2,isoniazid,Repeat,4 day,0,mg/kg,Control,isoniazid_Control_4 day,952,91,127.0,183,0.31,0.03,231,23.0,0.5,140.0,5.4,105.0,10.6,7.2,6.3,4.1,1.9,66.0,36.0,97.0,1.0,652.0,14.4,43.4,66.5,22.1,33.2,7.7,112.5,107.0,11.0,5.0,0.0,5.0,80.0,11.9,13.9,236.0
61_1_3,61,1,3,isoniazid,Repeat,4 day,0,mg/kg,Control,isoniazid_Control_4 day,700,80,182.0,168,0.38,0.03,176,18.0,0.5,140.0,5.3,101.0,11.4,7.9,6.3,4.0,1.7,56.0,33.0,90.0,3.0,608.0,13.1,40.1,66.0,21.6,32.7,9.2,123.7,94.7,24.0,0.0,0.0,6.0,71.0,11.8,15.8,250.0
61_1_4,61,1,4,isoniazid,Repeat,4 day,0,mg/kg,Control,isoniazid_Control_4 day,813,98,126.0,180,0.29,0.01,201,17.0,0.5,140.0,4.9,105.0,10.7,7.8,5.9,3.8,1.8,59.0,30.0,174.0,1.0,639.0,13.8,41.4,64.9,21.6,33.2,7.2,127.2,147.0,7.0,1.0,0.0,7.0,85.0,12.3,16.2,205.0
61_1_5,61,1,5,isoniazid,Repeat,4 day,0,mg/kg,Control,isoniazid_Control_4 day,732,84,48.0,148,0.29,0.24,211,19.0,0.4,140.0,4.8,103.0,11.0,8.9,5.7,3.7,1.9,61.0,33.0,69.0,2.0,645.0,13.7,41.1,63.7,21.2,33.3,8.8,121.0,79.7,20.0,1.0,0.0,10.0,69.0,12.4,14.2,239.0
61_2_1,61,2,1,isoniazid,Repeat,8 day,0,mg/kg,Control,isoniazid_Control_8 day,1057,82,76.0,155,0.32,0.05,220,19.0,0.5,139.0,4.2,103.0,10.5,8.4,5.9,3.9,2.0,61.0,33.0,92.0,1.0,644.0,13.6,41.2,64.0,21.1,32.9,6.0,131.5,102.0,10.0,2.0,0.0,11.0,76.0,12.1,12.9,234.0
61_2_2,61,2,2,isoniazid,Repeat,8 day,0,mg/kg,Control,isoniazid_Control_8 day,736,97,149.0,190,0.28,0.09,226,21.0,0.5,140.0,5.3,105.0,10.6,7.5,6.2,3.7,1.5,55.0,28.0,96.0,1.0,657.0,14.1,42.0,63.8,21.5,33.7,6.0,154.1,103.0,11.0,1.0,0.0,5.0,83.0,11.9,14.8,249.0
61_2_3,61,2,3,isoniazid,Repeat,8 day,0,mg/kg,Control,isoniazid_Control_8 day,878,72,182.0,149,0.28,0.07,196,20.0,0.5,139.0,5.6,106.0,11.0,7.6,5.8,3.4,1.4,59.0,30.0,87.0,1.0,629.0,13.7,40.1,63.7,21.9,34.3,6.9,116.4,89.6,21.0,1.0,0.0,18.0,60.0,12.3,15.7,230.0
61_2_4,61,2,4,isoniazid,Repeat,8 day,0,mg/kg,Control,isoniazid_Control_8 day,756,94,122.0,177,0.31,0.05,250,20.0,0.5,142.0,4.9,105.0,10.7,9.4,5.7,3.7,1.9,54.0,44.0,198.0,1.0,631.0,13.8,41.6,65.8,21.9,33.3,5.8,125.0,153.0,6.0,0.0,0.0,9.0,84.0,11.8,15.3,227.0
61_2_5,61,2,5,isoniazid,Repeat,8 day,0,mg/kg,Control,isoniazid_Control_8 day,995,63,122.0,144,0.34,0.11,227,18.0,0.5,142.0,5.0,106.0,10.1,9.0,6.0,3.6,1.5,54.0,30.0,103.0,2.0,671.0,13.9,42.6,63.5,20.7,32.6,5.5,109.9,92.7,10.0,1.0,0.0,8.0,81.0,11.7,14.5,235.0
61_3_2,61,3,2,isoniazid,Repeat,15 day,0,mg/kg,Control,isoniazid_Control_15 day,575,62,197.0,134,0.29,0.01,222,24.0,0.4,139.0,5.1,108.0,10.1,7.0,6.0,3.7,1.6,59.0,31.0,151.0,0.0,699.0,14.3,42.4,60.6,20.4,33.7,3.4,113.5,113.0,5.0,1.0,0.0,3.0,91.0,12.0,17.6,219.0
61_3_3,61,3,3,isoniazid,Repeat,15 day,0,mg/kg,Control,isoniazid_Control_15 day,1046,71,143.0,144,0.25,0.0,195,15.0,0.5,140.0,5.4,106.0,10.0,8.1,5.6,3.6,1.8,62.0,33.0,89.0,1.0,755.0,15.1,45.2,59.8,20.0,33.4,4.6,124.4,89.7,18.0,1.0,0.0,10.0,70.0,11.8,16.2,220.0
61_3_4,61,3,4,isoniazid,Repeat,15 day,0,mg/kg,Control,isoniazid_Control_15 day,649,82,136.0,162,0.16,0.0,195,19.0,0.6,139.0,5.9,109.0,10.7,6.7,5.8,3.5,1.5,56.0,25.0,198.0,0.0,780.0,16.0,47.9,61.4,20.4,33.3,3.7,112.4,144.0,26.0,2.0,0.0,5.0,68.0,11.8,16.3,229.0
61_3_5,61,3,5,isoniazid,Repeat,15 day,0,mg/kg,Control,isoniazid_Control_15 day,796,94,59.0,154,0.42,0.0,230,17.0,0.6,138.0,4.5,108.0,10.4,9.9,6.0,3.9,1.9,57.0,27.0,90.0,1.0,729.0,14.8,44.3,60.8,20.3,33.5,3.9,108.0,92.6,10.0,1.0,0.0,4.0,84.0,11.4,14.9,226.0
61_4_1,61,4,1,isoniazid,Repeat,29 day,0,mg/kg,Control,isoniazid_Control_29 day,839,55,161.0,120,0.12,0.03,215,22.0,0.6,143.0,4.2,104.0,9.8,7.6,6.5,3.6,1.2,59.0,31.0,98.0,1.0,809.0,16.4,47.8,59.0,20.2,34.3,2.6,114.4,113.0,12.0,3.0,0.0,5.0,80.0,12.1,16.8,237.0
61_4_2,61,4,2,isoniazid,Repeat,29 day,0,mg/kg,Control,isoniazid_Control_29 day,740,72,125.0,136,0.25,0.02,189,19.0,0.5,144.0,4.3,104.0,9.8,7.7,6.1,3.4,1.3,55.0,26.0,62.0,2.0,811.0,15.2,45.3,55.9,18.8,33.7,2.1,112.9,93.8,7.0,1.0,0.0,4.0,87.0,12.1,15.7,215.0
61_4_3,61,4,3,isoniazid,Repeat,29 day,0,mg/kg,Control,isoniazid_Control_29 day,599,85,183.0,177,0.24,0.08,203,20.0,0.5,141.0,4.8,104.0,10.3,6.0,6.3,3.8,1.5,58.0,25.0,87.0,2.0,777.0,15.4,46.2,59.4,19.8,33.4,2.5,115.7,138.0,10.0,1.0,0.0,3.0,86.0,11.9,14.5,218.0
61_4_4,61,4,4,isoniazid,Repeat,29 day,0,mg/kg,Control,isoniazid_Control_29 day,592,58,94.0,129,0.33,0.08,259,20.0,0.6,140.0,4.2,104.0,9.8,8.4,6.0,3.7,1.6,51.0,23.0,59.0,1.0,817.0,15.6,46.2,56.5,19.1,33.7,2.2,92.5,159.0,12.0,1.0,0.0,3.0,83.0,12.1,16.3,221.0
61_4_5,61,4,5,isoniazid,Repeat,29 day,0,mg/kg,Control,isoniazid_Control_29 day,988,83,65.0,147,0.23,0.09,178,16.0,0.5,143.0,4.6,107.0,10.1,6.5,6.0,3.7,1.6,59.0,29.0,61.0,1.0,739.0,15.1,44.6,60.4,20.5,33.9,3.3,95.8,200.0,5.0,0.0,0.0,1.0,93.0,11.7,16.0,246.0
67_1_1,67,1,1,carbon tetrachloride,Repeat,4 day,0,mg/kg,Control,carbon tetrachloride_Control_4 day,1082,86,127.0,166,0.15,0.1,228,20.0,0.5,139.0,4.0,101.0,10.8,6.6,5.6,3.2,1.3,66.0,37.0,185.0,1.0,605.0,13.6,38.6,63.8,22.6,35.4,7.6,123.3,92.6,13.0,1.0,0.0,3.0,82.0,11.7,17.9,246.0
67_1_2,67,1,2,carbon tetrachloride,Repeat,4 day,0,mg/kg,Control,carbon tetrachloride_Control_4 day,989,80,90.0,159,0.15,0.07,210,16.0,0.5,140.0,3.8,103.0,10.9,7.3,5.3,3.3,1.7,77.0,54.0,232.0,1.0,618.0,13.9,39.9,64.6,22.5,34.8,9.0,146.6,61.3,12.0,1.0,0.0,3.0,83.0,11.5,17.5,224.0
67_1_3,67,1,3,carbon tetrachloride,Repeat,4 day,0,mg/kg,Control,carbon tetrachloride_Control_4 day,1128,92,105.0,173,0.15,0.09,202,19.0,0.4,141.0,4.1,106.0,11.2,7.2,5.5,3.2,1.4,60.0,41.0,159.0,1.0,644.0,13.7,41.0,63.7,21.3,33.5,7.0,138.2,96.0,10.0,1.0,0.0,2.0,86.0,11.2,16.0,254.0
67_1_4,67,1,4,carbon tetrachloride,Repeat,4 day,0,mg/kg,Control,carbon tetrachloride_Control_4 day,1070,84,80.0,162,0.14,0.09,197,17.0,0.4,142.0,4.1,105.0,10.9,7.7,5.6,3.4,1.5,78.0,41.0,297.0,1.0,623.0,13.5,39.4,63.2,21.6,34.2,6.6,120.8,117.4,20.0,1.0,0.0,3.0,76.0,11.4,16.6,224.0
67_1_5,67,1,5,carbon tetrachloride,Repeat,4 day,0,mg/kg,Control,carbon tetrachloride_Control_4 day,1107,70,31.0,117,0.1,0.05,195,9.0,0.4,138.0,3.7,100.0,10.5,8.6,5.3,3.1,1.4,75.0,51.0,170.0,1.0,656.0,13.6,41.5,63.2,20.8,32.9,6.7,118.6,114.6,10.0,1.0,0.0,3.0,85.0,12.0,16.9,224.0
67_2_1,67,2,1,carbon tetrachloride,Repeat,8 day,0,mg/kg,Control,carbon tetrachloride_Control_8 day,866,79,134.0,163,0.19,0.14,204,15.0,0.5,138.0,4.4,102.0,10.8,7.1,5.4,3.5,1.8,61.0,33.0,153.0,0.0,623.0,14.1,39.7,63.7,22.7,35.6,6.3,109.2,115.1,13.0,1.0,0.0,2.0,83.0,11.4,20.2,236.0
67_2_2,67,2,2,carbon tetrachloride,Repeat,8 day,0,mg/kg,Control,carbon tetrachloride_Control_8 day,1181,90,145.0,187,0.17,0.11,210,17.0,0.4,141.0,3.9,104.0,10.7,7.0,5.9,3.8,1.8,66.0,43.0,206.0,2.0,670.0,14.5,41.7,62.2,21.7,34.9,6.0,135.0,139.4,16.0,1.0,0.0,3.0,79.0,11.2,18.2,275.0
67_2_3,67,2,3,carbon tetrachloride,Repeat,8 day,0,mg/kg,Control,carbon tetrachloride_Control_8 day,840,81,102.0,164,0.14,0.09,190,18.0,0.4,140.0,4.1,104.0,10.7,6.5,5.5,3.4,1.6,58.0,33.0,113.0,1.0,661.0,13.8,40.6,61.3,20.9,34.0,5.7,126.8,64.4,9.0,1.0,0.0,3.0,87.0,11.8,16.5,250.0
67_2_4,67,2,4,carbon tetrachloride,Repeat,8 day,0,mg/kg,Control,carbon tetrachloride_Control_8 day,890,74,118.0,148,0.14,0.08,216,16.0,0.4,142.0,4.1,106.0,11.0,7.8,5.4,3.4,1.7,68.0,30.0,370.0,2.0,664.0,14.0,39.9,60.1,21.1,35.0,5.7,140.8,123.4,8.0,1.0,0.0,2.0,89.0,11.6,18.8,243.0
67_2_5,67,2,5,carbon tetrachloride,Repeat,8 day,0,mg/kg,Control,carbon tetrachloride_Control_8 day,835,85,133.0,165,0.16,0.1,201,15.0,0.4,138.0,4.6,104.0,10.3,8.4,5.4,3.2,1.5,59.0,32.0,167.0,1.0,619.0,13.3,38.5,62.1,21.5,34.5,7.0,137.3,112.5,10.0,1.0,0.0,3.0,85.0,11.4,17.7,243.0
67_3_1,67,3,1,carbon tetrachloride,Repeat,15 day,0,mg/kg,Control,carbon tetrachloride_Control_15 day,632,71,105.0,150,0.15,0.09,204,17.0,0.5,141.0,3.6,103.0,10.3,6.6,6.0,3.7,1.6,63.0,28.0,246.0,0.0,783.0,15.6,46.0,58.7,19.9,33.9,3.1,124.6,136.2,13.0,1.0,0.0,1.0,84.0,11.6,20.7,246.0
67_3_2,67,3,2,carbon tetrachloride,Repeat,15 day,0,mg/kg,Control,carbon tetrachloride_Control_15 day,1077,78,103.0,155,0.15,0.07,223,15.0,0.5,143.0,3.9,104.0,10.8,6.4,6.1,3.5,1.3,60.0,31.0,328.0,2.0,705.0,14.4,42.7,60.6,20.4,33.6,4.2,118.3,107.6,22.0,1.0,0.0,5.0,71.0,11.4,20.5,258.0
67_3_3,67,3,3,carbon tetrachloride,Repeat,15 day,0,mg/kg,Control,carbon tetrachloride_Control_15 day,858,62,35.0,125,0.12,0.05,208,13.0,0.5,143.0,3.8,104.0,10.8,7.2,6.0,3.5,1.4,66.0,32.0,221.0,1.0,732.0,14.8,43.0,58.8,20.2,34.4,4.2,116.0,114.6,12.0,0.0,0.0,2.0,84.0,11.7,19.5,230.0
67_3_4,67,3,4,carbon tetrachloride,Repeat,15 day,0,mg/kg,Control,carbon tetrachloride_Control_15 day,903,66,112.0,137,0.13,0.07,220,12.0,0.4,142.0,3.7,102.0,10.2,8.5,5.9,3.5,1.5,62.0,29.0,170.0,0.0,720.0,14.3,41.7,57.9,19.9,34.4,4.2,132.2,106.7,17.0,1.0,0.0,3.0,79.0,11.4,20.3,250.0
67_3_5,67,3,5,carbon tetrachloride,Repeat,15 day,0,mg/kg,Control,carbon tetrachloride_Control_15 day,595,68,12.0,111,0.1,0.03,224,13.0,0.4,143.0,3.5,106.0,9.9,7.8,5.6,3.3,1.4,50.0,29.0,83.0,2.0,700.0,13.8,40.9,58.4,19.7,33.8,3.9,129.0,109.1,11.0,1.0,0.0,2.0,86.0,11.6,19.7,211.0
67_4_1,67,4,1,carbon tetrachloride,Repeat,29 day,0,mg/kg,Control,carbon tetrachloride_Control_29 day,691,68,116.0,137,0.14,0.09,231,18.0,0.5,141.0,3.9,101.0,10.6,6.6,6.0,3.5,1.4,55.0,28.0,189.0,1.0,775.0,15.0,43.2,55.8,19.3,34.6,2.8,126.0,128.9,13.0,1.0,0.0,5.0,80.0,12.0,30.6,246.0
67_4_2,67,4,2,carbon tetrachloride,Repeat,29 day,0,mg/kg,Control,carbon tetrachloride_Control_29 day,386,68,53.0,124,0.13,0.07,230,19.0,0.5,141.0,3.6,102.0,10.2,5.3,5.8,3.4,1.4,59.0,25.0,334.0,1.0,771.0,14.8,42.3,54.8,19.2,35.0,2.7,120.6,118.7,10.0,1.0,0.0,2.0,86.0,11.9,20.3,227.0
67_4_3,67,4,3,carbon tetrachloride,Repeat,29 day,0,mg/kg,Control,carbon tetrachloride_Control_29 day,558,78,96.0,158,0.14,0.08,243,19.0,0.5,140.0,4.1,103.0,10.8,7.1,6.3,3.5,1.3,84.0,42.0,234.0,1.0,847.0,15.7,45.7,54.0,18.5,34.3,2.7,111.0,82.7,18.0,1.0,0.0,2.0,78.0,11.7,22.3,201.0
67_4_4,67,4,4,carbon tetrachloride,Repeat,29 day,0,mg/kg,Control,carbon tetrachloride_Control_29 day,498,80,82.0,163,0.11,0.05,226,13.0,0.4,140.0,3.7,102.0,10.3,7.3,6.0,3.4,1.3,54.0,33.0,148.0,1.0,779.0,15.0,43.2,55.4,19.2,34.6,2.2,111.8,127.8,9.0,1.0,0.0,2.0,88.0,11.6,20.6,227.0
67_4_5,67,4,5,carbon tetrachloride,Repeat,29 day,0,mg/kg,Control,carbon tetrachloride_Control_29 day,342,68,68.0,137,0.12,0.06,260,13.0,0.4,140.0,4.4,103.0,10.5,8.3,5.8,3.5,1.5,50.0,28.0,153.0,0.0,757.0,15.2,44.2,58.4,20.1,34.4,3.6,133.9,146.9,9.0,1.0,0.0,2.0,87.0,12.4,19.8,236.0
91_1_1,91,1,1,valproic acid,Repeat,4 day,0,mg/kg,Control,valproic acid_Control_4 day,941,54,72.0,109,0.14,0.08,216,16.0,0.4,138.0,4.1,102.0,10.6,6.8,5.4,3.2,1.5,63.0,33.0,181.0,1.0,590.0,12.0,35.2,59.8,20.4,34.2,6.5,136.7,100.2,8.0,1.0,0.0,3.0,87.0,12.5,18.2,208.0
91_1_2,91,1,2,valproic acid,Repeat,4 day,0,mg/kg,Control,valproic acid_Control_4 day,1452,83,62.0,158,0.09,0.06,236,18.0,0.4,140.0,4.5,104.0,10.7,8.6,5.2,3.3,1.7,74.0,41.0,280.0,1.0,602.0,12.8,38.2,63.4,21.3,33.6,7.7,128.6,119.2,8.0,1.0,0.0,4.0,86.0,12.2,17.8,218.0
91_1_3,91,1,3,valproic acid,Repeat,4 day,0,mg/kg,Control,valproic acid_Control_4 day,1302,62,99.0,136,0.11,0.06,198,15.0,0.4,143.0,4.1,105.0,10.8,7.6,5.3,3.3,1.7,64.0,35.0,129.0,1.0,613.0,13.4,39.1,63.8,22.0,34.4,6.0,138.8,77.4,13.0,1.0,0.0,4.0,81.0,12.6,19.4,236.0
91_1_4,91,1,4,valproic acid,Repeat,4 day,0,mg/kg,Control,valproic acid_Control_4 day,842,83,86.0,161,0.12,0.06,227,17.0,0.4,142.0,3.9,104.0,11.0,8.2,5.5,3.5,1.8,65.0,34.0,277.0,1.0,601.0,13.1,38.2,63.5,21.8,34.3,6.7,136.0,121.6,19.0,1.0,0.0,2.0,78.0,12.1,19.9,216.0
91_1_5,91,1,5,valproic acid,Repeat,4 day,0,mg/kg,Control,valproic acid_Control_4 day,961,76,104.0,162,0.1,0.05,204,15.0,0.4,141.0,3.9,101.0,10.9,8.9,5.8,3.3,1.3,61.0,35.0,166.0,0.0,618.0,12.9,37.7,61.0,20.9,34.3,6.1,135.0,86.8,16.0,1.0,0.0,4.0,79.0,12.0,18.7,236.0
91_2_1,91,2,1,valproic acid,Repeat,8 day,0,mg/kg,Control,valproic acid_Control_8 day,872,87,94.0,167,0.15,0.09,216,16.0,0.4,141.0,4.1,100.0,10.6,8.1,5.8,3.5,1.5,60.0,31.0,148.0,1.0,673.0,14.1,41.0,61.0,20.9,34.3,6.3,140.9,113.0,13.0,1.0,0.0,5.0,81.0,11.9,18.6,236.0
91_2_2,91,2,2,valproic acid,Repeat,8 day,0,mg/kg,Control,valproic acid_Control_8 day,921,58,135.0,144,0.12,0.08,235,20.0,0.4,142.0,3.9,104.0,10.3,7.6,5.4,3.4,1.7,63.0,36.0,180.0,2.0,682.0,14.5,42.7,62.6,21.2,33.9,5.1,121.6,87.1,14.0,1.0,0.0,2.0,83.0,12.4,19.2,197.0
91_2_3,91,2,3,valproic acid,Repeat,8 day,0,mg/kg,Control,valproic acid_Control_8 day,798,64,125.0,144,0.14,0.09,224,16.0,0.3,141.0,3.6,100.0,11.1,8.6,5.6,3.4,1.5,63.0,29.0,175.0,1.0,635.0,13.4,39.2,61.9,21.2,34.2,5.6,129.3,95.0,18.0,1.0,0.0,3.0,77.0,12.3,18.0,216.0
91_2_4,91,2,4,valproic acid,Repeat,8 day,0,mg/kg,Control,valproic acid_Control_8 day,937,78,90.0,152,0.13,0.07,218,18.0,0.4,142.0,3.5,103.0,10.6,7.8,5.4,3.3,1.6,76.0,32.0,307.0,2.0,630.0,13.9,40.3,64.0,22.1,34.5,6.6,123.4,90.1,11.0,1.0,0.0,1.0,87.0,12.4,20.0,197.0
91_2_5,91,2,5,valproic acid,Repeat,8 day,0,mg/kg,Control,valproic acid_Control_8 day,1020,57,88.0,124,0.11,0.07,223,16.0,0.4,139.0,3.9,102.0,10.6,7.9,5.4,3.4,1.7,68.0,40.0,188.0,0.0,672.0,13.9,40.3,59.9,20.7,34.6,5.4,148.7,95.5,6.0,1.0,0.0,2.0,91.0,12.2,20.2,208.0
91_3_1,91,3,1,valproic acid,Repeat,15 day,0,mg/kg,Control,valproic acid_Control_15 day,760,80,135.0,175,0.14,0.08,308,20.0,0.5,139.0,3.8,98.0,10.8,7.5,5.9,3.7,1.7,66.0,38.0,177.0,1.0,702.0,14.6,41.2,58.6,20.8,35.5,4.9,160.8,104.0,13.0,1.0,0.0,2.0,84.0,11.9,16.9,227.0
91_3_2,91,3,2,valproic acid,Repeat,15 day,0,mg/kg,Control,valproic acid_Control_15 day,945,81,89.0,160,0.12,0.07,219,18.0,0.4,142.0,3.5,104.0,10.4,6.8,5.8,3.3,1.3,64.0,37.0,227.0,1.0,674.0,14.1,39.9,59.1,20.9,35.3,4.9,136.0,115.6,25.0,1.0,0.0,3.0,71.0,12.1,19.0,208.0
91_3_3,91,3,3,valproic acid,Repeat,15 day,0,mg/kg,Control,valproic acid_Control_15 day,791,79,176.0,169,0.19,0.15,208,20.0,0.4,141.0,3.4,103.0,10.6,6.5,6.0,3.8,1.7,62.0,30.0,175.0,1.0,734.0,15.0,42.8,58.3,20.4,35.1,3.7,141.0,106.1,18.0,1.0,0.0,2.0,78.0,12.0,18.7,243.0
91_3_4,91,3,4,valproic acid,Repeat,15 day,0,mg/kg,Control,valproic acid_Control_15 day,1183,82,121.0,175,0.13,0.07,215,19.0,0.4,140.0,3.7,101.0,10.8,7.5,6.1,3.5,1.3,72.0,44.0,263.0,1.0,675.0,14.3,40.4,59.9,21.1,35.3,5.5,123.5,100.2,21.0,1.0,0.0,2.0,76.0,12.0,18.0,250.0
91_3_5,91,3,5,valproic acid,Repeat,15 day,0,mg/kg,Control,valproic acid_Control_15 day,1053,63,165.0,151,0.17,0.12,207,18.0,0.4,141.0,3.5,103.0,10.5,7.1,5.7,3.3,1.4,58.0,25.0,152.0,2.0,690.0,14.0,40.3,58.4,20.3,34.8,4.5,140.7,146.9,11.0,1.0,0.0,3.0,84.0,12.4,19.1,213.0
91_4_1,91,4,1,valproic acid,Repeat,29 day,0,mg/kg,Control,valproic acid_Control_29 day,595,66,158.0,151,0.14,0.08,228,18.0,0.5,139.0,4.8,101.0,10.2,7.1,6.0,3.7,1.6,52.0,31.0,145.0,1.0,789.0,15.3,44.0,55.7,19.4,34.8,2.6,102.8,170.5,14.0,1.0,0.0,2.0,82.0,12.3,17.9,234.0
91_4_2,91,4,2,valproic acid,Repeat,29 day,0,mg/kg,Control,valproic acid_Control_29 day,809,63,184.0,153,0.14,0.09,212,19.0,0.5,140.0,3.9,102.0,10.6,7.0,6.2,3.2,1.1,67.0,37.0,233.0,2.0,755.0,14.2,40.8,54.1,18.8,34.7,2.8,119.1,143.3,9.0,1.0,0.0,3.0,86.0,12.1,19.1,218.0
91_4_3,91,4,3,valproic acid,Repeat,29 day,0,mg/kg,Control,valproic acid_Control_29 day,778,55,109.0,131,0.12,0.07,184,17.0,0.4,140.0,3.8,102.0,10.2,7.1,6.0,3.2,1.1,61.0,34.0,109.0,1.0,725.0,14.3,40.9,56.5,19.8,35.0,3.1,114.0,101.9,15.0,1.0,0.0,3.0,80.0,13.0,19.2,215.0
91_4_4,91,4,4,valproic acid,Repeat,29 day,0,mg/kg,Control,valproic acid_Control_29 day,501,74,105.0,154,0.16,0.08,211,17.0,0.4,141.0,3.8,101.0,10.7,7.4,6.1,3.6,1.4,67.0,35.0,172.0,1.0,790.0,15.0,43.2,54.7,19.0,34.8,2.4,97.6,104.5,15.0,1.0,0.0,2.0,81.0,12.6,19.1,224.0
91_4_5,91,4,5,valproic acid,Repeat,29 day,0,mg/kg,Control,valproic acid_Control_29 day,606,74,219.0,164,0.16,0.12,209,17.0,0.5,141.0,3.4,102.0,10.8,5.9,6.4,3.6,1.3,75.0,37.0,217.0,0.0,818.0,15.6,44.4,54.3,19.1,35.1,2.1,108.3,128.3,11.0,1.0,0.0,1.0,86.0,12.7,21.9,248.0
95_1_1,95,1,1,rifampicin,Repeat,4 day,0,mg/kg,Control,rifampicin_Control_4 day,1184,88,122.0,174,0.33,0.0,201,21.0,0.6,138.0,4.9,106.0,10.8,8.4,6.3,3.9,1.6,69.0,50.0,122.0,2.0,652.0,13.8,42.6,65.4,21.2,32.5,8.0,136.3,163.0,16.0,1.0,0.0,11.0,73.0,11.8,16.3,240.0
95_1_2,95,1,2,rifampicin,Repeat,4 day,0,mg/kg,Control,rifampicin_Control_4 day,973,83,152.0,167,0.22,0.0,192,19.0,0.6,140.0,5.2,105.0,11.1,9.4,6.2,3.8,1.6,64.0,34.0,134.0,2.0,659.0,13.9,41.8,63.5,21.0,33.1,5.3,128.4,176.0,8.0,1.0,0.0,7.0,84.0,12.0,16.2,236.0
95_1_3,95,1,3,rifampicin,Repeat,4 day,0,mg/kg,Control,rifampicin_Control_4 day,658,80,135.0,145,0.35,0.0,200,21.0,0.6,139.0,5.8,104.0,10.6,9.2,5.9,3.4,1.4,65.0,36.0,104.0,1.0,650.0,14.0,41.2,63.4,21.5,33.9,6.5,125.8,93.1,18.0,2.0,0.0,8.0,73.0,11.9,16.5,229.0
95_1_4,95,1,4,rifampicin,Repeat,4 day,0,mg/kg,Control,rifampicin_Control_4 day,888,91,90.0,162,0.38,0.0,204,19.0,0.5,141.0,4.6,105.0,11.0,10.6,6.0,3.7,1.6,51.0,35.0,94.0,2.0,659.0,13.8,42.0,63.7,20.9,32.8,7.9,118.0,85.4,17.0,1.0,0.0,7.0,75.0,11.7,15.7,257.0
95_1_5,95,1,5,rifampicin,Repeat,4 day,0,mg/kg,Control,rifampicin_Control_4 day,1129,77,65.0,137,0.26,0.02,199,15.0,0.6,141.0,4.7,104.0,10.7,10.0,5.9,3.7,1.7,63.0,31.0,99.0,3.0,668.0,14.1,42.4,63.5,21.1,33.2,4.4,121.4,128.0,10.0,0.0,0.0,3.0,86.0,11.9,16.7,233.0
95_2_1,95,2,1,rifampicin,Repeat,8 day,0,mg/kg,Control,rifampicin_Control_8 day,883,75,121.0,144,0.22,0.0,196,21.0,0.6,142.0,4.6,105.0,11.0,8.8,6.5,4.3,2.0,67.0,31.0,120.0,1.0,696.0,14.3,42.8,61.6,20.6,33.4,7.0,92.6,92.4,6.0,0.0,0.0,5.0,88.0,12.3,17.2,238.0
95_2_2,95,2,2,rifampicin,Repeat,8 day,0,mg/kg,Control,rifampicin_Control_8 day,716,74,133.0,150,0.39,0.02,174,18.0,0.6,142.0,4.8,106.0,10.2,8.7,5.8,3.8,1.9,72.0,34.0,98.0,2.0,688.0,14.3,43.4,63.0,20.9,33.1,3.6,104.7,124.0,15.0,0.0,0.0,5.0,79.0,12.1,16.2,216.0
95_2_3,95,2,3,rifampicin,Repeat,8 day,0,mg/kg,Control,rifampicin_Control_8 day,850,90,122.0,159,0.32,0.0,217,17.0,0.5,139.0,5.0,107.0,10.6,7.0,6.2,3.9,1.7,72.0,33.0,145.0,1.0,693.0,14.4,43.9,63.4,20.8,32.8,6.8,94.1,155.0,15.0,0.0,0.0,9.0,76.0,11.9,16.6,223.0
95_2_4,95,2,4,rifampicin,Repeat,8 day,0,mg/kg,Control,rifampicin_Control_8 day,774,63,133.0,136,0.39,0.0,213,17.0,0.6,141.0,5.0,107.0,10.3,6.6,5.9,3.6,1.6,57.0,25.0,76.0,2.0,672.0,14.2,43.0,63.9,21.1,33.0,5.2,112.7,87.6,20.0,0.0,0.0,6.0,73.0,12.4,16.1,248.0
95_2_5,95,2,5,rifampicin,Repeat,8 day,0,mg/kg,Control,rifampicin_Control_8 day,912,71,154.0,161,0.39,0.0,193,16.0,0.5,139.0,4.9,104.0,10.6,10.2,6.0,3.8,1.7,72.0,34.0,103.0,3.0,637.0,13.5,40.7,63.9,21.2,33.2,6.4,132.1,152.0,12.0,0.0,0.0,6.0,81.0,12.3,16.7,234.0
95_3_1,95,3,1,rifampicin,Repeat,15 day,0,mg/kg,Control,rifampicin_Control_15 day,558,77,154.0,150,0.25,0.05,243,18.0,0.7,139.0,5.1,107.0,10.3,7.8,6.3,3.9,1.6,49.0,32.0,91.0,1.0,765.0,15.2,46.0,60.1,19.9,33.0,3.4,97.5,179.0,7.0,1.0,0.0,8.0,84.0,11.7,17.2,248.0
95_3_2,95,3,2,rifampicin,Repeat,15 day,0,mg/kg,Control,rifampicin_Control_15 day,797,58,212.0,145,0.37,0.1,215,21.0,0.5,141.0,4.7,109.0,10.0,6.5,6.0,3.9,1.9,64.0,31.0,80.0,0.0,756.0,15.1,45.3,60.0,20.0,33.3,3.1,110.7,160.0,13.0,0.0,0.0,2.0,85.0,11.6,15.9,231.0
95_3_3,95,3,3,rifampicin,Repeat,15 day,0,mg/kg,Control,rifampicin_Control_15 day,644,79,212.0,164,0.29,0.08,180,17.0,0.5,139.0,5.3,105.0,10.2,8.3,6.6,4.2,1.8,61.0,32.0,86.0,3.0,759.0,15.1,46.0,60.6,19.9,32.8,3.9,133.8,163.0,10.0,1.0,0.0,8.0,81.0,12.1,17.6,234.0
95_3_4,95,3,4,rifampicin,Repeat,15 day,0,mg/kg,Control,rifampicin_Control_15 day,787,60,231.0,150,0.32,0.07,191,17.0,0.6,140.0,4.8,106.0,10.0,8.4,6.2,3.8,1.6,54.0,29.0,73.0,1.0,761.0,14.8,43.9,57.7,19.4,33.7,2.8,113.5,110.0,16.0,1.0,0.0,9.0,75.0,12.2,17.7,226.0
95_3_5,95,3,5,rifampicin,Repeat,15 day,0,mg/kg,Control,rifampicin_Control_15 day,556,69,220.0,162,0.24,0.03,185,18.0,0.5,139.0,5.1,105.0,10.0,8.5,6.2,3.9,1.7,48.0,30.0,62.0,2.0,733.0,14.7,43.8,59.7,20.0,33.5,4.2,107.2,156.0,13.0,1.0,0.0,3.0,84.0,11.8,17.4,239.0
95_4_1,95,4,1,rifampicin,Repeat,29 day,0,mg/kg,Control,rifampicin_Control_29 day,529,69,117.0,139,0.23,0.0,211,19.0,0.6,139.0,4.8,108.0,9.9,6.4,6.4,4.0,1.7,53.0,29.0,99.0,0.0,874.0,16.6,49.7,56.9,19.0,33.4,2.0,103.8,191.0,9.0,1.0,0.0,4.0,86.0,11.9,16.2,215.0
95_4_2,95,4,2,rifampicin,Repeat,29 day,0,mg/kg,Control,rifampicin_Control_29 day,578,80,173.0,150,0.35,0.04,189,17.0,0.6,142.0,4.4,109.0,10.5,6.7,6.3,4.1,1.9,60.0,36.0,73.0,0.0,740.0,14.9,44.7,60.3,20.2,33.5,2.0,91.2,79.7,11.0,1.0,0.0,3.0,85.0,11.4,16.7,222.0
95_4_3,95,4,3,rifampicin,Repeat,29 day,0,mg/kg,Control,rifampicin_Control_29 day,608,84,127.0,162,0.4,0.0,176,22.0,0.6,140.0,5.4,110.0,10.4,6.7,6.2,3.9,1.7,64.0,29.0,72.0,1.0,840.0,15.9,47.0,56.0,18.9,33.7,1.8,124.4,102.0,17.0,1.0,0.0,3.0,79.0,12.2,17.1,211.0
95_4_4,95,4,4,rifampicin,Repeat,29 day,0,mg/kg,Control,rifampicin_Control_29 day,451,84,232.0,165,0.34,0.0,168,22.0,0.6,142.0,4.5,107.0,10.7,7.8,6.5,4.2,1.8,56.0,30.0,77.0,1.0,790.0,15.9,47.8,60.6,20.1,33.2,2.9,109.2,128.0,11.0,1.0,0.0,3.0,86.0,11.6,17.0,211.0
95_4_5,95,4,5,rifampicin,Repeat,29 day,0,mg/kg,Control,rifampicin_Control_29 day,620,81,176.0,171,0.29,0.03,155,21.0,0.6,140.0,5.2,104.0,10.6,8.3,6.3,3.9,1.6,49.0,32.0,65.0,2.0,754.0,15.2,45.7,60.6,20.1,33.1,2.4,97.8,123.0,14.0,0.0,0.0,2.0,84.0,11.5,16.7,214.0
97_1_1,97,1,1,phenylbutazone,Repeat,4 day,0,mg/kg,Control,phenylbutazone_Control_4 day,1016,103,157.0,196,0.18,0.0,217,16.0,0.5,137.0,5.1,101.0,10.8,10.0,6.4,4.3,2.1,54.0,39.0,119.0,3.0,748.0,15.2,46.2,61.7,20.3,32.9,6.8,109.6,154.0,8.0,1.0,0.0,7.0,85.0,11.4,17.8,245.0
97_1_2,97,1,2,phenylbutazone,Repeat,4 day,0,mg/kg,Control,phenylbutazone_Control_4 day,886,81,203.0,171,0.24,0.0,184,20.0,0.5,138.0,5.6,105.0,10.8,9.0,6.3,4.1,1.9,60.0,36.0,92.0,1.0,721.0,14.5,43.6,60.5,20.2,33.3,6.6,112.8,134.0,8.0,1.0,0.0,6.0,86.0,12.0,16.9,248.0
97_1_3,97,1,3,phenylbutazone,Repeat,4 day,0,mg/kg,Control,phenylbutazone_Control_4 day,742,67,111.0,137,0.31,0.0,191,14.0,0.7,138.0,4.9,106.0,10.7,7.9,5.8,3.9,2.1,60.0,28.0,127.0,1.0,649.0,14.1,42.5,65.4,21.7,33.1,7.4,109.9,99.4,13.0,1.0,0.0,5.0,81.0,12.2,17.1,217.0
97_1_4,97,1,4,phenylbutazone,Repeat,4 day,0,mg/kg,Control,phenylbutazone_Control_4 day,725,105,106.0,191,0.3,0.0,195,18.0,0.5,138.0,4.9,107.0,10.6,8.2,6.2,4.1,2.0,67.0,34.0,102.0,2.0,612.0,13.4,40.4,66.0,21.9,33.2,8.9,102.1,83.5,24.0,1.0,0.0,5.0,71.0,12.0,16.4,222.0
97_1_5,97,1,5,phenylbutazone,Repeat,4 day,0,mg/kg,Control,phenylbutazone_Control_4 day,971,77,105.0,158,0.28,0.0,189,19.0,0.6,138.0,4.9,106.0,10.3,9.7,6.0,3.8,1.7,64.0,39.0,90.0,1.0,634.0,13.9,41.0,64.6,21.8,33.8,6.9,114.5,185.0,9.0,1.0,0.0,5.0,85.0,12.0,16.1,235.0
97_2_1,97,2,1,phenylbutazone,Repeat,8 day,0,mg/kg,Control,phenylbutazone_Control_8 day,1018,73,51.0,135,0.28,0.0,216,20.0,0.5,142.0,4.7,102.0,10.4,8.5,6.8,4.0,1.4,79.0,40.0,91.0,2.0,687.0,14.1,42.7,62.2,20.6,33.1,4.1,120.7,106.0,6.0,1.0,0.0,3.0,90.0,12.1,17.1,243.0
97_2_2,97,2,2,phenylbutazone,Repeat,8 day,0,mg/kg,Control,phenylbutazone_Control_8 day,952,77,136.0,156,0.3,0.0,195,22.0,0.6,140.0,4.5,106.0,10.6,9.1,6.6,4.0,1.5,79.0,34.0,86.0,1.0,638.0,13.6,41.5,65.0,21.4,32.9,6.3,84.1,109.0,14.0,0.0,0.0,4.0,82.0,11.9,14.6,230.0
97_2_3,97,2,3,phenylbutazone,Repeat,8 day,0,mg/kg,Control,phenylbutazone_Control_8 day,869,84,160.0,156,0.3,0.0,183,17.0,0.5,138.0,5.3,107.0,10.5,8.1,6.7,4.0,1.5,59.0,34.0,90.0,1.0,692.0,13.7,41.6,60.1,19.9,33.0,5.7,130.4,151.0,6.0,1.0,0.0,9.0,84.0,12.3,16.5,245.0
97_2_4,97,2,4,phenylbutazone,Repeat,8 day,0,mg/kg,Control,phenylbutazone_Control_8 day,868,68,96.0,129,0.39,0.03,219,20.0,0.5,138.0,5.4,106.0,10.5,8.1,6.1,3.7,1.5,68.0,40.0,136.0,4.0,654.0,13.7,40.8,62.3,20.9,33.5,5.5,137.0,248.0,5.0,1.0,0.0,8.0,87.0,12.4,15.3,251.0
97_2_5,97,2,5,phenylbutazone,Repeat,8 day,0,mg/kg,Control,phenylbutazone_Control_8 day,891,70,120.0,137,0.29,0.0,241,15.0,0.4,141.0,4.4,106.0,11.0,10.8,6.7,4.0,1.5,60.0,30.0,151.0,1.0,703.0,14.6,43.9,62.4,20.7,33.2,5.3,119.1,163.0,13.0,1.0,0.0,9.0,78.0,11.8,14.8,242.0
97_3_1,97,3,1,phenylbutazone,Repeat,15 day,0,mg/kg,Control,phenylbutazone_Control_15 day,749,82,218.0,167,0.26,0.02,241,22.0,0.6,139.0,4.8,107.0,10.6,7.9,6.5,4.0,1.6,61.0,29.0,133.0,1.0,727.0,15.3,45.5,62.5,21.0,33.6,4.4,105.9,195.0,6.0,1.0,0.0,4.0,89.0,11.7,15.1,248.0
97_3_2,97,3,2,phenylbutazone,Repeat,15 day,0,mg/kg,Control,phenylbutazone_Control_15 day,770,86,126.0,150,0.26,0.03,208,17.0,0.6,141.0,4.4,109.0,10.4,8.4,6.2,4.2,2.1,60.0,38.0,67.0,2.0,764.0,15.3,45.9,60.1,20.1,33.4,4.2,108.3,68.4,14.0,1.0,0.0,3.0,81.0,11.9,17.4,239.0
97_3_3,97,3,3,phenylbutazone,Repeat,15 day,0,mg/kg,Control,phenylbutazone_Control_15 day,701,82,144.0,165,0.34,0.03,186,18.0,0.5,141.0,4.6,107.0,10.4,8.0,6.0,3.9,1.9,55.0,27.0,88.0,0.0,648.0,14.3,42.4,65.4,22.1,33.8,5.2,113.2,118.0,10.0,0.0,0.0,8.0,83.0,11.9,16.6,212.0
97_3_4,97,3,4,phenylbutazone,Repeat,15 day,0,mg/kg,Control,phenylbutazone_Control_15 day,870,75,219.0,163,0.43,0.0,204,25.0,0.6,141.0,4.3,109.0,10.7,7.8,6.3,3.9,1.6,59.0,33.0,86.0,2.0,706.0,15.0,45.0,63.8,21.3,33.4,4.4,104.1,108.0,11.0,0.0,0.0,3.0,85.0,12.0,16.3,217.0
97_3_5,97,3,5,phenylbutazone,Repeat,15 day,0,mg/kg,Control,phenylbutazone_Control_15 day,650,71,181.0,157,0.3,0.0,198,16.0,0.5,138.0,5.2,108.0,10.6,7.2,5.9,4.0,2.1,54.0,30.0,83.0,1.0,729.0,15.3,45.1,61.8,20.9,33.9,3.9,113.3,170.0,10.0,1.0,0.0,3.0,86.0,12.2,16.5,223.0
97_4_1,97,4,1,phenylbutazone,Repeat,29 day,0,mg/kg,Control,phenylbutazone_Control_29 day,838,51,140.0,123,0.22,0.02,220,19.0,0.6,139.0,4.1,107.0,9.7,6.0,6.4,3.8,1.5,68.0,37.0,69.0,1.0,799.0,15.3,45.7,57.2,19.1,33.4,2.3,102.7,169.0,12.0,1.0,0.0,4.0,83.0,12.3,16.9,224.0
97_4_2,97,4,2,phenylbutazone,Repeat,29 day,0,mg/kg,Control,phenylbutazone_Control_29 day,701,58,145.0,122,0.34,0.0,193,20.0,0.6,141.0,4.6,109.0,9.8,6.5,6.3,4.1,1.9,56.0,26.0,91.0,2.0,822.0,15.6,45.5,55.4,18.9,34.2,1.7,127.9,121.0,8.0,1.0,0.0,5.0,86.0,11.9,15.6,227.0
97_4_3,97,4,3,phenylbutazone,Repeat,29 day,0,mg/kg,Control,phenylbutazone_Control_29 day,528,71,219.0,157,0.38,0.0,199,20.0,0.6,139.0,4.7,107.0,10.1,6.6,6.6,4.0,1.5,57.0,29.0,87.0,1.0,864.0,16.2,48.7,56.4,18.7,33.2,2.3,116.3,150.0,15.0,1.0,0.0,4.0,79.0,11.9,15.5,241.0
97_4_4,97,4,4,phenylbutazone,Repeat,29 day,0,mg/kg,Control,phenylbutazone_Control_29 day,909,58,165.0,140,0.39,0.02,195,22.0,0.6,142.0,4.5,108.0,10.2,7.3,6.4,3.7,1.4,70.0,35.0,121.0,4.0,879.0,16.0,48.0,54.6,18.2,33.4,2.3,116.7,136.0,13.0,1.0,0.0,4.0,83.0,12.2,15.8,239.0
97_4_5,97,4,5,phenylbutazone,Repeat,29 day,0,mg/kg,Control,phenylbutazone_Control_29 day,488,67,182.0,156,0.29,0.0,193,20.0,0.6,141.0,4.4,107.0,10.8,7.8,6.5,4.1,1.7,59.0,38.0,80.0,2.0,815.0,15.4,46.7,57.3,18.9,33.0,2.1,107.8,183.0,13.0,1.0,0.0,4.0,83.0,11.9,16.3,234.0
99_1_1,99,1,1,clofibrate,Repeat,4 day,0,mg/kg,Control,clofibrate_Control_4 day,935,86,137.0,169,0.14,0.09,198,13.0,0.4,139.0,4.9,102.0,10.9,7.5,5.5,3.4,1.6,65.0,39.0,173.0,1.0,620.0,13.3,37.5,60.5,21.4,35.3,5.4,143.0,81.2,24.0,1.0,0.0,4.0,70.0,11.8,20.1,224.0
99_1_2,99,1,2,clofibrate,Repeat,4 day,0,mg/kg,Control,clofibrate_Control_4 day,752,81,161.0,171,0.15,0.1,185,18.0,0.4,142.0,4.0,102.0,11.3,5.9,5.7,3.6,1.7,65.0,33.0,240.0,2.0,635.0,14.1,40.4,63.7,22.2,34.9,5.8,120.1,107.7,18.0,1.0,0.0,4.0,76.0,11.9,18.9,216.0
99_1_3,99,1,3,clofibrate,Repeat,4 day,0,mg/kg,Control,clofibrate_Control_4 day,968,77,175.0,162,0.18,0.12,204,13.0,0.4,139.0,3.8,101.0,10.9,7.0,5.4,3.4,1.7,69.0,37.0,193.0,1.0,627.0,13.5,38.3,61.1,21.5,35.1,6.1,111.3,95.7,14.0,1.0,0.0,2.0,83.0,12.4,19.9,216.0
99_1_4,99,1,4,clofibrate,Repeat,4 day,0,mg/kg,Control,clofibrate_Control_4 day,651,73,108.0,149,0.14,0.07,193,11.0,0.4,142.0,3.9,103.0,11.3,6.6,5.8,3.4,1.4,69.0,37.0,290.0,1.0,673.0,14.0,40.7,60.4,20.8,34.4,5.4,133.9,112.4,20.0,1.0,0.0,4.0,74.0,12.5,22.8,216.0
99_1_5,99,1,5,clofibrate,Repeat,4 day,0,mg/kg,Control,clofibrate_Control_4 day,1103,73,105.0,161,0.12,0.06,191,15.0,0.4,141.0,3.9,102.0,11.1,7.9,5.8,3.6,1.6,72.0,41.0,257.0,1.0,676.0,14.1,40.5,59.9,20.8,34.8,4.5,112.9,93.0,25.0,1.0,0.0,2.0,72.0,12.4,21.9,233.0
99_2_1,99,2,1,clofibrate,Repeat,8 day,0,mg/kg,Control,clofibrate_Control_8 day,1138,56,163.0,127,0.21,0.16,234,15.0,0.4,137.0,4.3,101.0,10.5,6.4,5.9,3.7,1.7,60.0,28.0,243.0,1.0,660.0,14.5,41.1,62.2,22.0,35.4,5.5,125.3,101.6,14.0,0.0,0.0,3.0,82.0,12.1,22.0,230.0
99_2_2,99,2,2,clofibrate,Repeat,8 day,0,mg/kg,Control,clofibrate_Control_8 day,812,68,91.0,126,0.15,0.1,217,21.0,0.5,139.0,3.7,101.0,10.7,8.5,5.7,3.6,1.7,60.0,31.0,204.0,1.0,642.0,14.3,40.7,63.4,22.3,35.2,5.9,124.9,123.9,7.0,1.0,0.0,2.0,90.0,12.1,20.2,255.0
99_2_3,99,2,3,clofibrate,Repeat,8 day,0,mg/kg,Control,clofibrate_Control_8 day,982,79,162.0,157,0.14,0.09,193,18.0,0.4,140.0,4.0,104.0,10.7,6.6,5.7,3.4,1.5,67.0,33.0,174.0,0.0,718.0,14.1,40.1,55.9,19.6,35.1,4.3,112.7,70.1,25.0,1.0,0.0,2.0,71.0,11.3,18.9,230.0
99_2_4,99,2,4,clofibrate,Repeat,8 day,0,mg/kg,Control,clofibrate_Control_8 day,1337,69,99.0,154,0.13,0.07,210,14.0,0.3,139.0,3.5,103.0,9.8,6.6,6.1,3.6,1.4,75.0,45.0,185.0,1.0,723.0,14.9,42.3,58.5,20.6,35.2,4.4,110.4,117.8,18.0,1.0,0.0,4.0,77.0,12.2,23.0,239.0
99_2_5,99,2,5,clofibrate,Repeat,8 day,0,mg/kg,Control,clofibrate_Control_8 day,705,79,95.0,160,0.13,0.07,212,15.0,0.4,139.0,3.5,102.0,10.8,7.7,5.8,3.6,1.6,61.0,32.0,155.0,0.0,636.0,14.3,40.7,64.0,22.5,35.1,5.2,117.6,107.1,9.0,1.0,0.0,2.0,88.0,11.3,19.6,236.0
99_3_1,99,3,1,clofibrate,Repeat,15 day,0,mg/kg,Control,clofibrate_Control_15 day,845,68,131.0,149,0.14,0.09,215,15.0,0.4,139.0,4.1,100.0,9.6,7.3,6.0,3.2,1.1,65.0,41.0,184.0,1.0,707.0,14.1,41.8,59.2,20.0,33.7,5.3,114.1,158.3,15.0,1.0,0.0,3.0,81.0,12.1,20.0,221.0
99_3_2,99,3,2,clofibrate,Repeat,15 day,0,mg/kg,Control,clofibrate_Control_15 day,1060,71,119.0,140,0.16,0.1,193,16.0,0.4,141.0,4.0,101.0,10.9,6.4,5.9,3.4,1.4,54.0,34.0,128.0,1.0,702.0,14.4,41.3,58.9,20.5,34.9,4.5,121.6,107.8,16.0,1.0,0.0,2.0,80.0,12.5,19.3,237.0
99_3_3,99,3,3,clofibrate,Repeat,15 day,0,mg/kg,Control,clofibrate_Control_15 day,762,68,108.0,139,0.13,0.06,193,16.0,0.4,141.0,3.6,103.0,10.6,7.0,5.7,3.3,1.4,75.0,42.0,159.0,0.0,689.0,14.4,41.2,59.8,20.8,34.9,4.2,112.2,118.6,20.0,1.0,0.0,3.0,75.0,12.5,18.4,210.0
99_3_4,99,3,4,clofibrate,Repeat,15 day,0,mg/kg,Control,clofibrate_Control_15 day,970,73,95.0,144,0.14,0.07,211,18.0,0.5,141.0,3.7,102.0,10.9,6.8,5.9,3.5,1.5,64.0,35.0,141.0,1.0,719.0,14.3,40.8,56.7,19.9,35.0,3.9,118.5,204.7,10.0,0.0,0.0,2.0,86.0,12.4,19.0,234.0
99_3_5,99,3,5,clofibrate,Repeat,15 day,0,mg/kg,Control,clofibrate_Control_15 day,624,91,139.0,168,0.16,0.09,235,16.0,0.4,140.0,3.6,99.0,11.1,7.3,6.0,3.4,1.3,52.0,35.0,163.0,1.0,707.0,14.2,41.1,58.1,20.1,34.5,4.2,126.3,99.8,14.0,1.0,0.0,5.0,80.0,11.9,18.4,234.0
99_4_1,99,4,1,clofibrate,Repeat,29 day,0,mg/kg,Control,clofibrate_Control_29 day,596,59,194.0,135,0.16,0.11,239,15.0,0.4,139.0,4.0,102.0,10.3,5.6,6.0,3.3,1.2,56.0,32.0,174.0,1.0,799.0,15.3,44.0,55.0,19.2,34.9,2.0,114.9,122.9,15.0,1.0,0.0,2.0,82.0,12.0,25.9,224.0
99_4_2,99,4,2,clofibrate,Repeat,29 day,0,mg/kg,Control,clofibrate_Control_29 day,527,70,68.0,146,0.12,0.05,191,12.0,0.4,140.0,4.0,103.0,10.3,5.9,6.1,3.5,1.3,48.0,30.0,99.0,1.0,787.0,15.1,42.6,54.1,19.2,35.5,1.7,115.1,91.1,15.0,1.0,0.0,3.0,80.0,11.9,20.4,215.0
99_4_3,99,4,3,clofibrate,Repeat,29 day,0,mg/kg,Control,clofibrate_Control_29 day,882,73,170.0,175,0.16,0.1,220,19.0,0.4,142.0,3.6,104.0,10.6,5.9,6.3,3.9,1.6,68.0,36.0,192.0,1.0,779.0,15.6,44.6,57.3,20.0,34.9,2.3,123.7,118.1,9.0,1.0,0.0,3.0,86.0,11.5,19.9,207.0
99_4_4,99,4,4,clofibrate,Repeat,29 day,0,mg/kg,Control,clofibrate_Control_29 day,597,56,96.0,125,0.15,0.07,198,13.0,0.4,142.0,3.7,103.0,10.2,6.5,5.8,3.5,1.5,62.0,30.0,145.0,1.0,797.0,14.7,41.7,52.4,18.4,35.2,2.4,137.3,118.6,17.0,1.0,0.0,2.0,80.0,12.3,20.0,210.0
99_4_5,99,4,5,clofibrate,Repeat,29 day,0,mg/kg,Control,clofibrate_Control_29 day,509,76,94.0,147,0.12,0.07,188,17.0,0.4,141.0,3.7,101.0,10.7,5.8,6.2,3.5,1.3,53.0,28.0,163.0,0.0,771.0,15.4,42.9,55.7,19.9,35.8,2.1,108.0,90.4,16.0,1.0,0.0,3.0,79.0,12.2,19.5,241.0
101_1_1,101,1,1,naphthyl isothiocyanate,Repeat,4 day,0,mg/kg,Control,naphthyl isothiocyanate_Control_4 day,666,76,93.0,149,0.14,0.08,238,18.0,0.5,140.0,3.7,101.0,10.4,6.1,5.4,3.4,1.7,64.0,42.0,217.0,1.0,682.0,13.6,40.3,59.1,20.0,33.8,4.7,140.1,129.7,16.0,1.0,0.0,3.0,80.0,12.3,19.5,215.0
101_1_2,101,1,2,naphthyl isothiocyanate,Repeat,4 day,0,mg/kg,Control,naphthyl isothiocyanate_Control_4 day,919,64,65.0,121,0.11,0.06,244,12.0,0.5,143.0,4.0,105.0,10.7,8.1,5.4,3.4,1.7,68.0,41.0,203.0,1.0,632.0,12.7,38.1,60.3,20.1,33.3,5.5,147.3,123.0,12.0,1.0,0.0,3.0,84.0,11.9,20.5,205.0
101_1_3,101,1,3,naphthyl isothiocyanate,Repeat,4 day,0,mg/kg,Control,naphthyl isothiocyanate_Control_4 day,1011,70,91.0,135,0.14,0.08,216,15.0,0.4,142.0,3.6,103.0,10.7,7.6,5.5,3.4,1.6,90.0,47.0,174.0,0.0,714.0,14.4,42.4,59.4,20.2,34.0,5.8,127.4,82.9,9.0,1.0,0.0,2.0,88.0,12.0,19.3,224.0
101_1_4,101,1,4,naphthyl isothiocyanate,Repeat,4 day,0,mg/kg,Control,naphthyl isothiocyanate_Control_4 day,682,83,105.0,167,0.15,0.07,189,14.0,0.4,142.0,3.4,103.0,11.0,6.7,5.5,3.5,1.8,61.0,28.0,204.0,1.0,650.0,12.9,38.6,59.4,19.9,33.6,5.2,124.1,94.5,15.0,1.0,0.0,3.0,80.0,12.0,19.6,221.0
101_1_5,101,1,5,naphthyl isothiocyanate,Repeat,4 day,0,mg/kg,Control,naphthyl isothiocyanate_Control_4 day,756,64,97.0,139,0.12,0.06,218,14.0,0.3,140.0,4.0,101.0,10.8,8.1,5.2,3.2,1.6,68.0,38.0,194.0,0.0,671.0,13.7,40.0,59.6,20.3,34.1,6.1,144.2,83.1,14.0,1.0,0.0,3.0,82.0,12.5,18.6,190.0
101_2_1,101,2,1,naphthyl isothiocyanate,Repeat,8 day,0,mg/kg,Control,naphthyl isothiocyanate_Control_8 day,880,69,130.0,144,0.17,0.1,238,16.0,0.4,140.0,3.8,101.0,10.7,6.0,5.7,3.5,1.6,65.0,34.0,210.0,1.0,641.0,14.1,41.8,65.2,21.9,33.7,6.0,121.7,160.0,16.0,1.0,0.0,2.0,80.0,12.1,19.8,215.0
101_2_2,101,2,2,naphthyl isothiocyanate,Repeat,8 day,0,mg/kg,Control,naphthyl isothiocyanate_Control_8 day,863,71,81.0,141,0.12,0.08,212,15.0,0.4,141.0,3.7,103.0,10.5,7.0,5.5,3.5,1.8,57.0,31.0,202.0,2.0,658.0,13.9,40.4,61.4,21.1,34.4,4.5,134.7,128.1,10.0,0.0,0.0,2.0,87.0,12.1,20.8,224.0
101_2_3,101,2,3,naphthyl isothiocyanate,Repeat,8 day,0,mg/kg,Control,naphthyl isothiocyanate_Control_8 day,967,78,135.0,148,0.17,0.1,209,16.0,0.4,141.0,3.5,103.0,10.6,6.5,5.8,3.6,1.6,60.0,37.0,181.0,2.0,695.0,14.7,44.0,63.3,21.1,33.4,4.5,126.8,93.1,10.0,1.0,0.0,3.0,86.0,12.1,20.0,221.0
101_2_4,101,2,4,naphthyl isothiocyanate,Repeat,8 day,0,mg/kg,Control,naphthyl isothiocyanate_Control_8 day,940,72,66.0,142,0.13,0.07,215,16.0,0.4,140.0,3.8,103.0,10.7,6.6,5.7,3.5,1.6,62.0,30.0,298.0,1.0,704.0,14.1,41.3,58.7,20.0,34.1,4.7,119.5,92.0,19.0,1.0,0.0,2.0,78.0,11.9,20.6,221.0
101_2_5,101,2,5,naphthyl isothiocyanate,Repeat,8 day,0,mg/kg,Control,naphthyl isothiocyanate_Control_8 day,1139,78,80.0,149,0.12,0.07,199,15.0,0.5,141.0,3.6,101.0,10.8,6.0,5.7,3.3,1.4,67.0,36.0,173.0,1.0,671.0,13.7,39.5,58.9,20.4,34.7,3.7,146.4,121.3,12.0,1.0,0.0,2.0,84.0,12.2,19.4,234.0
101_3_1,101,3,1,naphthyl isothiocyanate,Repeat,15 day,0,mg/kg,Control,naphthyl isothiocyanate_Control_15 day,655,79,237.0,188,0.19,0.12,242,18.0,0.4,138.0,4.0,99.0,10.9,6.0,6.1,3.6,1.4,63.0,39.0,255.0,0.0,779.0,16.1,46.5,59.6,20.6,34.6,3.9,116.3,152.2,15.0,2.0,0.0,3.0,80.0,11.7,23.6,224.0
101_3_2,101,3,2,naphthyl isothiocyanate,Repeat,15 day,0,mg/kg,Control,naphthyl isothiocyanate_Control_15 day,1036,65,90.0,140,0.13,0.07,220,14.0,0.4,140.0,3.3,101.0,10.5,6.2,6.1,3.6,1.4,61.0,35.0,170.0,2.0,708.0,14.2,41.1,58.1,20.1,34.6,3.8,118.6,105.0,17.0,1.0,0.0,3.0,78.0,12.0,19.7,215.0
101_3_3,101,3,3,naphthyl isothiocyanate,Repeat,15 day,0,mg/kg,Control,naphthyl isothiocyanate_Control_15 day,698,66,65.0,135,0.12,0.07,229,14.0,0.4,139.0,3.6,100.0,10.3,6.9,5.9,3.5,1.5,64.0,35.0,242.0,1.0,700.0,14.3,41.1,58.7,20.4,34.7,4.8,126.2,115.7,22.0,1.0,0.0,3.0,74.0,11.9,20.5,221.0
101_3_4,101,3,4,naphthyl isothiocyanate,Repeat,15 day,0,mg/kg,Control,naphthyl isothiocyanate_Control_15 day,739,66,50.0,133,0.12,0.07,220,14.0,0.4,140.0,3.4,102.0,10.3,6.1,5.7,3.4,1.5,65.0,45.0,120.0,2.0,665.0,14.5,40.5,60.9,21.7,35.7,3.9,117.3,162.5,14.0,1.0,0.0,2.0,82.0,12.3,19.3,224.0
101_3_5,101,3,5,naphthyl isothiocyanate,Repeat,15 day,0,mg/kg,Control,naphthyl isothiocyanate_Control_15 day,795,61,68.0,134,0.12,0.06,225,15.0,0.4,140.0,3.4,101.0,10.9,7.4,6.1,3.5,1.3,63.0,31.0,173.0,0.0,730.0,15.1,43.8,60.0,20.6,34.4,4.9,140.3,109.0,22.0,1.0,0.0,3.0,74.0,12.0,19.9,221.0
101_4_1,101,4,1,naphthyl isothiocyanate,Repeat,29 day,0,mg/kg,Control,naphthyl isothiocyanate_Control_29 day,707,71,111.0,142,0.14,0.07,231,18.0,0.5,141.0,4.0,102.0,10.4,5.6,6.2,3.3,1.1,63.0,42.0,132.0,1.0,780.0,15.1,43.5,55.7,19.4,34.7,2.1,105.9,189.7,13.0,1.0,0.0,2.0,84.0,11.9,21.2,234.0
101_4_2,101,4,2,naphthyl isothiocyanate,Repeat,29 day,0,mg/kg,Control,naphthyl isothiocyanate_Control_29 day,514,58,53.0,118,0.1,0.05,216,13.0,0.5,142.0,3.2,104.0,10.0,6.6,5.8,3.3,1.3,57.0,37.0,140.0,1.0,765.0,15.8,44.9,58.7,20.7,35.2,2.9,101.8,115.6,11.0,1.0,0.0,2.0,86.0,12.3,20.8,207.0
101_4_3,101,4,3,naphthyl isothiocyanate,Repeat,29 day,0,mg/kg,Control,naphthyl isothiocyanate_Control_29 day,567,88,133.0,174,0.16,0.09,231,16.0,0.5,141.0,3.5,102.0,11.1,5.0,6.7,3.8,1.3,65.0,38.0,186.0,1.0,781.0,16.1,45.2,57.9,20.7,35.7,2.0,125.9,82.4,17.0,1.0,0.0,3.0,79.0,11.8,22.6,252.0
101_4_4,101,4,4,naphthyl isothiocyanate,Repeat,29 day,0,mg/kg,Control,naphthyl isothiocyanate_Control_29 day,563,64,131.0,132,0.13,0.07,218,14.0,0.6,142.0,3.8,104.0,10.6,5.0,5.9,3.4,1.4,54.0,26.0,174.0,1.0,833.0,16.2,46.0,55.2,19.4,35.2,1.9,121.0,65.1,18.0,1.0,0.0,2.0,79.0,12.3,22.4,221.0
101_4_5,101,4,5,naphthyl isothiocyanate,Repeat,29 day,0,mg/kg,Control,naphthyl isothiocyanate_Control_29 day,786,56,64.0,115,0.12,0.06,239,18.0,0.6,140.0,4.0,102.0,10.6,6.6,6.3,3.5,1.3,71.0,37.0,175.0,1.0,843.0,15.8,46.5,55.2,18.8,34.0,2.9,91.6,143.8,11.0,1.0,0.0,3.0,85.0,12.1,19.1,227.0
103_1_1,103,1,1,allyl alcohol,Repeat,4 day,0,mg/kg,Control,allyl alcohol_Control_4 day,955,85,124.0,169,0.14,0.09,241,17.0,0.5,141.0,4.0,102.0,10.8,6.1,5.5,3.3,1.5,62.0,34.0,235.0,1.0,682.0,13.7,41.2,60.5,20.1,33.2,5.2,128.1,185.2,14.0,1.0,0.0,3.0,82.0,11.6,20.4,241.0
103_1_2,103,1,2,allyl alcohol,Repeat,4 day,0,mg/kg,Control,allyl alcohol_Control_4 day,1094,88,140.0,174,0.14,0.09,212,17.0,0.4,140.0,4.3,103.0,10.8,6.5,5.4,3.4,1.7,74.0,47.0,233.0,1.0,622.0,13.4,39.8,64.1,21.5,33.5,5.9,124.2,106.9,28.0,1.0,0.0,3.0,68.0,11.7,19.4,207.0
103_1_3,103,1,3,allyl alcohol,Repeat,4 day,0,mg/kg,Control,allyl alcohol_Control_4 day,928,64,115.0,128,0.17,0.1,224,16.0,0.4,142.0,3.8,104.0,11.0,5.4,5.6,3.4,1.5,66.0,39.0,308.0,1.0,643.0,13.7,40.3,62.8,21.3,33.9,6.2,123.4,114.0,12.0,1.0,0.0,3.0,84.0,12.0,19.0,221.0
103_1_4,103,1,4,allyl alcohol,Repeat,4 day,0,mg/kg,Control,allyl alcohol_Control_4 day,775,71,81.0,124,0.15,0.08,207,16.0,0.4,141.0,3.9,104.0,10.5,6.2,5.4,3.3,1.6,58.0,36.0,211.0,0.0,620.0,13.2,38.2,61.6,21.3,34.6,5.6,127.4,126.4,11.0,1.0,0.0,3.0,84.0,12.0,18.5,212.0
103_1_5,103,1,5,allyl alcohol,Repeat,4 day,0,mg/kg,Control,allyl alcohol_Control_4 day,1010,79,91.0,146,0.12,0.08,245,15.0,0.5,140.0,3.9,104.0,10.5,6.2,5.3,3.4,1.8,69.0,34.0,240.0,1.0,623.0,12.9,38.4,61.7,20.8,33.7,5.8,165.4,116.7,18.0,1.0,0.0,2.0,79.0,11.1,18.3,227.0
103_2_1,103,2,1,allyl alcohol,Repeat,8 day,0,mg/kg,Control,allyl alcohol_Control_8 day,707,86,164.0,163,0.17,0.1,226,19.0,0.4,139.0,4.4,100.0,10.8,7.3,5.5,3.3,1.5,53.0,31.0,144.0,1.0,660.0,13.5,39.1,59.2,20.5,34.6,4.8,146.7,131.6,17.0,1.0,0.0,3.0,79.0,11.5,19.6,221.0
103_2_2,103,2,2,allyl alcohol,Repeat,8 day,0,mg/kg,Control,allyl alcohol_Control_8 day,729,67,92.0,129,0.13,0.09,199,12.0,0.4,140.0,3.8,101.0,10.7,6.7,5.6,3.2,1.3,64.0,36.0,166.0,0.0,607.0,12.7,36.8,60.6,20.9,34.6,5.0,106.9,181.6,17.0,1.0,0.0,2.0,79.0,12.1,21.1,234.0
103_2_3,103,2,3,allyl alcohol,Repeat,8 day,0,mg/kg,Control,allyl alcohol_Control_8 day,1013,83,170.0,164,0.2,0.13,214,19.0,0.4,141.0,4.0,103.0,10.9,7.0,5.6,3.5,1.7,69.0,35.0,209.0,0.0,623.0,13.2,38.5,61.8,21.2,34.3,4.9,142.7,106.3,13.0,1.0,0.0,2.0,84.0,12.1,19.8,221.0
103_2_4,103,2,4,allyl alcohol,Repeat,8 day,0,mg/kg,Control,allyl alcohol_Control_8 day,1190,66,81.0,136,0.14,0.07,237,17.0,0.4,142.0,3.6,104.0,10.9,7.0,5.6,3.4,1.5,60.0,38.0,256.0,2.0,689.0,13.9,40.8,59.2,20.2,34.1,4.8,133.3,95.1,15.0,1.0,0.0,3.0,81.0,11.8,19.4,244.0
103_2_5,103,2,5,allyl alcohol,Repeat,8 day,0,mg/kg,Control,allyl alcohol_Control_8 day,807,68,115.0,138,0.15,0.1,222,16.0,0.4,141.0,3.5,102.0,11.0,6.4,5.8,3.6,1.6,58.0,30.0,127.0,1.0,623.0,13.4,38.8,62.3,21.5,34.6,5.5,150.2,80.8,19.0,1.0,0.0,5.0,74.0,12.1,20.1,218.0
103_3_1,103,3,1,allyl alcohol,Repeat,15 day,0,mg/kg,Control,allyl alcohol_Control_15 day,733,73,113.0,152,0.15,0.07,284,14.0,0.5,139.0,4.3,101.0,10.5,7.6,5.8,3.3,1.3,64.0,39.0,346.0,1.0,659.0,14.1,41.2,62.5,21.4,34.3,3.6,105.8,219.3,14.0,0.0,0.0,2.0,83.0,12.1,20.0,230.0
103_3_2,103,3,2,allyl alcohol,Repeat,15 day,0,mg/kg,Control,allyl alcohol_Control_15 day,720,52,122.0,126,0.14,0.1,257,19.0,0.4,140.0,4.0,103.0,10.4,6.0,5.7,3.3,1.4,56.0,34.0,270.0,2.0,711.0,13.9,40.4,56.8,19.6,34.5,3.8,134.4,129.1,20.0,2.0,0.0,4.0,74.0,12.1,20.1,227.0
103_3_3,103,3,3,allyl alcohol,Repeat,15 day,0,mg/kg,Control,allyl alcohol_Control_15 day,725,74,77.0,149,0.13,0.06,201,13.0,0.4,142.0,3.6,101.0,10.6,7.2,5.7,3.4,1.5,67.0,37.0,185.0,1.0,717.0,13.8,40.9,57.0,19.3,33.9,4.7,156.5,169.3,15.0,1.0,0.0,2.0,82.0,11.8,19.8,230.0
103_3_4,103,3,4,allyl alcohol,Repeat,15 day,0,mg/kg,Control,allyl alcohol_Control_15 day,1011,55,99.0,126,0.14,0.08,213,15.0,0.4,140.0,3.3,102.0,10.5,6.2,6.2,3.7,1.5,64.0,32.0,196.0,1.0,736.0,14.9,42.4,57.6,20.2,35.2,4.2,112.0,93.8,20.0,1.0,0.0,2.0,76.0,12.0,20.1,237.0
103_3_5,103,3,5,allyl alcohol,Repeat,15 day,0,mg/kg,Control,allyl alcohol_Control_15 day,642,90,94.0,153,0.11,0.05,215,13.0,0.4,140.0,3.2,100.0,10.5,7.4,5.8,3.2,1.2,55.0,29.0,119.0,1.0,686.0,14.1,40.2,58.6,20.6,35.1,4.4,124.9,108.4,19.0,1.0,0.0,4.0,76.0,11.9,18.8,221.0
103_4_1,103,4,1,allyl alcohol,Repeat,29 day,0,mg/kg,Control,allyl alcohol_Control_29 day,508,71,127.0,146,0.15,0.08,233,13.0,0.4,140.0,3.7,101.0,10.6,5.8,6.3,3.6,1.3,46.0,27.0,117.0,1.0,734.0,15.2,43.3,58.9,20.7,35.2,3.3,111.6,104.5,11.0,1.0,0.0,2.0,86.0,11.8,22.3,234.0
103_4_2,103,4,2,allyl alcohol,Repeat,29 day,0,mg/kg,Control,allyl alcohol_Control_29 day,559,108,127.0,192,0.16,0.09,219,19.0,0.5,142.0,3.1,102.0,10.8,6.9,6.4,3.8,1.5,54.0,42.0,193.0,1.0,825.0,16.3,47.0,57.0,19.7,34.6,2.1,97.8,78.4,15.0,0.0,0.0,3.0,82.0,11.3,21.3,215.0
103_4_3,103,4,3,allyl alcohol,Repeat,29 day,0,mg/kg,Control,allyl alcohol_Control_29 day,673,62,52.0,123,0.12,0.05,215,14.0,0.5,140.0,3.5,103.0,9.9,5.9,5.9,3.2,1.2,71.0,38.0,143.0,1.0,824.0,15.7,44.9,54.5,19.1,35.0,2.5,119.3,81.1,15.0,1.0,0.0,2.0,81.0,12.2,21.1,202.0
103_4_4,103,4,4,allyl alcohol,Repeat,29 day,0,mg/kg,Control,allyl alcohol_Control_29 day,627,62,110.0,134,0.14,0.06,238,15.0,0.5,140.0,3.2,100.0,10.7,6.2,6.1,3.4,1.3,64.0,28.0,239.0,1.0,807.0,15.2,43.9,54.4,18.8,34.6,2.9,127.3,99.7,20.0,2.0,0.0,3.0,74.0,11.8,20.6,237.0
103_4_5,103,4,5,allyl alcohol,Repeat,29 day,0,mg/kg,Control,allyl alcohol_Control_29 day,575,53,85.0,114,0.12,0.06,206,16.0,0.5,141.0,3.7,103.0,10.6,5.9,6.1,3.6,1.4,61.0,33.0,141.0,1.0,818.0,16.2,47.1,57.6,19.8,34.3,2.2,102.1,110.4,11.0,1.0,0.0,2.0,86.0,11.7,19.1,215.0
113_1_1,113,1,1,indomethacin,Repeat,4 day,0,mg/kg,Control,indomethacin_Control_4 day,1334,74,128.0,156,0.21,0.04,222,19.0,0.6,138.0,5.4,106.0,10.6,6.4,6.1,4.1,2.1,60.0,36.0,89.0,0.0,618.0,13.2,39.8,64.4,21.3,33.1,7.4,125.8,178.0,8.0,1.0,0.0,8.0,84.0,10.8,17.9,219.0
113_1_2,113,1,2,indomethacin,Repeat,4 day,0,mg/kg,Control,indomethacin_Control_4 day,1167,72,59.0,130,0.42,0.03,188,15.0,0.7,139.0,5.1,108.0,10.3,6.9,5.5,3.5,1.8,67.0,31.0,90.0,1.0,614.0,13.2,40.0,65.2,21.5,32.9,7.8,123.1,104.0,10.0,1.0,0.0,10.0,79.0,11.3,16.3,215.0
113_1_3,113,1,3,indomethacin,Repeat,4 day,0,mg/kg,Control,indomethacin_Control_4 day,918,65,81.0,131,0.41,0.02,193,14.0,0.6,139.0,4.7,105.0,10.5,7.1,5.5,3.7,2.1,57.0,34.0,82.0,2.0,621.0,12.9,38.4,61.9,20.7,33.5,7.7,114.3,120.0,13.0,1.0,0.0,6.0,81.0,11.6,16.8,195.0
113_1_4,113,1,4,indomethacin,Repeat,4 day,0,mg/kg,Control,indomethacin_Control_4 day,1228,69,63.0,138,0.52,0.03,193,13.0,0.6,141.0,4.5,109.0,10.1,7.0,5.6,3.9,2.3,58.0,32.0,105.0,1.0,615.0,13.6,41.1,66.9,22.1,33.0,8.0,113.0,78.9,12.0,1.0,0.0,5.0,82.0,11.2,17.1,200.0
113_1_5,113,1,5,indomethacin,Repeat,4 day,0,mg/kg,Control,indomethacin_Control_4 day,1127,91,103.0,167,0.3,0.04,213,16.0,0.6,141.0,4.1,107.0,11.1,9.5,5.8,4.1,2.4,58.0,33.0,110.0,1.0,658.0,14.1,42.4,64.4,21.4,33.2,7.3,133.6,105.0,8.0,0.0,0.0,11.0,81.0,11.1,16.8,230.0
113_2_1,113,2,1,indomethacin,Repeat,8 day,0,mg/kg,Control,indomethacin_Control_8 day,848,76,179.0,170,0.33,0.0,209,23.0,0.5,137.0,5.3,104.0,10.8,8.0,6.4,4.2,1.9,68.0,35.0,97.0,0.0,645.0,13.6,40.4,62.6,21.0,33.6,6.1,113.7,158.0,11.0,1.0,0.0,9.0,79.0,11.8,17.9,217.0
113_2_2,113,2,2,indomethacin,Repeat,8 day,0,mg/kg,Control,indomethacin_Control_8 day,877,65,109.0,146,0.27,0.04,188,18.0,0.6,139.0,5.0,107.0,10.8,8.0,6.1,4.1,2.1,65.0,29.0,86.0,1.0,710.0,14.6,43.4,61.2,20.6,33.7,5.0,106.0,136.0,8.0,1.0,0.0,3.0,87.0,11.5,17.0,212.0
113_2_3,113,2,3,indomethacin,Repeat,8 day,0,mg/kg,Control,indomethacin_Control_8 day,919,73,90.0,132,0.33,0.0,204,15.0,0.5,140.0,5.4,108.0,10.3,7.8,5.9,3.9,2.0,60.0,38.0,80.0,0.0,689.0,14.2,42.6,61.9,20.6,33.3,4.5,117.7,148.0,9.0,1.0,0.0,7.0,83.0,12.0,15.2,224.0
113_2_4,113,2,4,indomethacin,Repeat,8 day,0,mg/kg,Control,indomethacin_Control_8 day,728,71,118.0,144,0.36,0.02,203,19.0,0.5,139.0,4.4,108.0,10.8,8.3,6.1,3.9,1.8,65.0,34.0,106.0,1.0,680.0,14.1,43.1,63.3,20.8,32.8,6.3,93.2,115.0,7.0,1.0,0.0,8.0,84.0,12.2,16.4,227.0
113_2_5,113,2,5,indomethacin,Repeat,8 day,0,mg/kg,Control,indomethacin_Control_8 day,1255,61,138.0,132,0.38,0.0,207,17.0,0.6,140.0,5.1,107.0,11.0,9.3,6.2,4.1,2.0,58.0,29.0,118.0,1.0,651.0,14.0,42.4,65.1,21.6,33.1,6.5,100.7,74.0,15.0,1.0,0.0,7.0,77.0,11.6,15.9,238.0
113_3_1,113,3,1,indomethacin,Repeat,15 day,0,mg/kg,Control,indomethacin_Control_15 day,858,72,131.0,139,0.24,0.0,226,20.0,0.6,137.0,5.4,106.0,10.2,7.3,6.4,4.0,1.7,58.0,28.0,77.0,3.0,675.0,13.9,41.0,60.7,20.5,33.8,5.4,114.8,208.0,9.0,1.0,0.0,6.0,84.0,11.6,16.8,228.0
113_3_2,113,3,2,indomethacin,Repeat,15 day,0,mg/kg,Control,indomethacin_Control_15 day,815,73,151.0,153,0.24,0.0,177,18.0,0.6,140.0,4.6,107.0,10.2,7.9,6.1,4.2,2.2,66.0,35.0,66.0,2.0,669.0,13.9,40.9,61.1,20.7,33.9,5.2,108.2,157.0,9.0,1.0,0.0,5.0,86.0,11.4,16.9,216.0
113_3_3,113,3,3,indomethacin,Repeat,15 day,0,mg/kg,Control,indomethacin_Control_15 day,727,68,88.0,132,0.29,0.0,184,18.0,0.7,138.0,4.5,107.0,10.2,9.2,6.0,4.0,2.0,65.0,30.0,100.0,1.0,725.0,14.2,42.8,59.1,19.6,33.2,4.6,111.0,91.2,13.0,1.0,0.0,5.0,82.0,11.8,16.3,215.0
113_3_4,113,3,4,indomethacin,Repeat,15 day,0,mg/kg,Control,indomethacin_Control_15 day,685,65,157.0,150,0.29,0.04,207,23.0,0.5,137.0,4.9,104.0,10.3,8.7,6.3,3.7,1.4,58.0,31.0,81.0,1.0,695.0,13.5,40.7,58.7,19.4,33.1,5.1,100.8,162.0,13.0,0.0,0.0,3.0,84.0,11.8,16.8,240.0
113_3_5,113,3,5,indomethacin,Repeat,15 day,0,mg/kg,Control,indomethacin_Control_15 day,819,84,125.0,164,0.24,0.02,212,20.0,0.6,139.0,4.8,104.0,11.0,9.5,6.2,3.8,1.6,56.0,29.0,89.0,1.0,692.0,14.2,43.0,62.1,20.5,33.1,5.0,118.2,124.0,8.0,0.0,0.0,6.0,85.0,12.4,16.7,245.0
113_4_1,113,4,1,indomethacin,Repeat,29 day,0,mg/kg,Control,indomethacin_Control_29 day,593,70,213.0,154,0.11,0.0,191,19.0,0.6,139.0,4.6,105.0,10.6,7.0,6.7,4.3,1.8,57.0,28.0,69.0,1.0,828.0,15.4,46.0,55.5,18.6,33.4,2.6,119.8,215.0,3.0,1.0,0.0,3.0,93.0,11.7,15.5,255.0
113_4_2,113,4,2,indomethacin,Repeat,29 day,0,mg/kg,Control,indomethacin_Control_29 day,681,89,142.0,172,0.36,0.03,203,18.0,0.7,140.0,4.1,106.0,10.7,7.2,6.6,4.3,1.9,69.0,31.0,69.0,2.0,758.0,14.1,42.7,56.3,18.6,33.0,3.2,107.7,190.0,6.0,1.0,0.0,1.0,92.0,11.8,16.6,263.0
113_4_3,113,4,3,indomethacin,Repeat,29 day,0,mg/kg,Control,indomethacin_Control_29 day,515,67,172.0,145,0.35,0.03,225,19.0,0.7,140.0,3.8,108.0,10.5,7.0,6.3,4.2,2.0,50.0,25.0,66.0,2.0,798.0,14.9,44.5,55.8,18.7,33.5,2.7,113.8,117.0,9.0,1.0,0.0,6.0,84.0,11.9,13.9,247.0
113_4_4,113,4,4,indomethacin,Repeat,29 day,0,mg/kg,Control,indomethacin_Control_29 day,575,76,152.0,152,0.38,0.03,208,17.0,0.7,139.0,3.9,104.0,10.8,7.8,6.6,4.4,2.0,51.0,24.0,60.0,3.0,793.0,14.2,45.1,56.9,17.9,31.4,4.1,91.7,127.0,8.0,0.0,0.0,8.0,83.0,11.9,15.3,245.0
113_4_5,113,4,5,indomethacin,Repeat,29 day,0,mg/kg,Control,indomethacin_Control_29 day,749,96,227.0,193,0.41,0.0,205,21.0,0.6,138.0,4.3,103.0,10.8,8.3,6.8,4.5,2.0,54.0,30.0,48.0,1.0,784.0,14.6,43.9,56.0,18.6,33.2,3.4,128.3,118.0,13.0,1.0,0.0,4.0,82.0,11.6,15.4,274.0
124_1_1,124,1,1,omeprazole,Repeat,4 day,0,mg/kg,Control,omeprazole_Control_4 day,1044,61,106.0,144,0.11,0.06,262,16.0,0.5,141.0,3.6,102.0,10.5,5.8,5.4,3.1,1.3,68.0,37.0,216.0,1.0,630.0,13.4,39.4,62.5,21.3,34.0,3.9,139.7,94.0,12.0,1.0,0.0,2.0,84.0,12.1,19.2,212.0
124_1_2,124,1,2,omeprazole,Repeat,4 day,0,mg/kg,Control,omeprazole_Control_4 day,1043,63,114.0,131,0.14,0.09,234,16.0,0.4,143.0,3.6,104.0,10.8,6.3,5.6,3.5,1.7,62.0,33.0,172.0,2.0,622.0,13.2,38.5,61.9,21.2,34.3,4.9,125.0,88.0,17.0,1.0,0.0,2.0,81.0,12.1,17.4,221.0
124_1_3,124,1,3,omeprazole,Repeat,4 day,0,mg/kg,Control,omeprazole_Control_4 day,1019,70,84.0,135,0.14,0.08,223,14.0,0.4,141.0,4.0,103.0,10.5,7.2,5.4,3.3,1.6,67.0,31.0,180.0,1.0,593.0,12.4,36.4,61.3,20.9,34.1,6.0,137.5,97.0,11.0,1.0,0.0,4.0,84.0,12.3,22.2,218.0
124_1_4,124,1,4,omeprazole,Repeat,4 day,0,mg/kg,Control,omeprazole_Control_4 day,870,65,63.0,129,0.13,0.07,226,14.0,0.3,141.0,3.4,101.0,10.7,7.7,5.6,3.5,1.7,65.0,33.0,109.0,1.0,620.0,12.8,37.0,59.7,20.6,34.6,5.9,124.7,69.8,20.0,1.0,0.0,3.0,75.0,12.8,20.4,184.0
124_1_5,124,1,5,omeprazole,Repeat,4 day,0,mg/kg,Control,omeprazole_Control_4 day,825,102,91.0,183,0.1,0.05,224,16.0,0.3,142.0,3.5,101.0,10.8,8.1,5.8,3.1,1.1,70.0,39.0,137.0,1.0,618.0,13.5,38.6,62.4,21.9,35.0,6.3,115.5,107.8,14.0,2.0,0.0,4.0,80.0,11.9,18.3,218.0
124_2_1,124,2,1,omeprazole,Repeat,8 day,0,mg/kg,Control,omeprazole_Control_8 day,727,55,113.0,132,0.14,0.08,193,16.0,0.4,141.0,4.2,102.0,10.8,6.7,5.5,3.5,1.8,65.0,29.0,241.0,1.0,685.0,13.9,40.4,59.0,20.3,34.3,3.9,117.4,79.9,11.0,1.0,0.0,3.0,85.0,11.4,19.4,207.0
124_2_2,124,2,2,omeprazole,Repeat,8 day,0,mg/kg,Control,omeprazole_Control_8 day,987,106,137.0,193,0.14,0.09,205,21.0,0.4,141.0,3.8,102.0,10.7,7.1,5.6,2.9,1.1,111.0,53.0,356.0,1.0,667.0,13.8,40.5,60.7,20.8,34.2,4.4,134.6,105.9,24.0,2.0,0.0,4.0,70.0,11.7,20.6,212.0
124_2_3,124,2,3,omeprazole,Repeat,8 day,0,mg/kg,Control,omeprazole_Control_8 day,1087,78,185.0,172,0.2,0.14,194,16.0,0.4,139.0,4.4,100.0,10.9,6.9,5.7,3.5,1.6,62.0,35.0,132.0,1.0,661.0,13.8,39.5,59.7,20.9,35.0,5.0,138.0,133.3,20.0,1.0,0.0,3.0,75.0,12.0,18.0,241.0
124_2_4,124,2,4,omeprazole,Repeat,8 day,0,mg/kg,Control,omeprazole_Control_8 day,918,88,141.0,192,0.14,0.07,219,15.0,0.4,139.0,3.3,100.0,10.8,6.7,5.7,3.5,1.6,71.0,41.0,228.0,1.0,671.0,13.9,40.6,60.5,20.7,34.2,5.8,120.0,140.7,15.0,1.0,0.0,3.0,80.0,12.3,26.6,248.0
124_2_5,124,2,5,omeprazole,Repeat,8 day,0,mg/kg,Control,omeprazole_Control_8 day,825,67,147.0,153,0.12,0.07,215,16.0,0.4,140.0,3.7,100.0,11.0,9.0,6.0,3.3,1.2,60.0,39.0,172.0,0.0,664.0,14.0,40.4,60.9,21.1,34.7,4.8,111.1,160.6,11.0,0.0,0.0,2.0,86.0,11.9,19.2,224.0
124_3_1,124,3,1,omeprazole,Repeat,15 day,0,mg/kg,Control,omeprazole_Control_15 day,710,59,94.0,125,0.14,0.07,241,18.0,0.5,140.0,3.4,102.0,10.3,6.1,5.7,3.4,1.5,53.0,25.0,142.0,0.0,728.0,14.9,43.0,59.1,20.4,34.5,3.3,130.5,99.8,16.0,1.0,0.0,3.0,80.0,12.3,21.8,215.0
124_3_2,124,3,2,omeprazole,Repeat,15 day,0,mg/kg,Control,omeprazole_Control_15 day,854,71,118.0,154,0.13,0.07,226,20.0,0.5,139.0,3.4,101.0,10.6,6.8,5.9,3.4,1.4,74.0,35.0,222.0,2.0,768.0,15.0,43.9,57.1,19.6,34.3,4.3,142.0,108.2,15.0,1.0,0.0,3.0,80.0,12.2,20.2,224.0
124_3_3,124,3,3,omeprazole,Repeat,15 day,0,mg/kg,Control,omeprazole_Control_15 day,688,59,69.0,119,0.14,0.07,224,18.0,0.5,141.0,3.2,102.0,10.5,6.6,5.7,3.5,1.6,67.0,28.0,133.0,0.0,667.0,14.0,41.1,61.6,21.0,34.1,4.3,117.5,98.6,16.0,1.0,0.0,2.0,80.0,12.4,19.4,207.0
124_3_4,124,3,4,omeprazole,Repeat,15 day,0,mg/kg,Control,omeprazole_Control_15 day,666,72,119.0,144,0.15,0.1,202,14.0,0.5,140.0,3.7,103.0,10.8,6.4,5.7,3.4,1.5,57.0,29.0,187.0,2.0,674.0,14.5,41.3,61.3,21.5,35.0,4.1,125.4,65.8,17.0,1.0,0.0,3.0,77.0,12.4,18.5,221.0
124_3_5,124,3,5,omeprazole,Repeat,15 day,0,mg/kg,Control,omeprazole_Control_15 day,755,84,77.0,156,0.14,0.09,220,16.0,0.4,139.0,3.4,102.0,10.6,6.5,5.7,3.5,1.6,56.0,33.0,171.0,1.0,718.0,15.3,43.5,60.6,21.3,35.1,3.6,102.0,99.7,17.0,1.0,0.0,2.0,78.0,12.1,17.5,210.0
124_4_1,124,4,1,omeprazole,Repeat,29 day,0,mg/kg,Control,omeprazole_Control_29 day,554,78,118.0,147,0.15,0.09,224,18.0,0.6,140.0,3.6,103.0,10.8,5.4,5.7,3.3,1.4,65.0,36.0,130.0,1.0,774.0,15.5,43.8,56.5,20.0,35.4,2.2,96.2,91.3,9.0,1.0,0.0,2.0,87.0,12.3,19.6,241.0
124_4_2,124,4,2,omeprazole,Repeat,29 day,0,mg/kg,Control,omeprazole_Control_29 day,595,67,131.0,148,0.12,0.07,199,19.0,0.6,142.0,3.7,103.0,10.9,5.4,6.2,3.5,1.3,63.0,33.0,168.0,1.0,773.0,14.6,42.4,54.9,18.9,34.4,2.3,117.3,108.7,13.0,1.0,0.0,2.0,83.0,11.8,20.8,224.0
124_4_3,124,4,3,omeprazole,Repeat,29 day,0,mg/kg,Control,omeprazole_Control_29 day,526,79,78.0,148,0.14,0.08,239,16.0,0.5,142.0,3.4,103.0,10.8,6.1,6.3,3.7,1.4,72.0,37.0,114.0,0.0,853.0,16.9,48.8,57.2,19.8,34.6,1.9,101.4,99.0,14.0,1.0,0.0,2.0,83.0,12.3,21.9,221.0
124_4_4,124,4,4,omeprazole,Repeat,29 day,0,mg/kg,Control,omeprazole_Control_29 day,633,57,112.0,127,0.14,0.09,226,15.0,0.5,142.0,3.5,103.0,10.5,5.5,6.0,3.4,1.3,62.0,25.0,156.0,1.0,849.0,16.0,46.0,54.2,18.9,34.8,2.3,126.3,112.4,11.0,1.0,0.0,2.0,86.0,13.1,20.6,224.0
124_4_5,124,4,5,omeprazole,Repeat,29 day,0,mg/kg,Control,omeprazole_Control_29 day,607,58,85.0,119,0.12,0.06,289,15.0,0.5,140.0,4.6,101.0,10.5,6.5,5.9,3.1,1.1,62.0,31.0,146.0,1.0,775.0,15.2,43.9,56.6,19.6,34.6,2.5,112.0,101.9,18.0,1.0,0.0,2.0,77.0,12.6,21.5,234.0
126_1_1,126,1,1,ethionine,Repeat,4 day,0,mg/kg,Control,ethionine_Control_4 day,755,68,156.0,156,0.17,0.11,233,16.0,0.4,140.0,4.0,100.0,10.9,6.9,5.6,3.5,1.7,57.0,40.0,165.0,1.0,602.0,13.1,37.7,62.6,21.7,34.6,5.0,119.8,86.5,16.0,1.0,0.0,4.0,78.0,11.4,20.9,234.0
126_1_2,126,1,2,ethionine,Repeat,4 day,0,mg/kg,Control,ethionine_Control_4 day,812,88,93.0,161,0.14,0.08,207,13.0,0.3,140.0,3.9,101.0,10.8,7.9,5.4,3.4,1.7,71.0,31.0,178.0,1.0,675.0,13.5,40.2,59.5,20.1,33.7,6.3,123.6,155.0,15.0,1.0,0.0,3.0,80.0,11.6,18.7,227.0
126_1_3,126,1,3,ethionine,Repeat,4 day,0,mg/kg,Control,ethionine_Control_4 day,955,68,83.0,142,0.15,0.07,207,12.0,0.4,142.0,3.6,102.0,10.7,8.4,5.6,3.5,1.7,76.0,33.0,158.0,1.0,621.0,13.1,38.2,61.6,21.1,34.3,5.2,131.3,109.2,12.0,1.0,0.0,1.0,86.0,12.1,23.2,212.0
126_1_4,126,1,4,ethionine,Repeat,4 day,0,mg/kg,Control,ethionine_Control_4 day,1188,74,64.0,144,0.13,0.07,208,14.0,0.4,140.0,4.3,101.0,10.7,8.0,5.5,3.3,1.5,72.0,42.0,226.0,2.0,594.0,12.2,36.9,62.1,20.6,33.2,5.9,98.8,84.7,22.0,1.0,0.0,4.0,72.0,12.7,18.0,227.0
126_1_5,126,1,5,ethionine,Repeat,4 day,0,mg/kg,Control,ethionine_Control_4 day,1178,72,100.0,142,0.13,0.07,196,14.0,0.3,140.0,3.9,101.0,10.8,8.0,5.6,3.3,1.4,64.0,32.0,147.0,0.0,616.0,13.2,38.6,62.7,21.5,34.3,7.0,157.5,130.1,21.0,1.0,0.0,3.0,75.0,12.2,18.3,234.0
126_2_1,126,2,1,ethionine,Repeat,8 day,0,mg/kg,Control,ethionine_Control_8 day,1036,71,132.0,154,0.16,0.09,213,18.0,0.4,141.0,3.8,102.0,10.5,8.1,5.7,3.6,1.7,56.0,27.0,132.0,0.0,665.0,14.2,42.0,63.1,21.4,33.9,5.6,115.4,83.1,16.0,1.0,0.0,2.0,79.0,11.9,21.1,218.0
126_2_2,126,2,2,ethionine,Repeat,8 day,0,mg/kg,Control,ethionine_Control_8 day,960,69,212.0,161,0.19,0.12,210,17.0,0.4,140.0,3.5,102.0,10.5,6.8,6.0,3.7,1.6,63.0,38.0,140.0,0.0,663.0,13.8,39.9,60.2,20.8,34.5,5.7,124.3,180.9,18.0,1.0,0.0,3.0,77.0,12.0,20.8,227.0
126_2_3,126,2,3,ethionine,Repeat,8 day,0,mg/kg,Control,ethionine_Control_8 day,703,77,86.0,149,0.12,0.07,179,14.0,0.4,141.0,4.0,104.0,10.8,7.1,5.6,3.4,1.5,65.0,32.0,162.0,2.0,667.0,14.0,40.9,61.3,21.0,34.2,5.6,137.1,108.4,22.0,1.0,0.0,4.0,72.0,12.3,20.5,230.0
126_2_4,126,2,4,ethionine,Repeat,8 day,0,mg/kg,Control,ethionine_Control_8 day,868,72,111.0,158,0.15,0.09,194,15.0,0.4,141.0,3.9,104.0,10.9,8.1,5.8,3.5,1.5,66.0,47.0,259.0,1.0,673.0,14.2,42.0,62.3,21.1,33.8,5.7,123.7,88.8,13.0,1.0,0.0,3.0,84.0,12.0,20.4,224.0
126_2_5,126,2,5,ethionine,Repeat,8 day,0,mg/kg,Control,ethionine_Control_8 day,804,64,118.0,143,0.14,0.09,194,20.0,0.4,140.0,3.6,104.0,10.6,7.7,5.7,3.2,1.3,61.0,29.0,176.0,1.0,662.0,13.9,41.0,62.0,21.0,33.8,5.2,116.2,164.4,14.0,0.0,0.0,2.0,83.0,12.1,19.6,215.0
126_3_1,126,3,1,ethionine,Repeat,15 day,0,mg/kg,Control,ethionine_Control_15 day,833,81,165.0,161,0.18,0.12,265,17.0,0.5,140.0,3.5,101.0,10.7,7.4,6.1,3.6,1.4,60.0,34.0,139.0,1.0,721.0,15.0,43.6,60.5,20.9,34.5,3.6,126.3,115.7,18.0,1.0,0.0,2.0,79.0,11.6,19.6,221.0
126_3_2,126,3,2,ethionine,Repeat,15 day,0,mg/kg,Control,ethionine_Control_15 day,740,64,107.0,131,0.14,0.07,281,15.0,0.5,141.0,3.2,102.0,10.5,7.7,5.8,3.5,1.5,65.0,37.0,174.0,0.0,685.0,13.8,41.0,59.8,20.1,33.6,4.2,99.2,148.3,16.0,1.0,0.0,2.0,79.0,12.2,18.7,215.0
126_3_3,126,3,3,ethionine,Repeat,15 day,0,mg/kg,Control,ethionine_Control_15 day,721,65,96.0,138,0.12,0.07,205,16.0,0.4,142.0,3.4,104.0,10.3,7.1,5.6,3.4,1.5,57.0,34.0,161.0,1.0,726.0,15.3,43.8,60.4,21.1,34.8,3.5,105.8,78.8,17.0,1.0,0.0,1.0,81.0,12.0,18.4,210.0
126_3_4,126,3,4,ethionine,Repeat,15 day,0,mg/kg,Control,ethionine_Control_15 day,664,69,124.0,145,0.14,0.08,224,15.0,0.4,141.0,3.4,102.0,10.7,7.8,5.8,3.4,1.4,55.0,33.0,225.0,1.0,733.0,14.1,40.8,55.7,19.2,34.5,3.8,121.5,124.1,12.0,1.0,0.0,3.0,84.0,11.5,19.5,215.0
126_3_5,126,3,5,ethionine,Repeat,15 day,0,mg/kg,Control,ethionine_Control_15 day,754,71,134.0,148,0.14,0.07,229,17.0,0.4,141.0,3.5,103.0,10.7,8.0,5.6,3.4,1.5,66.0,36.0,187.0,1.0,709.0,14.4,41.3,58.3,20.4,34.9,3.8,119.8,100.4,31.0,1.0,0.0,4.0,63.0,12.0,18.5,207.0
126_4_1,126,4,1,ethionine,Repeat,29 day,0,mg/kg,Control,ethionine_Control_29 day,598,59,173.0,135,0.22,0.17,258,22.0,0.5,140.0,3.9,102.0,10.3,7.9,5.9,3.4,1.4,70.0,30.0,223.0,1.0,753.0,14.7,42.6,56.6,19.5,34.4,2.1,119.0,118.4,21.0,1.0,0.0,3.0,74.0,12.2,21.2,212.0
126_4_2,126,4,2,ethionine,Repeat,29 day,0,mg/kg,Control,ethionine_Control_29 day,435,84,119.0,156,0.13,0.09,245,18.0,0.5,142.0,3.7,103.0,10.3,7.5,6.1,3.4,1.3,49.0,26.0,211.0,0.0,746.0,14.3,40.4,54.2,19.1,35.3,2.7,116.8,117.5,13.0,1.0,0.0,2.0,83.0,12.5,21.6,215.0
126_4_3,126,4,3,ethionine,Repeat,29 day,0,mg/kg,Control,ethionine_Control_29 day,428,72,98.0,140,0.13,0.09,221,19.0,0.5,141.0,3.7,102.0,10.4,7.6,6.1,3.3,1.2,71.0,33.0,205.0,1.0,802.0,15.7,44.2,55.1,19.5,35.4,2.1,111.2,118.7,12.0,1.0,0.0,2.0,84.0,12.3,20.3,212.0
126_4_4,126,4,4,ethionine,Repeat,29 day,0,mg/kg,Control,ethionine_Control_29 day,515,70,84.0,139,0.12,0.08,224,14.0,0.5,142.0,3.8,104.0,10.3,6.3,6.1,3.3,1.2,75.0,34.0,240.0,0.0,805.0,16.1,45.9,57.0,20.0,35.1,2.1,114.6,89.0,14.0,1.0,0.0,1.0,83.0,12.5,19.9,234.0
126_4_5,126,4,5,ethionine,Repeat,29 day,0,mg/kg,Control,ethionine_Control_29 day,555,75,102.0,159,0.15,0.09,217,21.0,0.6,141.0,3.7,104.0,10.6,6.2,6.3,3.7,1.4,61.0,38.0,239.0,2.0,786.0,15.8,44.6,56.8,20.1,35.4,2.2,104.8,81.0,24.0,1.0,0.0,2.0,72.0,12.4,19.5,207.0
128_1_1,128,1,1,aspirin,Repeat,4 day,0,mg/kg,Control,aspirin_Control_4 day,1093,78,82.0,152,0.14,0.09,222,15.0,0.4,140.0,3.9,100.0,10.6,7.9,5.8,3.5,1.5,70.0,39.0,187.0,1.0,610.0,13.4,38.6,63.3,22.0,34.8,6.1,131.3,116.4,9.0,1.0,0.0,2.0,87.0,11.6,19.3,221.0
128_1_2,128,1,2,aspirin,Repeat,4 day,0,mg/kg,Control,aspirin_Control_4 day,1122,82,174.0,171,0.15,0.1,225,16.0,0.4,139.0,3.8,101.0,10.7,6.3,5.6,3.2,1.3,58.0,27.0,255.0,1.0,602.0,12.7,37.3,61.9,21.1,34.1,6.0,127.4,101.1,15.0,1.0,0.0,3.0,80.0,12.0,19.7,207.0
128_1_3,128,1,3,aspirin,Repeat,4 day,0,mg/kg,Control,aspirin_Control_4 day,913,82,108.0,159,0.12,0.07,185,16.0,0.4,141.0,4.3,103.0,10.7,7.1,5.8,3.2,1.2,62.0,28.0,203.0,1.0,626.0,13.4,39.3,62.8,21.4,34.0,6.0,118.0,72.1,16.0,1.0,0.0,3.0,79.0,12.0,20.6,218.0
128_1_4,128,1,4,aspirin,Repeat,4 day,0,mg/kg,Control,aspirin_Control_4 day,907,70,70.0,135,0.12,0.07,185,13.0,0.4,140.0,3.8,103.0,10.8,7.2,5.8,3.4,1.4,65.0,28.0,244.0,1.0,609.0,12.9,37.8,62.1,21.3,34.2,5.8,113.1,66.4,14.0,1.0,0.0,2.0,81.0,12.4,18.6,227.0
128_1_5,128,1,5,aspirin,Repeat,4 day,0,mg/kg,Control,aspirin_Control_4 day,817,61,62.0,127,0.13,0.08,199,14.0,0.3,142.0,3.8,104.0,11.1,7.2,5.6,3.5,1.7,111.0,56.0,226.0,1.0,653.0,13.3,39.3,60.2,20.4,33.9,5.6,116.9,136.7,13.0,1.0,0.0,2.0,83.0,12.2,18.2,210.0
128_2_1,128,2,1,aspirin,Repeat,8 day,0,mg/kg,Control,aspirin_Control_8 day,706,55,80.0,116,0.15,0.1,212,16.0,0.4,142.0,3.8,103.0,10.5,8.0,5.3,3.4,1.8,58.0,26.0,155.0,0.0,689.0,14.0,41.7,60.6,20.4,33.6,4.9,129.2,91.1,10.0,1.0,0.0,2.0,87.0,12.6,23.6,197.0
128_2_2,128,2,2,aspirin,Repeat,8 day,0,mg/kg,Control,aspirin_Control_8 day,1043,87,157.0,168,0.19,0.14,228,16.0,0.4,140.0,3.5,100.0,10.6,8.0,5.7,3.5,1.6,62.0,29.0,174.0,1.0,603.0,12.9,37.3,61.7,21.4,34.6,5.8,146.6,184.2,16.0,1.0,0.0,2.0,81.0,11.9,19.7,221.0
128_2_3,128,2,3,aspirin,Repeat,8 day,0,mg/kg,Control,aspirin_Control_8 day,765,61,117.0,136,0.14,0.09,200,16.0,0.4,140.0,3.6,102.0,10.8,6.9,5.6,3.6,1.8,57.0,26.0,147.0,1.0,672.0,14.1,41.5,61.8,20.9,33.8,4.2,137.1,130.4,10.0,1.0,0.0,2.0,86.0,12.3,21.7,207.0
128_2_4,128,2,4,aspirin,Repeat,8 day,0,mg/kg,Control,aspirin_Control_8 day,759,70,76.0,141,0.11,0.06,200,15.0,0.4,141.0,3.8,104.0,10.7,8.1,5.5,3.0,1.2,57.0,35.0,216.0,1.0,638.0,13.5,40.0,62.6,21.2,33.8,4.9,111.8,149.7,9.0,1.0,0.0,2.0,88.0,12.5,22.0,221.0
128_2_5,128,2,5,aspirin,Repeat,8 day,0,mg/kg,Control,aspirin_Control_8 day,949,59,71.0,126,0.14,0.09,214,16.0,0.4,142.0,3.5,103.0,10.8,7.2,5.5,3.4,1.6,62.0,30.0,199.0,0.0,640.0,13.9,40.8,63.8,21.7,34.1,6.6,117.5,121.9,10.0,1.0,0.0,2.0,86.0,12.5,19.0,210.0
128_3_1,128,3,1,aspirin,Repeat,15 day,0,mg/kg,Control,aspirin_Control_15 day,598,68,182.0,155,0.16,0.11,215,17.0,0.5,140.0,4.0,102.0,10.6,6.9,5.7,3.1,1.2,55.0,30.0,164.0,1.0,651.0,14.1,40.6,62.4,21.6,34.7,3.6,109.9,181.8,9.0,1.0,0.0,2.0,87.0,12.2,20.3,210.0
128_3_2,128,3,2,aspirin,Repeat,15 day,0,mg/kg,Control,aspirin_Control_15 day,755,69,132.0,144,0.14,0.1,190,18.0,0.4,142.0,3.9,105.0,10.8,6.5,5.8,3.4,1.4,49.0,34.0,187.0,1.0,682.0,14.1,39.7,58.2,20.6,35.4,2.8,112.4,161.6,13.0,0.0,0.0,2.0,84.0,12.0,19.8,234.0
128_3_3,128,3,3,aspirin,Repeat,15 day,0,mg/kg,Control,aspirin_Control_15 day,795,70,157.0,158,0.17,0.13,184,17.0,0.4,141.0,3.9,103.0,10.9,7.6,5.9,3.6,1.6,62.0,32.0,259.0,1.0,668.0,14.0,39.9,59.7,21.0,35.1,4.1,106.2,99.2,15.0,1.0,0.0,2.0,80.0,12.3,22.6,221.0
128_3_4,128,3,4,aspirin,Repeat,15 day,0,mg/kg,Control,aspirin_Control_15 day,858,66,201.0,155,0.17,0.13,180,21.0,0.4,141.0,3.9,103.0,10.8,7.5,5.7,3.3,1.4,66.0,35.0,245.0,1.0,684.0,14.2,40.6,59.3,20.7,34.9,3.6,140.1,96.1,16.0,1.0,0.0,2.0,81.0,11.9,19.7,212.0
128_3_5,128,3,5,aspirin,Repeat,15 day,0,mg/kg,Control,aspirin_Control_15 day,628,66,92.0,144,0.1,0.06,199,16.0,0.5,141.0,3.7,102.0,10.7,7.5,5.8,3.2,1.2,79.0,36.0,246.0,1.0,723.0,14.5,42.3,58.5,20.0,34.2,2.7,112.0,133.6,14.0,1.0,0.0,2.0,81.0,12.7,18.4,207.0
128_4_1,128,4,1,aspirin,Repeat,29 day,0,mg/kg,Control,aspirin_Control_29 day,616,70,104.0,142,0.18,0.12,210,20.0,0.5,139.0,3.8,101.0,10.3,6.1,6.1,3.7,1.5,71.0,42.0,153.0,1.0,793.0,16.0,45.0,56.7,20.2,35.6,1.6,111.4,151.7,10.0,1.0,0.0,1.0,86.0,12.3,22.9,207.0
128_4_2,128,4,2,aspirin,Repeat,29 day,0,mg/kg,Control,aspirin_Control_29 day,531,46,61.0,92,0.14,0.08,221,13.0,0.5,142.0,3.6,103.0,9.8,6.4,5.5,3.0,1.2,64.0,31.0,125.0,1.0,790.0,15.1,44.1,55.9,19.1,34.2,1.4,103.1,87.2,18.0,1.0,0.0,2.0,79.0,13.2,20.3,200.0
128_4_3,128,4,3,aspirin,Repeat,29 day,0,mg/kg,Control,aspirin_Control_29 day,656,60,117.0,125,0.15,0.09,230,17.0,0.5,143.0,3.8,105.0,10.0,7.1,6.0,3.4,1.3,56.0,27.0,193.0,1.0,832.0,16.0,46.8,56.2,19.2,34.2,2.1,118.5,104.9,14.0,1.0,0.0,2.0,81.0,12.7,21.8,202.0
128_4_4,128,4,4,aspirin,Repeat,29 day,0,mg/kg,Control,aspirin_Control_29 day,564,81,124.0,151,0.14,0.09,193,15.0,0.4,141.0,3.5,104.0,10.2,6.2,6.2,3.2,1.1,54.0,33.0,140.0,2.0,802.0,15.7,45.9,57.2,19.5,34.1,2.3,121.5,107.6,13.0,1.0,0.0,3.0,82.0,12.5,21.3,221.0
128_4_5,128,4,5,aspirin,Repeat,29 day,0,mg/kg,Control,aspirin_Control_29 day,660,70,152.0,152,0.18,0.12,211,20.0,0.5,140.0,3.9,103.0,10.4,5.9,6.2,3.5,1.3,59.0,33.0,139.0,1.0,860.0,15.7,44.7,52.0,18.3,35.2,1.7,128.8,93.5,14.0,1.0,0.0,2.0,81.0,12.2,21.3,224.0
147_1_1,147,1,1,carbamazepine,Repeat,4 day,0,mg/kg,Control,carbamazepine_Control_4 day,896,79,100.0,165,0.13,0.08,222,16.0,0.5,139.0,4.0,101.0,10.9,7.1,5.6,3.3,1.4,62.0,40.0,122.0,1.0,613.0,13.1,38.2,62.3,21.4,34.3,5.2,129.0,120.1,24.0,1.0,0.0,3.0,72.0,11.6,18.7,218.0
147_1_2,147,1,2,carbamazepine,Repeat,4 day,0,mg/kg,Control,carbamazepine_Control_4 day,655,65,66.0,137,0.11,0.06,229,17.0,0.4,140.0,4.0,103.0,10.6,7.7,5.8,3.4,1.4,68.0,39.0,188.0,0.0,668.0,13.9,41.5,62.1,20.8,33.5,5.2,111.2,99.7,14.0,1.0,0.0,3.0,80.0,11.9,19.8,207.0
147_1_3,147,1,3,carbamazepine,Repeat,4 day,0,mg/kg,Control,carbamazepine_Control_4 day,1345,53,102.0,117,0.16,0.1,189,15.0,0.4,140.0,3.7,103.0,10.4,7.3,5.1,3.0,1.4,99.0,46.0,162.0,1.0,646.0,13.8,40.4,62.5,21.3,34.0,4.9,133.1,77.0,19.0,1.0,0.0,5.0,75.0,12.7,17.5,197.0
147_1_4,147,1,4,carbamazepine,Repeat,4 day,0,mg/kg,Control,carbamazepine_Control_4 day,875,64,95.0,143,0.13,0.07,222,16.0,0.4,141.0,3.5,104.0,10.7,7.5,5.6,3.5,1.7,83.0,38.0,223.0,1.0,641.0,13.5,40.6,63.3,21.1,33.3,5.2,114.5,79.5,13.0,1.0,0.0,5.0,80.0,12.7,20.1,210.0
147_1_5,147,1,5,carbamazepine,Repeat,4 day,0,mg/kg,Control,carbamazepine_Control_4 day,1341,73,115.0,158,0.15,0.09,207,14.0,0.3,142.0,3.7,101.0,11.1,9.3,5.7,3.3,1.4,73.0,44.0,199.0,1.0,676.0,13.7,40.1,59.4,20.3,34.2,4.0,128.0,101.9,8.0,1.0,0.0,2.0,88.0,12.8,19.4,237.0
147_2_1,147,2,1,carbamazepine,Repeat,8 day,0,mg/kg,Control,carbamazepine_Control_8 day,968,88,142.0,175,0.14,0.09,234,17.0,0.5,140.0,3.7,102.0,10.5,6.5,5.6,3.3,1.4,67.0,32.0,174.0,1.0,653.0,13.7,40.2,61.6,21.0,34.1,5.0,112.4,100.5,14.0,1.0,0.0,2.0,83.0,11.2,20.8,241.0
147_2_2,147,2,2,carbamazepine,Repeat,8 day,0,mg/kg,Control,carbamazepine_Control_8 day,1028,76,145.0,157,0.15,0.1,220,18.0,0.4,142.0,3.4,104.0,10.3,7.6,5.7,3.2,1.3,85.0,43.0,294.0,1.0,641.0,13.6,39.9,62.3,21.2,34.1,3.8,105.6,91.7,14.0,1.0,0.0,3.0,80.0,12.2,23.1,224.0
147_2_3,147,2,3,carbamazepine,Repeat,8 day,0,mg/kg,Control,carbamazepine_Control_8 day,1241,59,123.0,143,0.15,0.1,206,18.0,0.4,140.0,4.0,102.0,10.4,6.9,5.6,3.5,1.7,73.0,37.0,209.0,0.0,662.0,13.8,39.5,59.6,20.8,35.0,3.6,142.3,66.7,9.0,1.0,0.0,2.0,87.0,11.9,20.1,202.0
147_2_4,147,2,4,carbamazepine,Repeat,8 day,0,mg/kg,Control,carbamazepine_Control_8 day,871,62,112.0,141,0.16,0.11,205,16.0,0.4,141.0,4.1,104.0,10.7,8.1,5.9,3.6,1.6,65.0,35.0,206.0,1.0,738.0,15.1,43.9,59.5,20.5,34.4,2.7,115.5,95.5,12.0,1.0,0.0,2.0,84.0,12.2,20.6,224.0
147_2_5,147,2,5,carbamazepine,Repeat,8 day,0,mg/kg,Control,carbamazepine_Control_8 day,857,90,151.0,177,0.16,0.11,226,15.0,0.4,140.0,3.6,100.0,10.7,8.4,6.3,3.7,1.4,80.0,41.0,210.0,2.0,678.0,13.9,40.4,59.6,20.5,34.5,3.9,137.1,100.2,23.0,1.0,0.0,3.0,71.0,11.8,21.5,224.0
147_3_1,147,3,1,carbamazepine,Repeat,15 day,0,mg/kg,Control,carbamazepine_Control_15 day,940,91,240.0,193,0.23,0.17,226,18.9,0.5,140.0,4.1,100.0,10.8,6.9,5.9,3.4,1.4,62.0,33.0,155.0,1.0,645.0,13.6,39.6,61.3,21.1,34.4,4.9,131.8,113.7,12.0,1.0,0.0,3.0,84.0,12.6,31.6,215.0
147_3_2,147,3,2,carbamazepine,Repeat,15 day,0,mg/kg,Control,carbamazepine_Control_15 day,738,75,85.0,134,0.23,0.12,203,17.0,0.5,142.0,3.4,103.0,10.8,6.7,6.1,3.7,1.5,70.0,35.0,194.0,1.0,718.0,14.4,42.0,58.5,20.1,34.3,4.0,130.3,125.1,12.0,1.0,0.0,3.0,83.0,11.8,20.0,234.0
147_3_3,147,3,3,carbamazepine,Repeat,15 day,0,mg/kg,Control,carbamazepine_Control_15 day,778,71,137.0,150,0.19,0.12,209,17.2,0.4,143.0,3.9,104.0,10.9,7.1,5.8,3.5,1.5,65.0,40.0,236.0,1.0,726.0,14.6,42.0,57.9,20.2,34.8,4.3,134.2,170.0,12.0,1.0,0.0,2.0,83.0,12.2,18.9,218.0
147_3_4,147,3,4,carbamazepine,Repeat,15 day,0,mg/kg,Control,carbamazepine_Control_15 day,912,59,99.0,134,0.16,0.1,186,16.9,0.4,142.0,3.7,103.0,10.4,6.9,5.7,3.2,1.3,67.0,40.0,259.0,1.0,685.0,14.4,41.2,60.1,21.0,35.0,4.3,134.2,111.2,15.0,1.0,0.0,3.0,80.0,12.2,19.7,207.0
147_3_5,147,3,5,carbamazepine,Repeat,15 day,0,mg/kg,Control,carbamazepine_Control_15 day,718,77,52.0,146,0.14,0.07,213,13.3,0.5,141.0,4.1,102.0,10.6,7.6,5.9,3.6,1.6,56.0,32.0,179.0,1.0,728.0,15.4,43.8,60.1,21.1,35.2,3.3,114.4,84.2,15.0,1.0,0.0,2.0,81.0,12.0,20.0,221.0
147_4_1,147,4,1,carbamazepine,Repeat,29 day,0,mg/kg,Control,carbamazepine_Control_29 day,581,69,185.0,149,0.19,0.14,242,21.0,0.5,140.0,3.3,100.0,10.4,6.6,6.2,3.5,1.3,69.0,35.0,302.0,1.0,752.0,14.7,42.5,56.5,19.5,34.6,2.6,106.2,103.1,13.0,1.0,0.0,2.0,83.0,12.2,21.4,207.0
147_4_2,147,4,2,carbamazepine,Repeat,29 day,0,mg/kg,Control,carbamazepine_Control_29 day,959,53,145.0,124,0.17,0.13,214,19.0,0.5,142.0,3.5,104.0,10.0,6.4,6.0,3.3,1.2,82.0,42.0,137.0,1.0,772.0,16.0,45.5,59.0,20.7,35.0,2.6,118.8,118.6,17.0,1.0,0.0,3.0,78.0,12.5,20.0,205.0
147_4_3,147,4,3,carbamazepine,Repeat,29 day,0,mg/kg,Control,carbamazepine_Control_29 day,787,76,159.0,167,0.18,0.13,214,19.0,0.4,141.0,3.6,101.0,10.7,6.2,6.5,3.5,1.2,63.0,35.0,199.0,1.0,790.0,15.4,42.9,54.3,19.5,35.9,2.4,109.3,115.2,17.0,1.0,0.0,3.0,78.0,12.1,19.5,221.0
147_4_4,147,4,4,carbamazepine,Repeat,29 day,0,mg/kg,Control,carbamazepine_Control_29 day,830,90,88.0,170,0.12,0.08,229,17.0,0.5,141.0,3.3,103.0,10.4,7.1,6.3,3.3,1.1,64.0,35.0,190.0,2.0,744.0,15.2,42.8,57.5,20.4,35.5,2.3,108.8,90.7,12.0,2.0,0.0,2.0,83.0,11.9,20.9,210.0
147_4_5,147,4,5,carbamazepine,Repeat,29 day,0,mg/kg,Control,carbamazepine_Control_29 day,541,62,79.0,129,0.14,0.08,225,14.0,0.4,141.0,3.4,102.0,10.1,7.4,5.8,3.6,1.6,63.0,30.0,85.0,1.0,752.0,15.2,42.7,56.8,20.2,35.6,2.1,115.8,100.6,14.0,1.0,0.0,2.0,83.0,12.2,20.4,221.0
149_1_1,149,1,1,diclofenac,Repeat,4 day,0,mg/kg,Control,diclofenac_Control_4 day,1174,54,212.0,154,0.17,0.12,208,17.0,0.4,140.0,4.6,101.0,10.4,7.6,5.4,3.4,1.7,73.0,37.0,148.0,2.0,615.0,13.1,37.1,60.4,21.3,35.3,5.1,118.4,135.5,21.0,1.0,0.0,2.0,76.0,11.9,20.8,210.0
149_1_2,149,1,2,diclofenac,Repeat,4 day,0,mg/kg,Control,diclofenac_Control_4 day,1106,79,118.0,157,0.14,0.09,186,14.0,0.3,141.0,4.3,102.0,10.7,8.9,5.4,3.3,1.6,61.0,36.0,175.0,1.0,635.0,13.8,40.4,63.7,21.8,34.2,5.4,131.1,111.8,8.0,1.0,0.0,3.0,86.0,11.4,18.1,210.0
149_1_3,149,1,3,diclofenac,Repeat,4 day,0,mg/kg,Control,diclofenac_Control_4 day,978,73,118.0,158,0.14,0.09,178,15.0,0.4,142.0,3.9,103.0,11.2,6.8,6.0,3.6,1.5,68.0,42.0,161.0,1.0,623.0,13.0,38.2,61.2,20.9,34.1,3.8,118.4,71.4,33.0,1.0,0.0,3.0,63.0,11.5,20.9,241.0
149_1_4,149,1,4,diclofenac,Repeat,4 day,0,mg/kg,Control,diclofenac_Control_4 day,762,76,102.0,156,0.15,0.11,192,14.0,0.3,141.0,4.2,102.0,10.5,7.9,5.7,3.5,1.6,57.0,32.0,201.0,1.0,651.0,13.6,39.2,60.3,20.9,34.6,4.2,117.6,90.6,24.0,1.0,0.0,3.0,72.0,11.7,20.1,218.0
149_1_5,149,1,5,diclofenac,Repeat,4 day,0,mg/kg,Control,diclofenac_Control_4 day,854,88,155.0,178,0.16,0.11,201,18.0,0.4,141.0,4.5,102.0,10.7,7.9,5.7,3.5,1.6,66.0,34.0,134.0,1.0,609.0,13.4,39.0,64.1,22.0,34.4,6.0,114.8,117.7,19.0,1.0,0.0,3.0,76.0,11.3,19.1,234.0
149_2_1,149,2,1,diclofenac,Repeat,8 day,0,mg/kg,Control,diclofenac_Control_8 day,961,97,150.0,192,0.16,0.11,239,17.0,0.5,138.0,4.5,99.0,10.4,7.6,5.9,3.6,1.6,63.0,37.0,208.0,1.0,636.0,13.5,38.7,60.8,21.3,35.0,4.6,122.0,111.1,12.0,1.0,0.0,3.0,83.0,11.6,21.4,248.0
149_2_2,149,2,2,diclofenac,Repeat,8 day,0,mg/kg,Control,diclofenac_Control_8 day,731,65,172.0,144,0.17,0.13,198,17.0,0.4,142.0,3.9,105.0,10.9,6.8,5.8,3.3,1.3,62.0,34.0,185.0,0.0,668.0,14.2,41.2,61.7,21.3,34.4,4.1,138.9,125.2,9.0,1.0,0.0,3.0,87.0,12.6,23.7,212.0
149_2_3,149,2,3,diclofenac,Repeat,8 day,0,mg/kg,Control,diclofenac_Control_8 day,916,74,98.0,150,0.13,0.09,209,16.0,0.4,142.0,4.4,103.0,10.4,8.4,5.8,3.5,1.5,75.0,42.0,119.0,0.0,693.0,13.9,41.1,59.3,20.1,33.9,4.5,135.8,99.7,14.0,1.0,0.0,3.0,82.0,11.8,20.8,174.0
149_2_4,149,2,4,diclofenac,Repeat,8 day,0,mg/kg,Control,diclofenac_Control_8 day,887,84,103.0,161,0.16,0.1,209,17.0,0.3,144.0,4.6,104.0,11.1,8.1,5.7,3.5,1.6,63.0,37.0,190.0,1.0,635.0,14.2,41.5,65.4,22.3,34.2,5.7,121.5,67.2,17.0,2.0,0.0,3.0,77.0,11.9,20.4,212.0
149_2_5,149,2,5,diclofenac,Repeat,8 day,0,mg/kg,Control,diclofenac_Control_8 day,820,79,75.0,153,0.13,0.08,215,16.0,0.3,141.0,4.1,103.0,10.7,7.6,5.6,3.5,1.7,57.0,36.0,111.0,1.0,671.0,14.8,41.9,62.3,22.1,35.4,4.0,123.6,76.2,12.0,1.0,0.0,3.0,82.0,12.3,19.3,212.0
149_3_1,149,3,1,diclofenac,Repeat,15 day,0,mg/kg,Control,diclofenac_Control_15 day,551,69,154.0,155,0.17,0.12,215,16.0,0.4,139.0,4.0,101.0,10.5,7.7,6.1,3.3,1.2,56.0,29.0,168.0,1.0,653.0,15.2,40.4,61.9,23.3,37.7,5.0,101.4,95.2,15.0,0.0,0.0,2.0,81.0,12.3,18.4,225.0
149_3_2,149,3,2,diclofenac,Repeat,15 day,0,mg/kg,Control,diclofenac_Control_15 day,669,60,156.0,135,0.2,0.15,219,15.0,0.4,140.0,3.4,102.0,10.5,7.5,6.0,3.3,1.2,57.0,27.0,189.0,1.0,699.0,15.4,43.2,61.7,22.0,35.6,3.9,99.8,97.9,10.0,1.0,0.0,2.0,87.0,12.5,22.7,219.0
149_3_3,149,3,3,diclofenac,Repeat,15 day,0,mg/kg,Control,diclofenac_Control_15 day,684,74,122.0,162,0.14,0.08,244,17.0,0.4,140.0,3.7,102.0,10.0,7.3,6.0,3.6,1.5,53.0,34.0,169.0,1.0,792.0,15.9,45.2,57.0,20.1,35.2,3.3,115.5,66.2,17.0,1.0,0.0,2.0,79.0,12.7,21.2,222.0
149_3_4,149,3,4,diclofenac,Repeat,15 day,0,mg/kg,Control,diclofenac_Control_15 day,754,63,81.0,138,0.13,0.08,201,16.0,0.5,141.0,3.6,103.0,10.5,7.4,5.9,3.2,1.2,75.0,39.0,203.0,1.0,702.0,14.8,42.1,60.1,21.1,35.2,4.4,122.5,112.9,20.0,1.0,0.0,2.0,75.0,12.2,21.0,214.0
149_3_5,149,3,5,diclofenac,Repeat,15 day,0,mg/kg,Control,diclofenac_Control_15 day,946,55,76.0,129,0.12,0.07,222,13.0,0.4,141.0,3.6,104.0,10.3,6.1,5.8,3.4,1.4,58.0,27.0,121.0,1.0,732.0,15.3,42.9,58.7,20.9,35.6,3.4,94.3,88.5,14.0,1.0,0.0,2.0,82.0,12.5,19.3,228.0
149_4_1,149,4,1,diclofenac,Repeat,29 day,0,mg/kg,Control,diclofenac_Control_29 day,550,64,166.0,153,0.17,0.11,280,24.0,0.5,137.0,3.4,96.0,10.3,6.4,6.6,3.6,1.2,54.0,35.0,196.0,1.0,826.0,16.6,46.4,56.1,20.1,35.8,2.1,100.4,110.6,15.0,1.0,0.0,3.0,81.0,12.3,19.6,198.0
149_4_2,149,4,2,diclofenac,Repeat,29 day,0,mg/kg,Control,diclofenac_Control_29 day,698,86,150.0,171,0.15,0.1,240,18.0,0.5,142.0,3.5,103.0,10.1,6.5,6.4,3.5,1.2,61.0,43.0,169.0,2.0,817.0,16.0,43.6,53.3,19.5,36.6,2.0,95.9,158.7,8.0,1.0,0.0,2.0,88.0,12.6,19.4,222.0
149_4_3,149,4,3,diclofenac,Repeat,29 day,0,mg/kg,Control,diclofenac_Control_29 day,648,78,191.0,172,0.17,0.13,243,19.0,0.5,142.0,3.9,103.0,10.7,6.2,6.3,3.6,1.3,53.0,35.0,109.0,0.0,751.0,15.9,44.5,59.3,21.2,35.7,2.8,100.4,138.9,11.0,1.0,0.0,3.0,84.0,12.2,18.8,238.0
149_4_4,149,4,4,diclofenac,Repeat,29 day,0,mg/kg,Control,diclofenac_Control_29 day,575,58,66.0,124,0.14,0.07,215,14.0,0.4,141.0,3.3,104.0,10.2,6.5,6.1,3.6,1.4,61.0,32.0,108.0,1.0,815.0,16.2,44.8,54.9,19.9,36.3,2.3,106.8,111.7,14.0,1.0,0.0,2.0,82.0,12.4,18.2,234.0
149_4_5,149,4,5,diclofenac,Repeat,29 day,0,mg/kg,Control,diclofenac_Control_29 day,532,58,155.0,137,0.18,0.11,226,16.0,0.4,140.0,3.6,103.0,10.4,7.0,6.1,3.5,1.3,56.0,36.0,150.0,0.0,799.0,16.0,44.5,55.7,20.0,36.0,2.4,109.4,119.8,9.0,2.0,0.0,1.0,86.0,13.0,20.6,207.0
151_1_1,151,1,1,nitrofurantoin,Repeat,4 day,0,mg/kg,Control,nitrofurantoin_Control_4 day,959,92,81.0,169,0.14,0.09,253,16.0,0.4,139.0,3.8,100.0,10.8,6.9,5.9,3.6,1.6,82.0,38.0,275.0,1.0,618.0,13.9,40.2,65.1,22.5,34.6,6.2,111.2,102.9,12.0,1.0,0.0,3.0,83.0,12.1,18.3,214.0
151_1_2,151,1,2,nitrofurantoin,Repeat,4 day,0,mg/kg,Control,nitrofurantoin_Control_4 day,792,82,214.0,186,0.18,0.13,226,15.0,0.4,141.0,3.4,101.0,10.8,6.4,5.7,3.4,1.5,59.0,33.0,253.0,1.0,625.0,13.5,38.8,62.1,21.7,34.9,6.2,151.7,96.5,17.0,1.0,0.0,3.0,76.0,12.1,20.4,225.0
151_1_3,151,1,3,nitrofurantoin,Repeat,4 day,0,mg/kg,Control,nitrofurantoin_Control_4 day,759,73,138.0,160,0.16,0.12,205,16.0,0.4,139.0,3.9,101.0,11.2,6.7,5.7,3.6,1.7,73.0,36.0,139.0,1.0,630.0,13.4,38.4,60.9,21.3,34.9,6.5,131.8,100.8,14.0,1.0,0.0,3.0,80.0,12.6,17.5,228.0
151_1_4,151,1,4,nitrofurantoin,Repeat,4 day,0,mg/kg,Control,nitrofurantoin_Control_4 day,977,76,112.0,157,0.13,0.08,243,17.0,0.4,140.0,4.0,101.0,10.2,7.7,5.3,3.2,1.5,64.0,38.0,168.0,1.0,601.0,13.4,37.9,63.0,22.3,35.4,6.3,143.4,155.0,13.0,1.0,0.0,2.0,84.0,12.6,22.0,209.0
151_1_5,151,1,5,nitrofurantoin,Repeat,4 day,0,mg/kg,Control,nitrofurantoin_Control_4 day,938,65,154.0,161,0.15,0.11,239,17.0,0.4,141.0,3.6,102.0,10.8,8.3,5.6,3.3,1.4,65.0,33.0,169.0,1.0,640.0,14.3,40.3,62.9,22.3,35.5,6.4,133.5,125.6,13.0,1.0,0.0,4.0,80.0,12.3,17.7,219.0
151_2_1,151,2,1,nitrofurantoin,Repeat,8 day,0,mg/kg,Control,nitrofurantoin_Control_8 day,857,64,133.0,136,0.2,0.14,231,15.0,0.4,140.0,4.0,100.0,10.9,5.9,5.9,3.5,1.5,67.0,33.0,285.0,0.0,658.0,14.3,40.2,61.1,21.8,35.6,6.4,135.6,176.7,14.0,1.0,0.0,4.0,79.0,12.4,20.3,241.0
151_2_2,151,2,2,nitrofurantoin,Repeat,8 day,0,mg/kg,Control,nitrofurantoin_Control_8 day,982,75,207.0,173,0.21,0.14,198,16.0,0.4,139.0,4.5,100.0,11.0,8.3,6.0,3.6,1.5,59.0,33.0,243.0,1.0,685.0,14.4,40.6,59.3,21.0,35.4,5.1,113.6,113.0,10.0,1.0,0.0,3.0,85.0,12.1,20.8,219.0
151_2_3,151,2,3,nitrofurantoin,Repeat,8 day,0,mg/kg,Control,nitrofurantoin_Control_8 day,954,82,110.0,168,0.16,0.11,178,17.0,0.4,140.0,4.3,101.0,10.6,6.2,5.6,3.2,1.3,63.0,35.0,227.0,1.0,615.0,13.1,37.5,60.9,21.3,34.9,5.3,151.2,85.6,15.0,1.0,0.0,3.0,80.0,13.4,22.2,219.0
151_2_4,151,2,4,nitrofurantoin,Repeat,8 day,0,mg/kg,Control,nitrofurantoin_Control_8 day,1161,80,136.0,173,0.18,0.12,166,17.0,0.4,140.0,4.8,102.0,10.8,7.4,5.8,3.5,1.5,69.0,33.0,318.0,1.0,717.0,15.3,43.4,60.5,21.3,35.2,4.4,153.6,133.9,18.0,1.0,0.0,1.0,79.0,12.7,18.5,222.0
151_2_5,151,2,5,nitrofurantoin,Repeat,8 day,0,mg/kg,Control,nitrofurantoin_Control_8 day,763,96,119.0,184,0.17,0.11,191,17.0,0.4,140.0,4.4,102.0,10.8,6.5,5.9,3.5,1.5,58.0,30.0,120.0,0.0,611.0,13.6,39.3,64.3,22.3,34.7,5.7,120.9,109.3,16.0,0.0,0.0,2.0,80.0,12.0,17.7,238.0
151_3_1,151,3,1,nitrofurantoin,Repeat,15 day,0,mg/kg,Control,nitrofurantoin_Control_15 day,705,58,203.0,142,0.2,0.15,218,16.0,0.4,139.0,3.9,100.0,10.6,6.2,5.8,3.5,1.5,52.0,27.0,179.0,1.0,689.0,14.2,40.5,58.7,20.6,35.0,4.9,125.1,139.9,17.0,0.0,0.0,2.0,79.0,12.5,20.2,228.0
151_3_2,151,3,2,nitrofurantoin,Repeat,15 day,0,mg/kg,Control,nitrofurantoin_Control_15 day,986,69,187.0,176,0.16,0.11,221,18.0,0.4,140.0,3.7,101.0,10.4,5.8,6.0,3.4,1.3,68.0,35.0,205.0,1.0,717.0,14.6,41.9,58.5,20.4,34.8,4.0,109.5,110.3,16.0,1.0,0.0,2.0,80.0,12.4,21.9,257.0
151_3_3,151,3,3,nitrofurantoin,Repeat,15 day,0,mg/kg,Control,nitrofurantoin_Control_15 day,752,76,151.0,161,0.16,0.11,230,18.0,0.4,140.0,3.6,102.0,10.5,6.8,6.2,3.6,1.4,62.0,41.0,166.0,1.0,725.0,15.0,42.8,59.0,20.7,35.1,4.4,121.0,118.2,17.0,1.0,0.0,2.0,78.0,11.9,19.0,234.0
151_3_4,151,3,4,nitrofurantoin,Repeat,15 day,0,mg/kg,Control,nitrofurantoin_Control_15 day,872,61,89.0,138,0.15,0.09,212,17.0,0.4,140.0,3.4,103.0,10.1,6.4,5.7,3.4,1.5,70.0,37.0,240.0,1.0,723.0,14.0,39.3,54.4,19.4,35.7,4.3,114.7,124.3,31.0,0.0,0.0,2.0,66.0,12.5,19.8,209.0
151_3_5,151,3,5,nitrofurantoin,Repeat,15 day,0,mg/kg,Control,nitrofurantoin_Control_15 day,775,68,114.0,149,0.14,0.1,210,14.0,0.3,141.0,3.8,102.0,10.4,8.2,5.8,3.2,1.2,51.0,32.0,158.0,1.0,739.0,15.0,43.0,58.1,20.3,35.0,4.4,116.5,143.1,13.0,1.0,0.0,1.0,84.0,12.4,19.5,209.0
151_4_1,151,4,1,nitrofurantoin,Repeat,29 day,0,mg/kg,Control,nitrofurantoin_Control_29 day,700,51,145.0,127,0.17,0.12,230,15.0,0.5,138.0,3.5,98.0,10.3,6.2,6.1,3.2,1.1,45.0,29.0,100.0,1.0,745.0,14.8,42.4,56.9,19.9,34.9,2.5,108.1,114.0,14.0,1.0,0.0,1.0,83.0,12.4,22.5,228.0
151_4_2,151,4,2,nitrofurantoin,Repeat,29 day,0,mg/kg,Control,nitrofurantoin_Control_29 day,439,75,133.0,161,0.14,0.1,206,17.0,0.5,141.0,3.5,103.0,10.5,6.9,6.2,3.5,1.3,54.0,37.0,110.0,1.0,778.0,14.6,42.4,54.5,18.7,34.3,1.7,84.0,85.0,9.0,1.0,0.0,1.0,88.0,12.7,21.6,234.0
151_4_3,151,4,3,nitrofurantoin,Repeat,29 day,0,mg/kg,Control,nitrofurantoin_Control_29 day,535,94,192.0,192,0.17,0.13,214,18.0,0.4,140.0,3.7,105.0,10.5,5.8,6.2,3.7,1.5,50.0,32.0,97.0,1.0,789.0,15.4,44.0,55.8,19.6,35.1,2.1,122.9,112.7,15.0,1.0,0.0,3.0,80.0,11.9,21.3,217.0
151_4_4,151,4,4,nitrofurantoin,Repeat,29 day,0,mg/kg,Control,nitrofurantoin_Control_29 day,546,83,80.0,160,0.15,0.09,229,16.0,0.5,141.0,3.6,104.0,10.3,7.3,6.1,3.4,1.3,61.0,31.0,189.0,1.0,735.0,15.2,42.4,57.8,20.7,35.9,3.0,107.1,111.7,10.0,1.0,0.0,1.0,86.0,12.8,22.1,222.0
151_4_5,151,4,5,nitrofurantoin,Repeat,29 day,0,mg/kg,Control,nitrofurantoin_Control_29 day,539,89,146.0,172,0.16,0.11,211,17.0,0.5,140.0,3.7,102.0,10.6,6.3,6.0,3.4,1.3,64.0,35.0,129.0,2.0,740.0,14.8,42.3,57.2,20.0,34.9,2.7,115.1,114.2,14.0,1.0,0.0,2.0,83.0,12.2,19.7,234.0
157_1_1,157,1,1,hexachlorobenzene,Repeat,4 day,0,mg/kg,Control,hexachlorobenzene_Control_4 day,854,79,105.0,155,0.35,0.03,191,22.0,0.6,139.0,6.4,104.0,11.0,8.8,6.1,4.1,2.1,62.0,38.0,97.0,3.0,591.0,13.3,40.2,67.9,22.5,33.1,10.2,98.1,111.0,17.0,2.0,0.0,8.0,73.0,11.7,15.9,214.0
157_1_2,157,1,2,hexachlorobenzene,Repeat,4 day,0,mg/kg,Control,hexachlorobenzene_Control_4 day,1101,79,99.0,145,0.31,0.02,194,16.0,0.4,138.0,5.1,104.0,10.4,8.3,5.7,3.9,2.2,56.0,43.0,93.0,1.0,661.0,13.7,41.2,62.3,20.7,33.3,8.0,100.7,87.2,12.0,1.0,0.0,5.0,82.0,11.4,16.4,220.0
157_1_3,157,1,3,hexachlorobenzene,Repeat,4 day,0,mg/kg,Control,hexachlorobenzene_Control_4 day,781,65,27.0,113,0.33,0.01,193,12.0,0.5,138.0,5.5,107.0,10.1,8.3,5.6,3.6,1.8,61.0,34.0,93.0,1.0,623.0,13.9,41.1,66.0,22.3,33.8,7.8,99.8,121.0,11.0,1.0,0.0,5.0,83.0,11.9,16.3,215.0
157_1_4,157,1,4,hexachlorobenzene,Repeat,4 day,0,mg/kg,Control,hexachlorobenzene_Control_4 day,783,74,70.0,135,0.39,0.03,198,15.0,0.5,140.0,4.9,106.0,10.5,8.8,5.8,3.9,2.1,57.0,35.0,65.0,1.0,595.0,13.5,39.8,66.9,22.7,34.0,8.5,93.6,88.5,17.0,1.0,0.0,7.0,75.0,11.6,16.1,225.0
157_1_5,157,1,5,hexachlorobenzene,Repeat,4 day,0,mg/kg,Control,hexachlorobenzene_Control_4 day,893,68,43.0,127,0.37,0.1,191,16.0,0.4,138.0,5.0,105.0,10.7,8.3,5.7,4.0,2.4,59.0,51.0,81.0,1.0,646.0,14.0,42.0,65.1,21.7,33.4,8.3,100.9,107.0,12.0,1.0,0.0,15.0,72.0,12.2,16.2,213.0
157_2_1,157,2,1,hexachlorobenzene,Repeat,8 day,0,mg/kg,Control,hexachlorobenzene_Control_8 day,925,72,70.0,138,0.34,0.0,193,22.0,0.6,136.0,5.0,104.0,10.1,7.7,5.8,4.0,2.2,64.0,35.0,101.0,1.0,708.0,14.7,44.1,62.3,20.7,33.3,5.6,99.4,106.0,16.0,2.0,0.0,8.0,74.0,12.0,16.0,217.0
157_2_2,157,2,2,hexachlorobenzene,Repeat,8 day,0,mg/kg,Control,hexachlorobenzene_Control_8 day,903,62,60.0,116,0.4,0.03,196,19.0,0.7,137.0,5.0,105.0,10.5,7.3,6.0,4.3,2.5,55.0,28.0,99.0,1.0,590.0,13.4,39.8,67.3,22.7,33.6,6.2,102.5,101.0,14.0,1.0,0.0,9.0,75.0,12.2,15.2,228.0
157_2_3,157,2,3,hexachlorobenzene,Repeat,8 day,0,mg/kg,Control,hexachlorobenzene_Control_8 day,803,64,38.0,122,0.38,0.06,184,16.0,0.6,138.0,4.9,106.0,9.9,7.3,5.9,3.9,2.0,67.0,36.0,87.0,1.0,648.0,14.8,44.3,68.3,22.8,33.4,5.0,87.8,70.2,14.0,1.0,0.0,7.0,78.0,12.0,16.4,212.0
157_2_4,157,2,4,hexachlorobenzene,Repeat,8 day,0,mg/kg,Control,hexachlorobenzene_Control_8 day,1020,94,147.0,180,0.28,0.03,205,20.0,0.6,137.0,5.1,104.0,10.7,8.3,5.8,3.8,1.9,53.0,34.0,92.0,1.0,645.0,13.6,40.6,63.0,21.1,33.5,6.3,92.1,152.0,12.0,1.0,0.0,5.0,82.0,12.3,14.6,218.0
157_2_5,157,2,5,hexachlorobenzene,Repeat,8 day,0,mg/kg,Control,hexachlorobenzene_Control_8 day,909,99,158.0,187,0.37,0.0,190,19.0,0.6,139.0,4.1,107.0,10.3,8.1,6.2,3.8,1.6,54.0,34.0,100.0,1.0,665.0,14.4,43.4,65.3,21.7,33.2,6.2,100.5,97.7,18.0,1.0,0.0,7.0,74.0,11.6,16.6,239.0
157_3_1,157,3,1,hexachlorobenzene,Repeat,15 day,0,mg/kg,Control,hexachlorobenzene_Control_15 day,632,83,213.0,172,0.42,0.0,189,22.0,0.6,137.0,4.9,105.0,10.0,7.1,6.4,4.1,1.8,60.0,33.0,155.0,1.0,670.0,14.0,42.0,62.8,21.0,33.4,5.8,102.5,146.0,16.0,1.0,0.0,5.0,78.0,12.1,16.0,229.0
157_3_2,157,3,2,hexachlorobenzene,Repeat,15 day,0,mg/kg,Control,hexachlorobenzene_Control_15 day,688,72,132.0,147,0.3,0.01,182,18.0,0.5,138.0,5.0,105.0,10.3,7.2,6.2,4.2,2.1,54.0,29.0,77.0,2.0,678.0,14.7,43.4,64.0,21.6,33.8,5.1,100.6,131.0,10.0,1.0,0.0,5.0,84.0,11.7,16.1,241.0
157_3_3,157,3,3,hexachlorobenzene,Repeat,15 day,0,mg/kg,Control,hexachlorobenzene_Control_15 day,700,84,141.0,157,0.36,0.0,184,20.0,0.6,139.0,5.0,107.0,10.2,7.6,6.1,3.9,1.8,60.0,30.0,91.0,1.0,724.0,14.8,44.1,61.0,20.4,33.5,4.4,115.6,135.0,17.0,1.0,0.0,13.0,70.0,11.8,14.9,234.0
157_3_4,157,3,4,hexachlorobenzene,Repeat,15 day,0,mg/kg,Control,hexachlorobenzene_Control_15 day,599,82,76.0,147,0.28,0.0,190,15.0,0.6,138.0,4.7,105.0,10.0,7.7,6.1,4.0,1.9,59.0,34.0,82.0,1.0,620.0,13.5,39.9,64.3,21.8,33.9,6.2,109.6,249.0,13.0,1.0,0.0,3.0,82.0,11.6,16.1,246.0
157_3_5,157,3,5,hexachlorobenzene,Repeat,15 day,0,mg/kg,Control,hexachlorobenzene_Control_15 day,457,74,120.0,155,0.28,0.01,200,18.0,0.5,140.0,4.7,106.0,10.5,8.2,6.2,3.8,1.6,58.0,30.0,85.0,1.0,714.0,15.1,45.6,63.8,21.1,33.1,4.6,105.9,143.0,13.0,1.0,0.0,6.0,80.0,12.1,16.9,238.0
157_4_1,157,4,1,hexachlorobenzene,Repeat,29 day,0,mg/kg,Control,hexachlorobenzene_Control_29 day,554,89,239.0,188,0.16,0.0,193,21.0,0.7,139.0,4.3,104.0,10.5,7.2,6.8,4.3,1.7,50.0,29.0,120.0,1.0,796.0,15.7,47.0,59.0,19.7,33.4,2.5,82.9,87.3,14.0,1.0,0.0,7.0,79.0,11.3,14.7,250.0
157_4_2,157,4,2,hexachlorobenzene,Repeat,29 day,0,mg/kg,Control,hexachlorobenzene_Control_29 day,595,74,131.0,142,0.31,0.0,183,14.0,0.7,140.0,4.6,107.0,10.8,7.2,6.5,4.2,1.8,51.0,27.0,155.0,1.0,782.0,14.9,45.1,57.7,19.0,33.0,2.3,101.8,132.0,6.0,1.0,0.0,2.0,90.0,11.3,16.6,239.0
157_4_3,157,4,3,hexachlorobenzene,Repeat,29 day,0,mg/kg,Control,hexachlorobenzene_Control_29 day,778,91,70.0,180,0.32,0.05,184,22.0,0.7,139.0,4.3,103.0,10.3,8.0,6.5,4.3,2.0,48.0,33.0,69.0,1.0,788.0,15.4,46.9,59.5,19.5,32.9,2.5,91.1,174.0,8.0,1.0,0.0,3.0,89.0,11.7,17.7,205.0
157_4_4,157,4,4,hexachlorobenzene,Repeat,29 day,0,mg/kg,Control,hexachlorobenzene_Control_29 day,695,61,142.0,142,0.35,0.02,190,19.0,0.6,141.0,4.4,107.0,10.6,6.5,6.3,4.1,1.9,66.0,40.0,101.0,1.0,738.0,14.4,43.3,58.7,19.5,33.2,2.7,94.8,151.0,11.0,1.0,0.0,6.0,82.0,12.0,14.8,194.0
157_4_5,157,4,5,hexachlorobenzene,Repeat,29 day,0,mg/kg,Control,hexachlorobenzene_Control_29 day,596,70,121.0,150,0.14,0.0,215,17.0,0.7,141.0,4.0,106.0,10.8,8.4,6.2,4.0,1.8,56.0,34.0,65.0,1.0,815.0,15.5,47.1,57.8,19.0,32.9,2.3,114.9,123.0,15.0,2.0,0.0,6.0,77.0,12.4,18.5,217.0
159_1_1,159,1,1,diazepam,Repeat,4 day,0,mg/kg,Control,diazepam_Control_4 day,948,82,189.0,177,0.25,0.0,220,20.0,0.5,136.7,5.32,104.9,10.5,7.2,6.3,4.1,1.86,58.0,41.0,107.0,4.0,604.0,13.4,40.1,66.4,22.1,33.3,7.5,119.3,146.0,15.0,1.0,0.0,8.0,76.0,11.8,16.4,287.0
159_1_2,159,1,2,diazepam,Repeat,4 day,0,mg/kg,Control,diazepam_Control_4 day,894,76,172.0,150,0.36,0.0,184,19.0,0.5,139.5,4.73,107.8,10.5,7.2,6.2,4.0,1.82,65.0,32.0,90.0,1.0,662.0,14.1,42.1,63.6,21.3,33.5,6.3,110.3,63.1,11.0,1.0,0.0,9.0,80.0,12.0,16.1,221.0
159_1_3,159,1,3,diazepam,Repeat,4 day,0,mg/kg,Control,diazepam_Control_4 day,612,78,71.0,142,0.35,0.03,193,11.0,0.4,140.3,5.13,107.4,10.1,7.2,5.9,4.1,2.28,57.0,31.0,63.0,1.0,639.0,13.2,40.1,62.7,20.7,33.1,6.3,125.2,79.0,23.0,2.0,0.0,3.0,72.0,12.1,17.3,241.0
159_1_4,159,1,4,diazepam,Repeat,4 day,0,mg/kg,Control,diazepam_Control_4 day,720,76,85.0,149,0.32,0.0,207,20.0,0.5,139.0,5.15,105.8,10.4,8.8,5.9,3.7,1.68,58.0,32.0,71.0,1.0,610.0,13.3,40.0,65.5,21.7,33.2,6.5,114.9,127.0,10.0,1.0,0.0,8.0,81.0,12.1,16.0,218.0
159_1_5,159,1,5,diazepam,Repeat,4 day,0,mg/kg,Control,diazepam_Control_4 day,912,80,60.0,152,0.42,0.0,190,16.0,0.5,138.8,4.54,105.0,9.9,8.0,5.9,4.0,2.11,59.0,35.0,75.0,1.0,638.0,13.4,40.6,63.7,21.0,33.1,6.2,101.1,105.0,12.0,1.0,0.0,4.0,84.0,11.9,15.9,211.0
159_2_1,159,2,1,diazepam,Repeat,8 day,0,mg/kg,Control,diazepam_Control_8 day,968,83,183.0,183,0.29,0.0,183,18.0,0.5,136.7,5.52,103.0,11.6,9.4,6.5,4.1,1.71,63.0,40.0,78.0,1.0,680.0,14.0,42.1,61.9,20.6,33.3,5.9,101.0,129.0,12.0,1.0,0.0,11.0,77.0,11.4,15.9,263.0
159_2_2,159,2,2,diazepam,Repeat,8 day,0,mg/kg,Control,diazepam_Control_8 day,820,105,135.0,203,0.29,0.0,197,20.0,0.5,138.4,4.59,103.2,11.8,8.6,6.5,4.5,2.25,57.0,40.0,76.0,1.0,655.0,14.1,42.9,65.5,21.5,32.8,6.2,116.1,141.0,11.0,2.0,0.0,5.0,83.0,11.5,17.2,225.0
159_2_3,159,2,3,diazepam,Repeat,8 day,0,mg/kg,Control,diazepam_Control_8 day,892,102,182.0,197,0.31,0.03,183,18.0,0.5,137.6,5.69,104.9,11.2,7.6,6.3,4.3,2.15,58.0,28.0,67.0,2.0,678.0,14.6,43.6,64.3,21.5,33.4,6.1,105.5,113.0,8.0,1.0,0.0,5.0,87.0,11.1,16.2,228.0
159_2_4,159,2,4,diazepam,Repeat,8 day,0,mg/kg,Control,diazepam_Control_8 day,740,82,201.0,178,0.29,0.0,189,17.0,0.5,138.7,4.38,104.1,11.4,8.2,6.2,4.1,1.95,58.0,39.0,74.0,2.0,606.0,13.7,40.9,67.6,22.7,33.6,6.3,109.3,130.0,12.0,1.0,0.0,22.0,65.0,11.4,15.8,238.0
159_2_5,159,2,5,diazepam,Repeat,8 day,0,mg/kg,Control,diazepam_Control_8 day,796,92,122.0,163,0.3,0.07,192,16.0,0.6,136.7,5.23,105.6,10.9,8.1,6.3,4.0,1.74,66.0,39.0,86.0,2.0,648.0,14.7,44.6,68.8,22.6,32.9,6.8,100.8,91.0,12.0,0.0,0.0,4.0,84.0,11.5,14.7,235.0
159_3_1,159,3,1,diazepam,Repeat,15 day,0,mg/kg,Control,diazepam_Control_15 day,700,71,172.0,156,0.4,0.0,174,20.0,0.6,143.6,6.05,106.4,11.7,10.4,7.0,4.5,1.8,76.0,37.0,299.0,1.0,730.0,15.6,47.5,65.1,21.3,32.7,5.3,82.4,215.0,18.0,1.0,0.0,7.0,74.0,11.6,15.2,235.0
159_3_2,159,3,2,diazepam,Repeat,15 day,0,mg/kg,Control,diazepam_Control_15 day,775,70,118.0,139,0.31,0.0,189,21.0,0.5,141.1,4.39,108.5,11.0,6.6,6.2,4.0,1.82,66.0,31.0,90.0,1.0,730.0,15.1,45.2,62.0,20.7,33.4,3.6,111.8,148.0,10.0,0.0,0.0,2.0,87.0,12.2,17.4,223.0
159_3_3,159,3,3,diazepam,Repeat,15 day,0,mg/kg,Control,diazepam_Control_15 day,711,82,181.0,162,0.33,0.0,181,19.0,0.5,138.4,4.48,105.8,11.1,7.3,6.4,3.9,1.56,64.0,43.0,82.0,1.0,748.0,15.4,46.0,61.5,20.6,33.5,4.2,102.0,145.0,12.0,1.0,0.0,3.0,84.0,12.2,17.4,234.0
159_3_4,159,3,4,diazepam,Repeat,15 day,0,mg/kg,Control,diazepam_Control_15 day,812,72,131.0,159,0.29,0.0,173,19.0,0.6,141.5,4.17,108.1,11.0,7.3,6.1,4.0,1.9,65.0,35.0,88.0,1.0,705.0,15.0,45.0,63.9,21.3,33.3,4.8,77.8,106.0,11.0,0.0,0.0,4.0,84.0,12.0,15.2,257.0
159_3_5,159,3,5,diazepam,Repeat,15 day,0,mg/kg,Control,diazepam_Control_15 day,572,65,57.0,130,0.39,0.05,199,18.0,0.6,140.8,4.03,108.9,10.6,6.7,6.1,3.7,1.54,70.0,41.0,80.0,1.0,714.0,14.9,44.4,62.2,20.8,33.5,4.4,90.1,135.0,23.0,1.0,0.0,2.0,74.0,12.1,16.7,221.0
159_4_1,159,4,1,diazepam,Repeat,29 day,0,mg/kg,Control,diazepam_Control_29 day,530,75,156.0,158,0.17,0.0,205,21.0,0.6,137.7,4.35,103.7,10.4,5.5,6.5,4.2,1.83,55.0,38.0,61.0,1.0,837.0,16.0,48.5,58.0,19.1,32.9,1.8,93.8,140.0,6.0,1.0,0.0,7.0,85.0,12.1,17.3,229.0
159_4_2,159,4,2,diazepam,Repeat,29 day,0,mg/kg,Control,diazepam_Control_29 day,588,56,162.0,129,0.29,0.01,176,21.0,0.6,139.6,4.69,107.5,10.4,5.7,6.7,4.1,1.58,58.0,26.0,50.0,2.0,829.0,15.7,46.6,56.2,18.9,33.6,1.7,103.8,138.0,13.0,1.0,0.0,8.0,79.0,12.4,18.0,216.0
159_4_3,159,4,3,diazepam,Repeat,29 day,0,mg/kg,Control,diazepam_Control_29 day,439,80,207.0,166,0.21,0.0,187,18.0,0.8,139.3,4.9,107.0,10.6,6.0,6.5,4.1,1.71,50.0,24.0,55.0,1.0,841.0,15.5,47.4,56.4,18.5,32.7,2.0,93.6,128.0,9.0,1.0,0.0,8.0,82.0,12.3,16.5,240.0
159_4_4,159,4,4,diazepam,Repeat,29 day,0,mg/kg,Control,diazepam_Control_29 day,603,73,144.0,151,0.26,0.0,175,19.0,0.7,139.1,4.4,106.3,10.9,7.2,6.7,4.2,1.68,52.0,22.0,47.0,1.0,834.0,16.1,48.5,58.1,19.3,33.2,2.8,102.7,121.0,10.0,2.0,0.0,5.0,84.0,12.2,16.7,225.0
159_4_5,159,4,5,diazepam,Repeat,29 day,0,mg/kg,Control,diazepam_Control_29 day,796,52,159.0,135,0.24,0.0,171,20.0,0.6,141.1,4.01,106.6,11.4,7.2,6.6,4.1,1.64,56.0,32.0,65.0,1.0,824.0,15.9,46.6,56.5,19.2,34.0,2.5,119.3,205.0,7.0,1.0,0.0,4.0,88.0,12.6,16.3,226.0
172_1_1,172,1,1,cyclophosphamide,Repeat,4 day,0,mg/kg,Control,cyclophosphamide_Control_4 day,1449,60,85.0,123,0.03,0.0,177,17.0,0.2,142.0,3.8,106.0,10.8,5.4,5.6,3.1,1.2,67.0,38.0,235.0,1.0,651.0,13.6,40.7,62.5,20.8,33.4,4.9,127.4,87.3,11.0,1.0,0.0,2.0,85.0,17.0,23.1,295.0
172_1_2,172,1,2,cyclophosphamide,Repeat,4 day,0,mg/kg,Control,cyclophosphamide_Control_4 day,1649,80,117.0,148,0.01,0.0,194,16.0,0.2,143.0,3.9,106.0,11.0,6.6,5.7,3.2,1.3,59.0,33.0,170.0,1.0,591.0,13.5,40.9,69.1,22.8,33.1,7.9,111.1,55.0,11.0,0.0,0.0,2.0,87.0,16.8,22.3,317.0
172_1_3,172,1,3,cyclophosphamide,Repeat,4 day,0,mg/kg,Control,cyclophosphamide_Control_4 day,2037,76,77.0,146,0.02,0.0,194,14.0,0.1,141.0,3.8,104.0,11.0,6.8,5.7,3.2,1.3,67.0,42.0,223.0,1.0,604.0,13.0,39.2,65.0,21.5,33.0,7.6,128.0,123.7,20.0,1.0,0.0,2.0,76.0,16.4,20.7,310.0
172_1_4,172,1,4,cyclophosphamide,Repeat,4 day,0,mg/kg,Control,cyclophosphamide_Control_4 day,1571,57,58.0,110,0.02,0.0,173,14.0,0.2,144.0,4.0,108.0,10.4,7.3,5.2,3.0,1.4,75.0,45.0,149.0,1.0,590.0,13.3,39.8,67.5,22.6,33.5,7.5,90.3,90.0,13.0,1.0,0.0,3.0,82.0,17.0,20.8,281.0
172_1_5,172,1,5,cyclophosphamide,Repeat,4 day,0,mg/kg,Control,cyclophosphamide_Control_4 day,2040,75,84.0,142,0.01,0.01,175,16.0,0.2,143.0,3.9,107.0,10.7,6.0,5.5,3.0,1.2,72.0,43.0,176.0,1.0,619.0,13.2,39.8,64.3,21.3,33.1,5.5,103.2,56.2,18.0,1.0,0.0,4.0,77.0,17.0,20.4,263.0
172_2_1,172,2,1,cyclophosphamide,Repeat,8 day,0,mg/kg,Control,cyclophosphamide_Control_8 day,1403,63,109.0,129,0.02,0.0,196,18.0,0.2,143.0,4.5,106.0,10.3,7.3,5.4,2.8,1.1,96.0,49.0,410.0,1.0,672.0,13.5,40.8,60.8,20.2,33.2,4.8,119.2,95.8,15.0,1.0,0.0,2.0,82.0,17.0,22.4,268.0
172_2_2,172,2,2,cyclophosphamide,Repeat,8 day,0,mg/kg,Control,cyclophosphamide_Control_8 day,1445,86,107.0,168,0.01,0.0,199,22.0,0.2,143.0,4.5,103.0,10.9,8.7,5.5,3.0,1.2,69.0,49.0,140.0,2.0,611.0,12.5,37.9,62.0,20.5,33.1,6.7,72.5,73.6,15.0,1.0,0.0,3.0,81.0,17.1,20.6,305.0
172_2_3,172,2,3,cyclophosphamide,Repeat,8 day,0,mg/kg,Control,cyclophosphamide_Control_8 day,2056,67,87.0,138,0.01,0.0,193,20.0,0.2,146.0,4.5,108.0,10.5,7.3,5.5,3.0,1.2,78.0,44.0,183.0,1.0,649.0,14.1,42.2,65.1,21.7,33.3,6.1,108.0,108.1,19.0,1.0,0.0,4.0,76.0,18.1,22.4,265.0
172_2_4,172,2,4,cyclophosphamide,Repeat,8 day,0,mg/kg,Control,cyclophosphamide_Control_8 day,1405,72,91.0,142,0.02,0.0,196,16.0,0.2,142.0,4.5,107.0,10.9,8.3,5.3,2.9,1.1,68.0,39.0,143.0,2.0,611.0,12.5,38.9,63.6,20.5,32.2,6.8,124.8,118.7,14.0,1.0,0.0,2.0,82.0,16.3,20.9,292.0
172_2_5,172,2,5,cyclophosphamide,Repeat,8 day,0,mg/kg,Control,cyclophosphamide_Control_8 day,1524,81,97.0,157,0.02,0.0,197,17.0,0.2,145.0,4.0,106.0,11.0,7.7,5.4,2.8,1.1,77.0,43.0,125.0,2.0,624.0,13.0,38.7,62.0,20.8,33.6,6.1,136.0,138.1,18.0,1.0,0.0,1.0,79.0,15.3,22.2,286.0
172_3_1,172,3,1,cyclophosphamide,Repeat,15 day,0,mg/kg,Control,cyclophosphamide_Control_15 day,1317,59,159.0,133,0.01,0.0,177,19.0,0.2,142.0,4.1,108.0,10.3,7.2,5.6,2.9,1.1,52.0,25.0,130.0,1.0,662.0,13.6,39.5,59.6,20.6,34.5,4.8,114.9,97.5,14.0,1.0,0.0,1.0,84.0,15.1,21.7,293.0
172_3_2,172,3,2,cyclophosphamide,Repeat,15 day,0,mg/kg,Control,cyclophosphamide_Control_15 day,1444,66,117.0,133,0.01,0.0,178,15.0,0.2,144.0,3.6,107.0,10.4,6.8,5.5,2.9,1.1,67.0,37.0,138.0,1.0,698.0,13.3,40.2,57.7,19.0,32.9,4.6,117.1,130.5,17.0,1.0,0.0,2.0,78.0,15.0,20.6,277.0
172_3_3,172,3,3,cyclophosphamide,Repeat,15 day,0,mg/kg,Control,cyclophosphamide_Control_15 day,1456,76,127.0,144,0.01,0.0,198,17.0,0.2,143.0,3.9,105.0,10.7,7.5,5.9,2.9,1.0,68.0,52.0,156.0,2.0,656.0,13.4,39.9,60.9,20.5,33.7,5.2,123.5,156.1,9.0,1.0,0.0,1.0,88.0,15.3,22.7,320.0
172_3_4,172,3,4,cyclophosphamide,Repeat,15 day,0,mg/kg,Control,cyclophosphamide_Control_15 day,1150,54,128.0,127,0.03,0.0,173,19.0,0.2,144.0,4.0,109.0,10.6,6.8,5.7,3.1,1.2,60.0,35.0,144.0,1.0,693.0,13.9,41.2,59.4,20.0,33.7,4.9,106.3,105.8,13.0,1.0,0.0,4.0,81.0,14.9,22.4,322.0
172_3_5,172,3,5,cyclophosphamide,Repeat,15 day,0,mg/kg,Control,cyclophosphamide_Control_15 day,1605,82,206.0,165,0.0,0.0,187,21.0,0.2,144.0,4.2,106.0,10.9,6.9,6.0,2.8,0.9,82.0,40.0,192.0,2.0,674.0,14.1,42.0,62.3,20.9,33.5,4.5,132.2,166.3,20.0,1.0,0.0,3.0,76.0,14.7,22.6,327.0
172_4_1,172,4,1,cyclophosphamide,Repeat,29 day,0,mg/kg,Control,cyclophosphamide_Control_29 day,1105,56,134.0,133,0.01,0.0,167,17.0,0.2,144.0,3.9,108.0,10.2,6.7,6.0,3.2,1.1,63.0,34.0,117.0,1.0,777.0,14.6,43.0,55.3,18.8,34.0,3.1,85.0,120.6,13.0,1.0,0.0,2.0,83.0,17.3,22.8,316.0
172_4_2,172,4,2,cyclophosphamide,Repeat,29 day,0,mg/kg,Control,cyclophosphamide_Control_29 day,976,67,70.0,127,0.04,0.0,185,17.0,0.2,145.0,4.0,106.0,10.5,6.2,6.1,3.2,1.1,88.0,53.0,148.0,1.0,754.0,15.0,43.9,58.2,19.9,34.2,2.9,80.3,82.9,16.0,1.0,0.0,2.0,81.0,16.1,24.0,284.0
172_4_3,172,4,3,cyclophosphamide,Repeat,29 day,0,mg/kg,Control,cyclophosphamide_Control_29 day,966,76,129.0,147,0.02,0.0,186,19.0,0.2,143.0,3.9,106.0,10.5,5.9,6.2,3.2,1.1,59.0,30.0,115.0,1.0,740.0,14.3,41.1,55.6,19.3,34.8,2.7,111.0,110.2,13.0,1.0,0.0,2.0,83.0,16.4,25.1,310.0
172_4_4,172,4,4,cyclophosphamide,Repeat,29 day,0,mg/kg,Control,cyclophosphamide_Control_29 day,1227,69,86.0,134,0.02,0.0,185,17.0,0.2,145.0,3.8,107.0,10.1,7.0,6.2,3.1,1.0,65.0,44.0,114.0,1.0,809.0,15.3,45.1,55.7,18.9,34.0,2.6,95.1,105.8,10.0,1.0,0.0,2.0,86.0,16.3,26.0,291.0
172_4_5,172,4,5,cyclophosphamide,Repeat,29 day,0,mg/kg,Control,cyclophosphamide_Control_29 day,1146,67,137.0,136,0.01,0.0,183,17.0,0.2,143.0,4.4,106.0,10.3,6.2,6.3,3.0,0.9,57.0,41.0,115.0,2.0,769.0,14.8,44.9,58.4,19.2,33.0,3.3,109.5,142.0,16.0,1.0,0.0,2.0,79.0,16.6,21.3,318.0
174_1_1,174,1,1,methapyrilene,Repeat,4 day,0,mg/kg,Control,methapyrilene_Control_4 day,1710,75,75.0,140,0.0,0.0,182,15.0,0.2,142.0,4.4,106.0,10.9,7.0,5.7,3.0,1.1,65.0,34.0,157.0,1.0,609.0,13.0,38.9,63.9,21.4,33.5,7.1,128.0,112.1,17.0,0.0,0.0,1.0,81.0,15.7,21.3,291.0
174_1_2,174,1,2,methapyrilene,Repeat,4 day,0,mg/kg,Control,methapyrilene_Control_4 day,1453,81,106.0,145,0.01,0.0,190,20.0,0.2,143.0,4.3,106.0,10.9,7.1,5.5,3.1,1.3,60.0,31.0,163.0,1.0,662.0,13.7,41.1,62.1,20.7,33.4,6.1,127.0,82.5,16.0,1.0,0.0,2.0,81.0,15.9,22.7,282.0
174_1_3,174,1,3,methapyrilene,Repeat,4 day,0,mg/kg,Control,methapyrilene_Control_4 day,1363,83,82.0,148,0.02,0.0,197,18.0,0.2,142.0,4.7,106.0,10.8,6.6,5.6,3.0,1.2,67.0,37.0,301.0,1.0,599.0,12.6,37.9,63.3,21.1,33.3,6.2,151.9,107.2,21.0,1.0,0.0,2.0,75.0,16.0,23.2,265.0
174_1_4,174,1,4,methapyrilene,Repeat,4 day,0,mg/kg,Control,methapyrilene_Control_4 day,1631,71,80.0,134,0.01,0.0,175,16.0,0.2,142.0,4.7,107.0,10.9,7.5,5.7,2.9,1.1,74.0,46.0,281.0,1.0,606.0,12.9,38.4,63.3,21.2,33.5,6.4,121.5,128.8,14.0,1.0,0.0,1.0,83.0,15.6,22.0,315.0
174_1_5,174,1,5,methapyrilene,Repeat,4 day,0,mg/kg,Control,methapyrilene_Control_4 day,1508,67,91.0,136,0.02,0.01,192,15.0,0.2,144.0,4.1,107.0,10.9,7.3,5.7,3.2,1.3,74.0,48.0,152.0,1.0,569.0,12.5,37.8,66.4,22.0,33.1,8.2,100.6,108.7,14.0,0.0,0.0,3.0,82.0,16.4,22.7,301.0
174_2_1,174,2,1,methapyrilene,Repeat,8 day,0,mg/kg,Control,methapyrilene_Control_8 day,1548,78,105.0,150,0.0,0.0,193,21.0,0.2,144.0,4.2,108.0,10.9,8.1,5.6,2.8,1.0,72.0,44.0,134.0,1.0,615.0,12.8,38.8,63.0,20.8,33.0,6.7,109.6,99.9,17.0,1.0,0.0,3.0,79.0,17.0,19.9,292.0
174_2_2,174,2,2,methapyrilene,Repeat,8 day,0,mg/kg,Control,methapyrilene_Control_8 day,1827,70,121.0,147,0.01,0.0,178,21.0,0.2,144.0,4.7,108.0,10.6,6.9,5.5,3.0,1.2,74.0,43.0,194.0,1.0,666.0,13.7,40.7,61.1,20.6,33.7,5.1,128.1,90.0,21.0,1.0,0.0,2.0,75.0,17.0,21.9,313.0
174_2_3,174,2,3,methapyrilene,Repeat,8 day,0,mg/kg,Control,methapyrilene_Control_8 day,1298,65,171.0,146,0.0,0.0,182,16.0,0.2,145.0,4.3,107.0,10.3,7.3,5.6,3.1,1.2,60.0,35.0,169.0,2.0,679.0,13.9,41.5,61.1,20.5,33.6,5.1,138.5,124.5,16.0,0.0,0.0,2.0,81.0,17.2,20.7,340.0
174_2_4,174,2,4,methapyrilene,Repeat,8 day,0,mg/kg,Control,methapyrilene_Control_8 day,1586,76,99.0,140,0.02,0.0,179,17.0,0.2,144.0,4.2,106.0,10.4,6.4,5.7,3.1,1.2,68.0,36.0,150.0,2.0,653.0,13.7,40.3,61.7,20.9,33.9,5.8,149.4,137.1,15.0,0.0,0.0,1.0,83.0,17.0,21.3,315.0
174_2_5,174,2,5,methapyrilene,Repeat,8 day,0,mg/kg,Control,methapyrilene_Control_8 day,2072,74,133.0,150,0.02,0.0,180,14.0,0.1,145.0,4.4,108.0,10.6,7.9,5.7,3.1,1.2,66.0,42.0,175.0,3.0,608.0,12.8,37.9,62.3,21.1,33.9,6.3,129.2,162.0,13.0,1.0,0.0,2.0,83.0,16.7,21.6,344.0
174_3_1,174,3,1,methapyrilene,Repeat,15 day,0,mg/kg,Control,methapyrilene_Control_15 day,1779,61,133.0,130,0.01,0.0,193,17.0,0.2,143.0,4.2,109.0,9.8,6.4,5.5,3.0,1.1,65.0,38.0,141.0,1.0,684.0,13.9,40.5,59.1,20.4,34.5,4.6,109.9,91.3,16.0,1.0,0.0,2.0,80.0,16.5,22.1,288.0
174_3_2,174,3,2,methapyrilene,Repeat,15 day,0,mg/kg,Control,methapyrilene_Control_15 day,1419,58,138.0,128,0.01,0.0,210,17.0,0.2,142.0,4.0,107.0,9.8,5.9,5.4,3.0,1.2,66.0,40.0,136.0,2.0,739.0,14.2,41.1,55.7,19.2,34.5,3.3,114.7,169.8,18.0,1.0,0.0,2.0,79.0,17.1,21.2,327.0
174_3_3,174,3,3,methapyrilene,Repeat,15 day,0,mg/kg,Control,methapyrilene_Control_15 day,1956,55,141.0,134,0.01,0.0,193,20.0,0.2,141.0,3.6,106.0,10.2,6.6,5.5,3.0,1.2,69.0,32.0,169.0,1.0,651.0,14.2,41.3,63.5,21.8,34.3,4.4,121.5,158.9,15.0,1.0,0.0,2.0,81.0,16.9,22.7,279.0
174_3_4,174,3,4,methapyrilene,Repeat,15 day,0,mg/kg,Control,methapyrilene_Control_15 day,2086,67,125.0,149,0.0,0.0,172,21.0,0.2,143.0,4.3,107.0,10.4,6.4,5.5,2.8,1.0,73.0,40.0,191.0,1.0,693.0,13.8,40.5,58.4,20.0,34.2,4.2,108.6,119.8,10.0,1.0,0.0,2.0,86.0,16.7,21.4,298.0
174_3_5,174,3,5,methapyrilene,Repeat,15 day,0,mg/kg,Control,methapyrilene_Control_15 day,1930,78,103.0,149,0.01,0.01,206,20.0,0.2,143.0,4.3,108.0,10.4,8.3,5.6,3.1,1.2,67.0,48.0,164.0,1.0,682.0,13.7,41.1,60.3,20.1,33.3,4.3,108.5,126.5,13.0,1.0,0.0,2.0,83.0,16.4,20.6,327.0
174_4_1,174,4,1,methapyrilene,Repeat,29 day,0,mg/kg,Control,methapyrilene_Control_29 day,1234,59,79.0,112,0.02,0.02,196,18.0,0.2,143.0,3.8,108.0,10.0,5.6,5.9,3.3,1.2,67.0,37.0,129.0,1.0,796.0,15.4,43.6,54.8,19.3,35.2,2.3,102.3,85.7,17.0,1.0,0.0,1.0,80.0,16.4,24.0,296.0
174_4_2,174,4,2,methapyrilene,Repeat,29 day,0,mg/kg,Control,methapyrilene_Control_29 day,1053,75,113.0,145,0.0,0.0,193,20.0,0.3,142.0,4.0,106.0,10.2,7.1,5.6,2.7,1.0,79.0,57.0,208.0,2.0,754.0,14.9,44.5,59.1,19.8,33.5,3.3,81.3,76.3,20.0,1.0,0.0,2.0,76.0,16.4,22.5,276.0
174_4_3,174,4,3,methapyrilene,Repeat,29 day,0,mg/kg,Control,methapyrilene_Control_29 day,1104,81,132.0,156,0.01,0.0,168,21.0,0.2,144.0,4.3,110.0,10.0,5.5,5.6,3.0,1.1,62.0,38.0,177.0,2.0,746.0,14.3,41.5,55.6,19.2,34.5,2.5,114.9,111.2,22.0,1.0,0.0,2.0,74.0,15.8,23.1,285.0
174_4_4,174,4,4,methapyrilene,Repeat,29 day,0,mg/kg,Control,methapyrilene_Control_29 day,1396,61,125.0,127,0.03,0.0,184,17.0,0.2,144.0,4.2,106.0,10.7,7.0,5.8,3.2,1.3,57.0,41.0,130.0,2.0,754.0,14.6,42.3,56.1,19.3,34.4,3.1,94.5,86.8,13.0,1.0,0.0,2.0,83.0,16.1,23.6,286.0
174_4_5,174,4,5,methapyrilene,Repeat,29 day,0,mg/kg,Control,methapyrilene_Control_29 day,1090,59,66.0,119,0.0,0.0,177,17.0,0.2,143.0,4.2,109.0,10.3,4.6,5.8,3.2,1.2,67.0,40.0,136.0,2.0,707.0,14.1,41.6,58.9,19.9,33.9,3.2,94.9,100.0,15.0,1.0,0.0,1.0,82.0,16.0,24.0,298.0
176_1_1,176,1,1,phenytoin,Repeat,4 day,0,mg/kg,Control,phenytoin_Control_4 day,1557,69,54.0,131,0.03,0.0,191,16.0,0.1,142.0,3.7,104.0,11.0,7.3,6.0,3.3,1.2,66.0,51.0,175.0,1.0,674.0,14.0,41.6,61.7,20.8,33.7,5.8,129.2,56.0,16.0,1.0,0.0,2.0,82.0,16.5,22.5,318.0
176_1_2,176,1,2,phenytoin,Repeat,4 day,0,mg/kg,Control,phenytoin_Control_4 day,1261,82,77.0,153,0.02,0.0,192,20.0,0.1,143.0,4.0,104.0,11.1,7.0,5.6,3.0,1.1,70.0,51.0,170.0,1.0,568.0,13.0,39.2,68.9,22.9,33.2,9.5,112.9,82.0,17.0,0.0,0.0,3.0,79.0,16.1,19.6,308.0
176_1_3,176,1,3,phenytoin,Repeat,4 day,0,mg/kg,Control,phenytoin_Control_4 day,2146,74,100.0,146,0.01,0.0,187,19.0,0.1,144.0,4.4,106.0,10.5,8.2,5.6,3.0,1.1,68.0,41.0,156.0,1.0,590.0,13.2,37.7,63.9,22.5,35.1,7.9,122.4,74.7,11.0,1.0,0.0,2.0,85.0,15.6,23.7,275.0
176_1_4,176,1,4,phenytoin,Repeat,4 day,0,mg/kg,Control,phenytoin_Control_4 day,1561,76,64.0,134,0.02,0.0,194,16.0,0.1,143.0,4.4,105.0,10.7,7.8,5.6,3.1,1.3,80.0,44.0,181.0,1.0,585.0,13.0,37.7,64.4,22.2,34.5,6.9,126.1,72.8,19.0,1.0,0.0,2.0,77.0,15.6,19.8,295.0
176_1_5,176,1,5,phenytoin,Repeat,4 day,0,mg/kg,Control,phenytoin_Control_4 day,1917,66,125.0,144,0.01,0.0,199,20.0,0.2,143.0,4.1,106.0,10.8,7.7,5.5,2.9,1.1,71.0,47.0,211.0,1.0,626.0,13.2,38.8,62.0,21.1,34.0,6.9,141.1,83.4,13.0,1.0,0.0,3.0,83.0,16.3,20.3,313.0
176_2_1,176,2,1,phenytoin,Repeat,8 day,0,mg/kg,Control,phenytoin_Control_8 day,1370,80,170.0,162,0.0,0.0,199,17.0,0.2,139.0,4.2,104.0,10.5,7.6,5.5,2.8,1.0,69.0,41.0,253.0,0.0,636.0,13.4,39.0,61.3,21.1,34.4,5.3,116.4,92.7,16.0,0.0,0.0,2.0,81.0,15.8,19.3,286.0
176_2_2,176,2,2,phenytoin,Repeat,8 day,0,mg/kg,Control,phenytoin_Control_8 day,1295,65,173.0,150,0.05,0.01,226,20.0,0.2,142.0,4.5,106.0,10.7,8.4,5.7,2.9,1.1,63.0,27.0,179.0,1.0,659.0,13.9,40.9,62.0,21.0,33.9,4.9,131.3,95.5,8.0,0.0,0.0,2.0,88.0,16.1,21.5,313.0
176_2_3,176,2,3,phenytoin,Repeat,8 day,0,mg/kg,Control,phenytoin_Control_8 day,1239,60,115.0,125,0.0,0.01,179,18.0,0.2,142.0,4.8,108.0,10.3,7.1,5.5,2.7,1.0,64.0,36.0,163.0,1.0,603.0,13.2,38.2,63.4,21.8,34.4,5.5,114.9,102.3,23.0,1.0,0.0,3.0,72.0,16.1,19.7,325.0
176_2_4,176,2,4,phenytoin,Repeat,8 day,0,mg/kg,Control,phenytoin_Control_8 day,2072,63,75.0,122,0.04,0.0,195,21.0,0.2,143.0,4.5,107.0,10.6,7.0,5.8,3.2,1.2,64.0,33.0,162.0,1.0,635.0,13.4,39.6,62.4,21.1,33.8,6.5,127.8,143.5,11.0,1.0,0.0,3.0,84.0,16.1,23.3,293.0
176_2_5,176,2,5,phenytoin,Repeat,8 day,0,mg/kg,Control,phenytoin_Control_8 day,1239,69,124.0,141,0.03,0.0,187,20.0,0.2,142.0,4.8,106.0,10.6,8.2,5.5,3.1,1.3,65.0,37.0,228.0,1.0,607.0,13.2,38.2,62.9,21.8,34.7,6.0,137.4,134.3,10.0,0.0,0.0,2.0,86.0,15.7,20.3,285.0
176_3_1,176,3,1,phenytoin,Repeat,15 day,0,mg/kg,Control,phenytoin_Control_15 day,1419,74,144.0,152,0.0,0.0,215,20.0,0.2,140.0,4.0,104.0,10.8,7.5,5.8,2.9,1.0,60.0,38.0,145.0,1.0,674.0,13.5,39.4,58.4,20.1,34.3,5.8,121.5,132.7,17.0,1.0,0.0,3.0,78.0,16.5,19.2,304.0
176_3_2,176,3,2,phenytoin,Repeat,15 day,0,mg/kg,Control,phenytoin_Control_15 day,1343,54,156.0,131,0.0,0.0,193,19.0,0.2,141.0,4.4,107.0,10.3,7.6,5.7,3.1,1.2,62.0,33.0,145.0,1.0,731.0,14.9,44.0,60.2,20.4,33.9,3.9,110.6,126.8,8.0,1.0,0.0,2.0,89.0,16.9,25.2,304.0
176_3_3,176,3,3,phenytoin,Repeat,15 day,0,mg/kg,Control,phenytoin_Control_15 day,1247,88,124.0,163,0.03,0.0,194,22.0,0.2,141.0,4.5,105.0,10.9,7.4,5.9,3.1,1.1,65.0,43.0,115.0,3.0,670.0,13.7,39.2,58.6,20.5,34.9,4.9,134.9,138.3,15.0,1.0,0.0,2.0,81.0,15.7,19.5,298.0
176_3_4,176,3,4,phenytoin,Repeat,15 day,0,mg/kg,Control,phenytoin_Control_15 day,1677,62,154.0,140,0.01,0.0,195,18.0,0.2,143.0,4.2,106.0,10.7,6.8,5.4,2.9,1.2,68.0,40.0,147.0,2.0,695.0,14.1,41.9,60.3,20.3,33.6,4.5,127.4,142.3,21.0,1.0,0.0,2.0,76.0,16.9,23.7,268.0
176_3_5,176,3,5,phenytoin,Repeat,15 day,0,mg/kg,Control,phenytoin_Control_15 day,1780,64,192.0,151,0.02,0.0,200,22.0,0.2,142.0,4.4,106.0,10.6,6.6,5.3,3.1,1.4,60.0,46.0,130.0,2.0,680.0,14.1,39.9,58.6,20.8,35.5,4.1,126.7,137.0,13.0,1.0,0.0,2.0,83.0,16.3,21.1,279.0
176_4_1,176,4,1,phenytoin,Repeat,29 day,0,mg/kg,Control,phenytoin_Control_29 day,1327,52,144.0,114,0.01,0.0,184,20.0,0.3,142.0,3.7,107.0,10.2,6.2,5.9,2.8,0.9,58.0,34.0,173.0,1.0,707.0,15.1,40.9,57.8,21.4,37.0,3.0,116.8,140.2,18.0,1.0,0.0,1.0,79.0,16.0,21.9,315.0
176_4_2,176,4,2,phenytoin,Repeat,29 day,0,mg/kg,Control,phenytoin_Control_29 day,972,71,98.0,137,0.03,0.01,194,20.0,0.2,143.0,3.9,106.0,10.6,6.8,6.3,2.8,0.8,71.0,42.0,168.0,1.0,709.0,15.3,43.5,61.3,21.5,35.1,3.2,130.7,149.7,9.0,1.0,0.0,2.0,87.0,15.8,24.3,329.0
176_4_3,176,4,3,phenytoin,Repeat,29 day,0,mg/kg,Control,phenytoin_Control_29 day,1070,63,231.0,152,0.02,0.0,168,19.0,0.2,142.0,3.9,105.0,10.6,7.1,6.1,2.9,0.9,54.0,38.0,115.0,2.0,750.0,15.4,43.5,58.0,20.6,35.5,3.0,119.6,242.3,15.0,1.0,0.0,1.0,83.0,15.8,23.9,322.0
176_4_4,176,4,4,phenytoin,Repeat,29 day,0,mg/kg,Control,phenytoin_Control_29 day,1737,78,158.0,157,0.03,0.0,194,20.0,0.3,143.0,3.9,108.0,10.7,4.9,6.0,3.2,1.1,69.0,41.0,160.0,1.0,763.0,15.9,45.4,59.6,20.9,35.1,3.0,103.2,108.1,13.0,1.0,0.0,2.0,84.0,15.6,23.7,291.0
176_4_5,176,4,5,phenytoin,Repeat,29 day,0,mg/kg,Control,phenytoin_Control_29 day,1084,75,86.0,138,0.02,0.01,208,22.0,0.3,142.0,3.9,105.0,10.3,6.6,6.0,3.1,1.1,57.0,39.0,141.0,1.0,715.0,14.7,40.8,57.0,20.5,36.0,3.1,111.5,95.0,12.0,1.0,0.0,2.0,84.0,15.8,22.6,280.0
182_1_1,182,1,1,WY-14643,Repeat,4 day,0,mg/kg,Control,WY-14643_Control_4 day,1647,91,72.0,164,0.04,0.03,235,20.0,0.2,138.0,3.7,100.0,10.6,7.8,5.4,2.6,0.9,80.0,54.0,105.0,2.0,554.0,12.8,36.8,66.3,23.1,34.8,7.8,108.1,117.2,15.0,1.0,0.0,3.0,81.0,12.3,15.1,301.0
182_1_2,182,1,2,WY-14643,Repeat,4 day,0,mg/kg,Control,WY-14643_Control_4 day,1732,75,125.0,167,0.03,0.03,198,16.0,0.2,143.0,3.6,107.0,11.0,8.1,5.7,2.7,0.9,64.0,43.0,67.0,2.0,629.0,13.4,39.3,62.5,21.3,34.1,6.4,133.5,84.8,22.0,1.0,0.0,2.0,74.0,12.3,16.5,264.0
182_1_3,182,1,3,WY-14643,Repeat,4 day,0,mg/kg,Control,WY-14643_Control_4 day,1356,86,112.0,171,0.04,0.02,194,14.0,0.2,145.0,3.9,105.0,11.2,9.1,5.5,2.6,0.9,72.0,49.0,59.0,1.0,622.0,13.6,39.7,63.9,21.8,34.2,7.4,91.9,84.7,14.0,1.0,0.0,3.0,81.0,12.4,18.6,277.0
182_1_4,182,1,4,WY-14643,Repeat,4 day,0,mg/kg,Control,WY-14643_Control_4 day,1621,68,62.0,130,0.02,0.01,187,15.0,0.2,145.0,3.9,108.0,10.6,8.1,5.4,2.6,0.9,95.0,51.0,80.0,2.0,599.0,13.5,39.1,65.3,22.5,34.5,6.3,107.3,49.1,28.0,1.0,0.0,3.0,68.0,12.4,14.8,298.0
182_1_5,182,1,5,WY-14643,Repeat,4 day,0,mg/kg,Control,WY-14643_Control_4 day,1461,78,93.0,143,0.03,0.03,192,14.0,0.2,144.0,4.1,107.0,10.8,8.0,5.5,2.6,0.9,74.0,53.0,91.0,1.0,643.0,14.4,42.0,65.3,22.4,34.3,7.2,104.6,91.0,22.0,2.0,0.0,3.0,72.0,12.2,17.0,285.0
182_2_1,182,2,1,WY-14643,Repeat,8 day,0,mg/kg,Control,WY-14643_Control_8 day,1953,83,139.0,170,0.03,0.02,248,23.0,0.2,140.0,4.0,103.0,10.9,7.1,5.9,2.7,0.8,65.0,54.0,80.0,1.0,673.0,13.9,40.3,59.9,20.6,34.4,5.7,118.3,93.9,13.0,0.0,0.0,3.0,83.0,12.2,14.6,329.0
182_2_2,182,2,2,WY-14643,Repeat,8 day,0,mg/kg,Control,WY-14643_Control_8 day,1747,74,125.0,149,0.05,0.02,184,18.0,0.2,144.0,4.1,107.0,10.9,6.6,5.6,2.6,0.9,65.0,46.0,66.0,1.0,596.0,14.3,40.3,67.6,24.0,35.5,5.0,145.1,90.0,13.0,1.0,0.0,2.0,84.0,12.7,18.0,280.0
182_2_3,182,2,3,WY-14643,Repeat,8 day,0,mg/kg,Control,WY-14643_Control_8 day,1512,88,137.0,176,0.04,0.02,213,22.0,0.2,142.0,4.0,105.0,11.1,7.1,6.0,2.8,0.9,74.0,49.0,103.0,1.0,646.0,13.6,39.7,61.4,21.1,34.3,5.7,128.5,80.6,8.0,0.0,0.0,2.0,90.0,11.9,17.6,283.0
182_2_4,182,2,4,WY-14643,Repeat,8 day,0,mg/kg,Control,WY-14643_Control_8 day,2317,79,126.0,161,0.03,0.02,186,18.0,0.2,143.0,3.9,106.0,11.1,7.1,6.1,2.8,0.8,69.0,49.0,81.0,1.0,671.0,14.4,41.4,61.7,21.5,34.8,5.0,121.6,79.8,22.0,0.0,0.0,2.0,76.0,12.1,16.7,350.0
182_2_5,182,2,5,WY-14643,Repeat,8 day,0,mg/kg,Control,WY-14643_Control_8 day,1575,80,115.0,165,0.03,0.02,197,16.0,0.2,143.0,4.0,104.0,10.9,7.6,6.0,2.8,0.9,65.0,46.0,70.0,1.0,657.0,13.9,40.2,61.1,21.1,34.6,6.0,124.4,103.8,13.0,1.0,0.0,2.0,84.0,12.4,16.2,321.0
182_3_1,182,3,1,WY-14643,Repeat,15 day,0,mg/kg,Control,WY-14643_Control_15 day,1107,77,161.0,163,0.03,0.02,204,18.0,0.2,141.0,3.7,103.0,10.4,6.8,6.1,2.8,0.8,59.0,35.0,87.0,1.0,726.0,14.6,41.7,57.5,20.1,35.0,4.2,120.3,121.2,13.0,1.0,0.0,2.0,84.0,12.0,14.8,322.0
182_3_2,182,3,2,WY-14643,Repeat,15 day,0,mg/kg,Control,WY-14643_Control_15 day,1130,74,117.0,143,0.02,0.01,205,17.0,0.2,145.0,3.5,106.0,10.7,7.6,6.1,2.8,0.8,71.0,45.0,66.0,2.0,726.0,14.3,40.8,56.2,19.7,35.0,4.6,116.9,99.0,21.0,1.0,0.0,3.0,74.0,12.2,14.4,343.0
182_3_3,182,3,3,WY-14643,Repeat,15 day,0,mg/kg,Control,WY-14643_Control_15 day,1535,81,97.0,158,0.03,0.01,201,14.0,0.2,144.0,4.0,106.0,10.5,6.7,6.2,2.8,0.8,61.0,38.0,68.0,1.0,722.0,14.9,41.5,57.5,20.6,35.9,3.7,117.7,91.6,23.0,0.0,0.0,3.0,73.0,12.3,15.6,366.0
182_3_4,182,3,4,WY-14643,Repeat,15 day,0,mg/kg,Control,WY-14643_Control_15 day,968,52,81.0,102,0.03,0.02,205,17.0,0.2,144.0,3.8,107.0,10.6,7.4,6.0,2.7,0.8,70.0,42.0,125.0,1.0,695.0,14.3,40.3,58.0,20.6,35.5,3.8,121.5,76.4,22.0,1.0,0.0,2.0,75.0,12.8,16.2,301.0
182_3_5,182,3,5,WY-14643,Repeat,15 day,0,mg/kg,Control,WY-14643_Control_15 day,968,61,131.0,132,0.04,0.02,197,14.0,0.2,143.0,4.0,104.0,10.6,7.1,5.8,2.7,0.9,68.0,46.0,48.0,1.0,715.0,14.1,41.0,57.3,19.8,34.5,4.1,121.4,120.7,14.0,1.0,0.0,2.0,82.0,12.6,16.3,289.0
182_4_1,182,4,1,WY-14643,Repeat,29 day,0,mg/kg,Control,WY-14643_Control_29 day,1263,88,227.0,168,0.06,0.02,212,18.0,0.2,143.0,3.4,105.0,10.8,5.5,6.2,2.6,0.7,53.0,33.0,56.0,0.0,801.0,15.8,44.9,56.1,19.7,35.1,1.9,104.8,76.1,11.0,1.0,0.0,2.0,84.0,12.5,17.0,246.0
182_4_2,182,4,2,WY-14643,Repeat,29 day,0,mg/kg,Control,WY-14643_Control_29 day,909,81,72.0,149,0.05,0.01,202,18.0,0.3,145.0,3.9,107.0,10.8,6.5,6.6,2.9,0.8,56.0,36.0,60.0,1.0,804.0,15.4,43.6,54.3,19.2,35.3,2.3,113.2,83.1,24.0,1.0,0.0,2.0,73.0,12.1,19.1,281.0
182_4_3,182,4,3,WY-14643,Repeat,29 day,0,mg/kg,Control,WY-14643_Control_29 day,929,72,43.0,127,0.07,0.01,191,10.0,0.2,144.0,3.4,108.0,10.3,5.9,6.3,2.8,0.8,69.0,40.0,36.0,2.0,819.0,16.3,45.6,55.6,19.8,35.7,2.1,88.5,85.8,26.0,2.0,0.0,2.0,70.0,12.1,16.6,346.0
182_4_4,182,4,4,WY-14643,Repeat,29 day,0,mg/kg,Control,WY-14643_Control_29 day,799,76,67.0,135,0.06,0.02,185,11.0,0.2,144.0,3.6,106.0,10.5,7.4,6.4,2.9,0.8,59.0,38.0,49.0,1.0,781.0,15.8,43.4,55.6,20.3,36.5,2.3,103.5,61.7,24.0,1.0,0.0,3.0,71.0,12.5,20.3,249.0
182_4_5,182,4,5,WY-14643,Repeat,29 day,0,mg/kg,Control,WY-14643_Control_29 day,876,62,43.0,119,0.08,0.03,205,13.0,0.2,145.0,3.2,107.0,11.1,7.4,6.4,2.8,0.8,60.0,34.0,43.0,1.0,779.0,15.4,43.3,55.7,19.8,35.5,2.9,92.8,104.4,18.0,1.0,0.0,3.0,77.0,12.4,15.3,301.0
197_1_1,197,1,1,coumarin,Repeat,4 day,0,mg/kg,Control,coumarin_Control_4 day,812,72,108.0,122,0.35,0.02,209,17.0,0.5,138.0,4.8,105.0,10.6,6.9,5.7,4.0,2.4,67.0,40.0,97.0,1.0,616.0,13.2,40.2,65.2,21.4,32.8,8.1,112.8,97.7,19.0,1.0,0.0,7.0,73.0,12.0,16.1,207.0
197_1_2,197,1,2,coumarin,Repeat,4 day,0,mg/kg,Control,coumarin_Control_4 day,996,87,59.0,150,0.32,0.07,186,15.0,0.5,139.0,5.3,106.0,10.7,8.0,5.6,3.7,2.0,62.0,36.0,86.0,1.0,622.0,13.6,41.3,66.5,21.9,32.9,9.5,107.3,111.0,18.0,1.0,0.0,12.0,69.0,11.6,16.3,215.0
197_1_3,197,1,3,coumarin,Repeat,4 day,0,mg/kg,Control,coumarin_Control_4 day,878,92,52.0,150,0.35,0.01,190,18.0,0.6,140.0,4.4,104.0,11.1,8.9,5.6,3.8,2.1,83.0,45.0,85.0,1.0,621.0,13.2,40.1,64.5,21.2,32.8,6.7,95.0,100.0,19.0,1.0,0.0,5.0,75.0,11.8,16.7,187.0
197_1_4,197,1,4,coumarin,Repeat,4 day,0,mg/kg,Control,coumarin_Control_4 day,819,72,50.0,127,0.37,0.0,201,12.0,0.5,137.0,5.4,104.0,10.4,7.8,5.5,3.5,1.8,68.0,39.0,96.0,1.0,610.0,13.1,39.8,65.2,21.5,32.9,8.3,94.1,86.5,20.0,1.0,0.0,12.0,66.0,11.7,16.1,194.0
197_1_5,197,1,5,coumarin,Repeat,4 day,0,mg/kg,Control,coumarin_Control_4 day,742,75,24.0,124,0.33,0.08,237,14.0,0.5,140.0,4.6,105.0,10.9,8.3,5.7,3.8,2.0,63.0,39.0,73.0,1.0,620.0,13.7,42.2,68.1,22.1,32.5,7.4,79.7,84.3,45.0,2.0,0.0,13.0,41.0,11.9,15.8,218.0
197_2_1,197,2,1,coumarin,Repeat,8 day,0,mg/kg,Control,coumarin_Control_8 day,885,63,177.0,151,0.33,0.0,201,24.0,0.6,138.0,4.7,103.0,10.6,7.5,6.2,4.1,2.0,61.0,31.0,91.0,1.0,632.0,13.8,41.3,65.4,21.8,33.3,7.0,116.9,171.0,13.0,1.0,0.0,6.0,81.0,11.8,16.4,239.0
197_2_2,197,2,2,coumarin,Repeat,8 day,0,mg/kg,Control,coumarin_Control_8 day,1243,78,154.0,157,0.3,0.0,200,16.0,0.6,138.0,4.9,106.0,10.1,7.0,5.8,3.9,2.1,63.0,37.0,80.0,2.0,652.0,13.9,42.2,64.7,21.4,33.0,6.4,109.2,180.0,16.0,1.0,0.0,5.0,78.0,11.5,16.7,208.0
197_2_3,197,2,3,coumarin,Repeat,8 day,0,mg/kg,Control,coumarin_Control_8 day,675,62,97.0,126,0.33,0.07,173,17.0,0.6,139.0,5.3,106.0,10.7,7.6,5.6,3.9,2.3,32.0,33.0,75.0,1.0,624.0,13.7,41.0,65.8,22.0,33.4,5.8,104.8,110.0,11.0,0.0,0.0,3.0,85.0,12.3,17.1,214.0
197_2_4,197,2,4,coumarin,Repeat,8 day,0,mg/kg,Control,coumarin_Control_8 day,1093,73,81.0,146,0.23,0.0,192,19.0,0.6,139.0,5.1,106.0,10.5,7.8,5.7,3.9,2.2,73.0,41.0,95.0,1.0,661.0,13.6,41.2,62.4,20.6,33.1,6.2,108.9,146.0,7.0,0.0,0.0,2.0,90.0,12.3,15.6,207.0
197_2_5,197,2,5,coumarin,Repeat,8 day,0,mg/kg,Control,coumarin_Control_8 day,877,74,35.0,133,0.35,0.0,183,13.0,0.6,139.0,4.7,103.0,11.1,7.4,5.4,3.8,2.4,61.0,36.0,57.0,2.0,680.0,14.1,42.3,62.1,20.7,33.4,5.0,102.8,118.0,12.0,1.0,0.0,4.0,83.0,11.9,16.7,224.0
197_3_1,197,3,1,coumarin,Repeat,15 day,0,mg/kg,Control,coumarin_Control_15 day,665,92,98.0,165,0.21,0.1,209,20.0,0.6,140.0,4.7,105.0,10.7,8.3,5.8,3.8,1.9,61.0,30.0,84.0,1.0,644.0,13.4,40.3,62.6,20.8,33.2,6.1,126.1,81.1,13.0,1.0,1.0,13.0,72.0,11.9,16.0,228.0
197_3_2,197,3,2,coumarin,Repeat,15 day,0,mg/kg,Control,coumarin_Control_15 day,767,83,104.0,171,0.35,0.11,170,17.0,0.7,140.0,4.9,107.0,11.2,6.9,6.1,4.2,2.2,61.0,34.0,94.0,0.0,725.0,14.4,43.9,60.5,19.8,32.8,3.7,100.4,82.6,10.0,1.0,0.0,13.0,76.0,11.7,17.0,228.0
197_3_3,197,3,3,coumarin,Repeat,15 day,0,mg/kg,Control,coumarin_Control_15 day,1094,89,128.0,172,0.31,0.07,196,16.0,0.6,139.0,5.0,106.0,10.4,6.9,6.2,3.9,1.7,59.0,33.0,67.0,1.0,688.0,14.3,43.0,62.6,20.8,33.3,5.9,116.8,139.0,12.0,0.0,0.0,3.0,85.0,11.6,16.7,225.0
197_3_4,197,3,4,coumarin,Repeat,15 day,0,mg/kg,Control,coumarin_Control_15 day,941,77,92.0,152,0.27,0.04,201,16.0,0.6,139.0,4.4,106.0,11.0,6.8,6.2,4.2,2.1,57.0,30.0,100.0,1.0,694.0,14.4,43.5,62.7,20.8,33.2,4.5,136.3,122.0,9.0,0.0,0.0,3.0,88.0,11.8,17.2,242.0
197_3_5,197,3,5,coumarin,Repeat,15 day,0,mg/kg,Control,coumarin_Control_15 day,735,79,98.0,169,0.33,0.08,184,17.0,0.5,139.0,5.1,107.0,10.8,8.5,5.8,4.0,2.2,57.0,35.0,79.0,4.0,711.0,14.6,43.8,61.7,20.6,33.4,4.0,108.6,150.0,10.0,1.0,0.0,5.0,84.0,11.7,16.7,228.0
197_4_1,197,4,1,coumarin,Repeat,29 day,0,mg/kg,Control,coumarin_Control_29 day,491,65,183.0,146,0.31,0.01,218,17.0,0.5,137.0,4.6,106.0,10.2,6.4,6.6,3.8,1.4,45.0,27.0,63.0,1.0,791.0,15.3,45.6,57.6,19.4,33.6,2.7,103.8,178.0,11.0,1.0,1.0,5.0,82.0,12.1,18.0,231.0
197_4_2,197,4,2,coumarin,Repeat,29 day,0,mg/kg,Control,coumarin_Control_29 day,471,60,144.0,128,0.29,0.01,204,19.0,0.6,139.0,4.5,107.0,10.7,6.4,6.7,4.0,1.5,52.0,33.0,51.0,2.0,728.0,15.0,44.8,61.5,20.7,33.6,3.7,61.5,117.0,20.0,1.0,0.0,4.0,74.0,12.0,18.6,238.0
197_4_3,197,4,3,coumarin,Repeat,29 day,0,mg/kg,Control,coumarin_Control_29 day,950,65,158.0,148,0.3,0.01,217,21.0,0.6,139.0,4.6,106.0,10.6,6.4,6.4,3.9,1.6,58.0,35.0,43.0,1.0,772.0,14.7,44.4,57.5,19.0,33.1,2.7,111.2,124.0,11.0,2.0,0.0,7.0,80.0,11.9,16.6,223.0
197_4_4,197,4,4,coumarin,Repeat,29 day,0,mg/kg,Control,coumarin_Control_29 day,551,62,91.0,140,0.38,0.03,216,18.0,0.6,140.0,4.2,107.0,10.9,6.4,6.3,4.2,2.0,58.0,33.0,49.0,1.0,781.0,16.0,48.0,61.4,20.4,33.3,2.4,109.2,95.8,14.0,1.0,0.0,4.0,81.0,12.0,18.4,232.0
197_4_5,197,4,5,coumarin,Repeat,29 day,0,mg/kg,Control,coumarin_Control_29 day,1066,63,54.0,125,0.38,0.0,220,19.0,0.6,139.0,4.4,104.0,10.9,6.7,6.0,3.9,1.9,58.0,28.0,49.0,0.0,773.0,14.5,43.4,56.1,18.7,33.4,2.6,119.3,129.0,13.0,1.0,0.0,5.0,81.0,12.2,17.6,201.0
199_1_1,199,1,1,allopurinol,Repeat,4 day,0,mg/kg,Control,allopurinol_Control_4 day,753,101,192.0,195,0.2,0.0,217,18.0,0.5,137.0,5.3,105.0,11.2,7.2,6.0,3.9,1.9,66.0,43.0,103.0,1.0,580.0,13.3,39.9,68.9,23.0,33.3,8.8,89.1,184.0,16.0,1.0,0.0,18.0,64.0,11.7,16.2,249.0
199_1_2,199,1,2,allopurinol,Repeat,4 day,0,mg/kg,Control,allopurinol_Control_4 day,1010,89,170.0,192,0.18,0.0,194,20.0,0.5,138.0,4.8,106.0,11.4,7.8,6.4,4.1,1.8,63.0,32.0,92.0,1.0,651.0,14.4,42.4,65.1,22.1,33.9,7.5,120.2,109.0,11.0,1.0,0.0,12.0,76.0,11.9,15.8,251.0
199_1_3,199,1,3,allopurinol,Repeat,4 day,0,mg/kg,Control,allopurinol_Control_4 day,733,70,66.0,137,0.31,0.0,187,16.0,0.5,136.0,5.0,104.0,11.3,8.6,5.6,3.7,2.0,52.0,29.0,55.0,1.0,616.0,13.7,41.1,66.7,22.2,33.2,8.0,106.7,90.9,16.0,1.0,0.0,11.0,72.0,12.4,18.6,208.0
199_1_4,199,1,4,allopurinol,Repeat,4 day,0,mg/kg,Control,allopurinol_Control_4 day,851,87,104.0,167,0.28,0.0,206,19.0,0.5,140.0,4.8,104.0,11.6,9.1,5.8,3.8,1.9,53.0,33.0,77.0,2.0,619.0,13.7,41.1,66.4,22.1,33.2,7.5,88.8,149.0,10.0,1.0,0.0,10.0,79.0,11.7,16.0,243.0
199_1_5,199,1,5,allopurinol,Repeat,4 day,0,mg/kg,Control,allopurinol_Control_4 day,969,92,118.0,182,0.25,0.0,204,18.0,0.6,138.0,4.6,106.0,11.5,8.0,6.0,3.8,1.7,57.0,34.0,96.0,1.0,650.0,14.2,43.1,66.2,21.9,33.0,6.7,62.5,103.0,11.0,0.0,0.0,7.0,82.0,11.9,16.3,234.0
199_2_1,199,2,1,allopurinol,Repeat,8 day,0,mg/kg,Control,allopurinol_Control_8 day,726,76,38.0,147,0.28,0.0,207,27.0,0.6,133.0,4.9,101.0,10.6,8.0,6.2,4.1,2.0,52.0,25.0,110.0,1.0,731.0,15.2,46.3,63.3,20.8,32.9,4.4,110.0,112.0,21.0,2.0,0.0,7.0,71.0,11.4,17.3,254.0
199_2_2,199,2,2,allopurinol,Repeat,8 day,0,mg/kg,Control,allopurinol_Control_8 day,965,61,58.0,125,0.31,0.0,205,23.0,0.6,136.0,4.8,105.0,10.7,7.3,6.3,3.9,1.6,54.0,20.0,92.0,0.0,732.0,15.0,45.0,61.5,20.5,33.3,4.5,129.3,98.8,11.0,1.0,0.0,1.0,88.0,12.1,18.0,249.0
199_2_3,199,2,3,allopurinol,Repeat,8 day,0,mg/kg,Control,allopurinol_Control_8 day,790,70,66.0,136,0.33,0.1,191,20.0,0.5,140.0,4.6,106.0,10.8,6.7,6.4,4.3,2.1,61.0,29.0,72.0,2.0,839.0,15.9,48.8,58.1,19.0,32.7,2.6,113.5,72.4,19.0,1.0,0.0,4.0,77.0,12.0,17.7,237.0
199_2_4,199,2,4,allopurinol,Repeat,8 day,0,mg/kg,Control,allopurinol_Control_8 day,1057,72,57.0,134,0.48,0.12,208,20.0,0.5,133.0,4.4,102.0,10.7,9.1,5.7,3.8,2.0,52.0,24.0,76.0,1.0,678.0,14.2,41.8,61.6,20.9,33.9,6.1,125.8,151.0,9.0,0.0,0.0,3.0,87.0,12.1,17.0,230.0
199_2_5,199,2,5,allopurinol,Repeat,8 day,0,mg/kg,Control,allopurinol_Control_8 day,836,62,83.0,135,0.32,0.08,204,22.0,0.5,141.0,4.5,103.0,11.0,7.3,6.2,4.0,1.8,62.0,32.0,81.0,2.0,707.0,14.8,44.2,62.6,20.9,33.4,4.8,111.7,97.5,24.0,1.0,0.0,9.0,66.0,12.3,15.8,241.0
199_3_1,199,3,1,allopurinol,Repeat,15 day,0,mg/kg,Control,allopurinol_Control_15 day,618,61,137.0,135,0.26,0.0,220,20.0,0.5,138.0,4.6,106.0,10.2,7.0,6.2,3.7,1.5,67.0,36.0,75.0,1.0,731.0,14.7,45.6,62.4,20.2,32.3,3.5,99.8,101.0,25.0,1.0,0.0,7.0,68.0,12.0,17.0,227.0
199_3_2,199,3,2,allopurinol,Repeat,15 day,0,mg/kg,Control,allopurinol_Control_15 day,750,81,141.0,174,0.1,0.0,206,17.0,0.6,141.0,4.0,108.0,11.5,8.4,6.1,3.6,1.4,64.0,39.0,101.0,1.0,749.0,14.8,44.1,58.8,19.7,33.6,3.3,110.1,136.0,10.0,1.0,0.0,8.0,81.0,11.5,17.7,223.0
199_3_3,199,3,3,allopurinol,Repeat,15 day,0,mg/kg,Control,allopurinol_Control_15 day,743,61,112.0,131,0.44,0.03,192,18.0,0.6,140.0,4.6,107.0,10.9,7.8,5.9,3.6,1.6,61.0,26.0,61.0,2.0,745.0,14.2,42.6,57.2,19.0,33.3,3.7,73.8,80.6,12.0,1.0,0.0,4.0,83.0,12.3,16.5,207.0
199_3_4,199,3,4,allopurinol,Repeat,15 day,0,mg/kg,Control,allopurinol_Control_15 day,720,90,116.0,183,0.33,0.0,209,16.0,0.6,141.0,4.4,108.0,11.3,7.8,6.1,3.8,1.7,64.0,30.0,67.0,1.0,693.0,14.4,44.4,64.1,20.7,32.4,3.8,102.1,122.0,13.0,1.0,0.0,3.0,83.0,11.4,16.1,248.0
199_3_5,199,3,5,allopurinol,Repeat,15 day,0,mg/kg,Control,allopurinol_Control_15 day,721,57,84.0,127,0.32,0.02,205,18.0,0.6,139.0,4.1,106.0,10.7,8.3,5.8,3.5,1.5,58.0,29.0,45.0,3.0,722.0,14.4,43.4,60.1,20.0,33.2,4.1,102.6,83.7,24.0,1.0,0.0,8.0,67.0,12.2,17.3,230.0
199_4_1,199,4,1,allopurinol,Repeat,29 day,0,mg/kg,Control,allopurinol_Control_29 day,548,78,189.0,158,0.22,0.0,192,16.0,0.6,138.0,4.8,103.0,10.5,7.0,6.3,4.0,1.7,61.0,34.0,93.0,1.0,743.0,14.0,42.0,56.6,18.9,33.3,3.1,98.3,156.0,18.0,1.0,0.0,10.0,71.0,12.0,16.3,215.0
199_4_2,199,4,2,allopurinol,Repeat,29 day,0,mg/kg,Control,allopurinol_Control_29 day,480,59,75.0,120,0.28,0.06,182,21.0,0.5,140.0,4.7,107.0,10.5,6.8,6.1,3.6,1.4,87.0,39.0,124.0,4.0,731.0,14.0,41.5,56.8,19.1,33.7,5.4,129.5,242.0,9.0,1.0,0.0,3.0,86.0,12.8,16.3,304.0
199_4_3,199,4,3,allopurinol,Repeat,29 day,0,mg/kg,Control,allopurinol_Control_29 day,665,58,245.0,152,0.24,0.0,199,23.0,0.6,140.0,4.4,107.0,10.7,6.3,6.5,4.0,1.6,55.0,32.0,76.0,0.0,751.0,15.5,46.2,61.5,20.7,33.6,2.6,103.8,128.0,12.0,1.0,0.0,5.0,82.0,12.0,17.2,210.0
199_4_4,199,4,4,allopurinol,Repeat,29 day,0,mg/kg,Control,allopurinol_Control_29 day,501,66,124.0,149,0.37,0.03,180,21.0,0.0,139.0,4.7,108.0,10.6,6.3,6.2,3.9,1.7,55.0,24.0,58.0,1.0,777.0,15.0,44.8,57.7,19.4,33.6,3.2,122.3,131.0,11.0,1.0,0.0,5.0,83.0,12.2,17.2,215.0
199_4_5,199,4,5,allopurinol,Repeat,29 day,0,mg/kg,Control,allopurinol_Control_29 day,818,75,104.0,152,0.26,0.0,177,19.0,0.5,137.0,4.7,109.0,10.4,5.9,5.9,3.6,1.6,51.0,29.0,54.0,1.0,832.0,15.4,46.3,55.6,18.5,33.2,3.0,92.6,158.0,9.0,1.0,0.0,8.0,82.0,12.3,14.7,209.0
201_1_1,201,1,1,propylthiouracil,Repeat,4 day,0,mg/kg,Control,propylthiouracil_Control_4 day,1138,82,151.0,156,0.2,0.0,215,23.0,0.5,136.0,5.5,103.0,10.8,7.2,6.2,3.6,1.4,76.0,40.0,99.0,1.0,636.0,13.4,40.9,64.3,21.1,32.9,7.8,112.0,142.0,17.0,0.0,0.0,13.0,70.0,12.3,16.1,235.0
201_1_2,201,1,2,propylthiouracil,Repeat,4 day,0,mg/kg,Control,propylthiouracil_Control_4 day,848,81,121.0,161,0.34,0.0,203,18.0,0.3,138.0,4.8,104.0,11.7,8.3,6.0,3.8,1.7,62.0,34.0,84.0,2.0,629.0,13.6,41.1,65.3,21.7,33.2,8.5,108.7,112.0,25.0,2.0,0.0,5.0,68.0,11.9,16.4,241.0
201_1_3,201,1,3,propylthiouracil,Repeat,4 day,0,mg/kg,Control,propylthiouracil_Control_4 day,927,70,94.0,145,0.49,0.03,162,19.0,0.5,138.0,5.6,103.0,11.9,9.2,5.9,4.1,2.3,62.0,36.0,90.0,2.0,630.0,13.6,41.1,65.3,21.6,33.1,6.5,113.7,168.0,10.0,2.0,0.0,6.0,82.0,11.5,16.2,223.0
201_1_4,201,1,4,propylthiouracil,Repeat,4 day,0,mg/kg,Control,propylthiouracil_Control_4 day,689,93,75.0,165,0.25,0.0,191,22.0,0.5,137.0,4.4,104.0,11.6,9.0,6.2,4.2,2.1,60.0,38.0,98.0,4.0,617.0,13.5,40.7,65.9,21.9,33.2,6.4,116.2,153.0,14.0,0.0,0.0,10.0,76.0,12.4,17.1,241.0
201_1_5,201,1,5,propylthiouracil,Repeat,4 day,0,mg/kg,Control,propylthiouracil_Control_4 day,921,102,53.0,177,0.37,0.08,193,21.0,0.5,138.0,4.8,103.0,11.5,9.7,5.9,3.9,2.0,67.0,45.0,82.0,1.0,598.0,13.3,39.7,66.5,22.2,33.4,8.7,114.9,134.0,21.0,0.0,0.0,8.0,71.0,12.0,15.5,235.0
201_2_1,201,2,1,propylthiouracil,Repeat,8 day,0,mg/kg,Control,propylthiouracil_Control_8 day,1009,83,148.0,159,0.3,0.0,175,22.0,0.5,138.0,5.9,105.0,11.9,8.3,6.3,4.1,1.9,73.0,36.0,118.0,1.0,702.0,14.5,44.1,62.8,20.7,33.0,5.9,91.6,149.0,13.0,0.0,0.0,11.0,76.0,12.1,15.3,232.0
201_2_2,201,2,2,propylthiouracil,Repeat,8 day,0,mg/kg,Control,propylthiouracil_Control_8 day,1286,73,126.0,152,0.35,0.03,180,25.0,0.5,138.0,4.8,105.0,11.4,7.7,6.1,3.9,1.8,65.0,32.0,97.0,2.0,621.0,13.0,38.5,61.9,20.9,33.8,6.7,127.7,138.0,10.0,2.0,0.0,4.0,84.0,11.9,16.6,231.0
201_2_3,201,2,3,propylthiouracil,Repeat,8 day,0,mg/kg,Control,propylthiouracil_Control_8 day,1222,74,159.0,176,0.4,0.0,190,23.0,0.4,138.0,5.5,106.0,11.1,6.4,6.0,4.1,2.2,67.0,34.0,82.0,2.0,632.0,13.9,41.2,65.2,22.0,33.8,6.7,108.4,135.0,12.0,1.0,0.0,3.0,84.0,11.8,15.9,242.0
201_2_4,201,2,4,propylthiouracil,Repeat,8 day,0,mg/kg,Control,propylthiouracil_Control_8 day,950,72,92.0,143,0.43,0.02,182,16.0,0.5,141.0,4.8,108.0,11.2,8.1,6.2,3.7,1.5,66.0,34.0,83.0,2.0,637.0,14.0,41.8,65.7,22.0,33.5,7.1,92.0,122.0,24.0,1.0,0.0,9.0,66.0,12.4,16.1,234.0
201_2_5,201,2,5,propylthiouracil,Repeat,8 day,0,mg/kg,Control,propylthiouracil_Control_8 day,946,83,110.0,162,0.42,0.03,173,18.0,0.5,140.0,5.2,107.0,12.0,9.3,5.9,3.7,1.7,66.0,35.0,98.0,2.0,627.0,13.4,39.2,62.6,21.4,34.1,7.0,106.6,95.6,20.0,0.0,0.0,1.0,79.0,12.0,15.9,223.0
201_3_1,201,3,1,propylthiouracil,Repeat,15 day,0,mg/kg,Control,propylthiouracil_Control_15 day,725,60,102.0,139,0.26,0.0,199,18.0,0.7,140.0,4.5,109.0,10.6,7.3,6.4,4.1,1.8,60.0,28.0,115.0,0.0,705.0,14.7,44.5,63.1,20.9,33.1,4.3,126.2,119.0,22.0,0.0,0.0,2.0,76.0,12.3,16.3,221.0
201_3_2,201,3,2,propylthiouracil,Repeat,15 day,0,mg/kg,Control,propylthiouracil_Control_15 day,603,89,145.0,174,0.29,0.0,190,20.0,0.7,139.0,4.5,107.0,11.0,7.6,6.1,3.6,1.4,55.0,25.0,71.0,1.0,697.0,14.7,43.6,62.5,21.0,33.6,6.7,109.1,129.0,12.0,0.0,0.0,7.0,81.0,11.9,16.8,230.0
201_3_3,201,3,3,propylthiouracil,Repeat,15 day,0,mg/kg,Control,propylthiouracil_Control_15 day,796,70,139.0,163,0.29,0.0,162,19.0,0.7,141.0,4.5,107.0,11.0,8.0,6.1,3.8,1.7,61.0,37.0,84.0,1.0,691.0,14.4,43.0,62.3,20.8,33.4,5.3,102.7,175.0,16.0,1.0,0.0,2.0,81.0,11.8,17.0,211.0
201_3_4,201,3,4,propylthiouracil,Repeat,15 day,0,mg/kg,Control,propylthiouracil_Control_15 day,665,58,107.0,134,0.35,0.0,190,18.0,0.6,141.0,4.2,107.0,11.1,8.7,6.1,3.8,1.7,52.0,29.0,81.0,1.0,719.0,15.3,45.8,63.7,21.3,33.5,4.6,94.0,90.7,9.0,0.0,0.0,5.0,86.0,12.4,16.4,222.0
201_3_5,201,3,5,propylthiouracil,Repeat,15 day,0,mg/kg,Control,propylthiouracil_Control_15 day,810,70,63.0,142,0.27,0.03,177,19.0,0.7,143.0,4.1,107.0,11.1,8.8,6.0,4.1,2.2,69.0,31.0,86.0,1.0,676.0,14.2,42.7,63.2,21.0,33.2,4.3,94.2,114.0,16.0,0.0,0.0,4.0,80.0,11.9,14.5,218.0
201_4_1,201,4,1,propylthiouracil,Repeat,29 day,0,mg/kg,Control,propylthiouracil_Control_29 day,692,73,159.0,151,0.12,0.0,190,17.0,0.6,138.0,4.8,108.0,10.6,6.4,6.5,3.9,1.5,67.0,29.0,107.0,1.0,806.0,15.9,47.7,59.2,19.7,33.3,2.6,106.3,92.3,7.0,0.0,0.0,3.0,90.0,12.4,16.8,229.0
201_4_2,201,4,2,propylthiouracil,Repeat,29 day,0,mg/kg,Control,propylthiouracil_Control_29 day,572,96,236.0,207,0.05,0.0,174,22.0,0.6,139.0,4.2,103.0,11.2,6.6,6.4,4.2,1.9,50.0,26.0,95.0,1.0,788.0,15.1,44.7,56.7,19.2,33.8,3.0,116.2,129.0,6.0,1.0,0.0,2.0,91.0,12.1,15.0,236.0
201_4_3,201,4,3,propylthiouracil,Repeat,29 day,0,mg/kg,Control,propylthiouracil_Control_29 day,538,87,176.0,174,0.14,0.0,163,22.0,0.7,141.0,4.2,105.0,10.9,7.1,6.2,4.1,2.0,57.0,30.0,71.0,2.0,732.0,14.4,43.1,58.8,19.7,33.5,3.6,97.2,86.0,10.0,1.0,0.0,3.0,86.0,11.6,17.3,219.0
201_4_4,201,4,4,propylthiouracil,Repeat,29 day,0,mg/kg,Control,propylthiouracil_Control_29 day,714,73,89.0,145,0.29,0.03,171,21.0,0.8,140.0,4.4,111.0,10.5,5.8,6.3,4.1,1.9,67.0,25.0,83.0,2.0,782.0,15.7,47.0,60.1,20.0,33.3,3.1,104.9,78.7,19.0,0.0,0.0,7.0,74.0,11.9,17.1,217.0
201_4_5,201,4,5,propylthiouracil,Repeat,29 day,0,mg/kg,Control,propylthiouracil_Control_29 day,547,54,109.0,131,0.29,0.03,149,21.0,0.7,141.0,5.0,107.0,10.6,7.8,5.9,3.7,1.7,58.0,25.0,64.0,2.0,824.0,15.6,47.1,57.2,18.9,33.0,1.7,102.3,90.1,2.0,1.0,0.0,4.0,93.0,12.3,16.8,218.0
211_1_1,211,1,1,sulfasalazine,Repeat,4 day,0,mg/kg,Control,sulfasalazine_Control_4 day,709,84,133.0,176,0.17,0.11,231,21.0,0.5,139.0,4.1,99.0,11.1,7.5,5.7,3.4,1.5,67.0,37.0,182.0,1.0,630.0,13.2,38.5,61.2,21.0,34.4,7.2,117.2,102.7,15.0,1.0,0.0,3.0,81.0,12.2,18.3,266.0
211_1_2,211,1,2,sulfasalazine,Repeat,4 day,0,mg/kg,Control,sulfasalazine_Control_4 day,799,57,126.0,124,0.18,0.14,198,17.0,0.4,140.0,3.9,103.0,11.0,6.7,5.8,3.4,1.4,63.0,30.0,240.0,1.0,572.0,12.8,37.1,64.8,22.4,34.6,5.9,134.2,85.9,11.0,1.0,0.0,3.0,84.0,12.5,18.9,219.0
211_1_3,211,1,3,sulfasalazine,Repeat,4 day,0,mg/kg,Control,sulfasalazine_Control_4 day,994,100,126.0,191,0.18,0.13,213,17.0,0.4,142.0,4.3,105.0,11.3,7.7,5.8,3.4,1.4,72.0,37.0,289.0,2.0,587.0,13.3,38.2,65.1,22.6,34.7,7.2,129.4,99.4,19.0,1.0,0.0,3.0,76.0,12.2,17.0,231.0
211_1_4,211,1,4,sulfasalazine,Repeat,4 day,0,mg/kg,Control,sulfasalazine_Control_4 day,1070,69,89.0,148,0.12,0.07,197,12.0,0.4,141.0,3.8,103.0,10.9,7.1,5.7,3.2,1.3,73.0,41.0,194.0,1.0,667.0,14.3,41.5,62.3,21.5,34.5,5.4,125.1,97.5,21.0,1.0,0.0,4.0,73.0,12.5,18.5,249.0
211_1_5,211,1,5,sulfasalazine,Repeat,4 day,0,mg/kg,Control,sulfasalazine_Control_4 day,1122,68,46.0,146,0.12,0.08,198,16.0,0.4,141.0,3.8,103.0,10.8,7.6,5.5,3.4,1.6,96.0,54.0,228.0,1.0,583.0,13.1,37.2,63.9,22.5,35.2,5.9,123.4,81.3,18.0,1.0,0.0,2.0,77.0,12.7,18.8,262.0
211_2_1,211,2,1,sulfasalazine,Repeat,8 day,0,mg/kg,Control,sulfasalazine_Control_8 day,940,80,119.0,166,0.18,0.11,261,18.0,0.5,140.0,3.6,103.0,10.7,7.3,5.9,3.6,1.6,60.0,32.0,234.0,1.0,666.0,14.4,41.9,62.9,21.6,34.4,5.1,126.1,150.2,7.0,1.0,0.0,2.0,90.0,12.2,21.2,234.0
211_2_2,211,2,2,sulfasalazine,Repeat,8 day,0,mg/kg,Control,sulfasalazine_Control_8 day,757,64,75.0,131,0.15,0.09,256,16.0,0.5,142.0,3.5,104.0,10.6,7.6,6.0,3.6,1.5,59.0,29.0,221.0,1.0,643.0,13.9,40.7,63.4,21.6,34.0,5.6,135.8,130.7,13.0,1.0,0.0,3.0,82.0,12.2,18.1,219.0
211_2_3,211,2,3,sulfasalazine,Repeat,8 day,0,mg/kg,Control,sulfasalazine_Control_8 day,1035,74,114.0,154,0.13,0.08,193,20.0,0.4,140.0,3.6,103.0,10.8,7.0,5.7,3.1,1.2,70.0,34.0,199.0,2.0,676.0,14.6,42.6,63.1,21.6,34.3,4.2,120.3,88.9,16.0,1.0,0.0,2.0,80.0,12.9,21.2,225.0
211_2_4,211,2,4,sulfasalazine,Repeat,8 day,0,mg/kg,Control,sulfasalazine_Control_8 day,935,98,95.0,194,0.15,0.09,263,14.0,0.4,141.0,3.1,104.0,10.9,7.5,5.9,3.6,1.6,68.0,32.0,273.0,1.0,646.0,13.8,40.8,63.2,21.4,33.8,5.9,131.2,149.5,17.0,1.0,0.0,3.0,79.0,11.9,18.2,234.0
211_2_5,211,2,5,sulfasalazine,Repeat,8 day,0,mg/kg,Control,sulfasalazine_Control_8 day,755,78,96.0,157,0.14,0.09,195,16.0,0.4,141.0,3.7,103.0,10.5,8.0,5.8,3.3,1.3,66.0,38.0,166.0,1.0,644.0,13.6,39.6,61.5,21.1,34.4,6.7,132.9,110.6,18.0,1.0,0.0,3.0,77.0,12.1,17.2,205.0
211_3_1,211,3,1,sulfasalazine,Repeat,15 day,0,mg/kg,Control,sulfasalazine_Control_15 day,831,57,180.0,141,0.22,0.16,201,18.0,0.5,140.0,4.0,104.0,10.3,6.2,5.9,3.4,1.4,61.0,36.0,175.0,1.0,682.0,14.0,41.0,60.0,20.6,34.3,4.8,94.9,92.8,23.0,1.0,0.0,3.0,71.0,12.3,21.4,234.0
211_3_2,211,3,2,sulfasalazine,Repeat,15 day,0,mg/kg,Control,sulfasalazine_Control_15 day,970,69,168.0,158,0.2,0.13,193,17.0,0.4,140.0,3.4,104.0,10.6,6.3,6.0,3.4,1.3,71.0,43.0,167.0,1.0,676.0,14.3,39.9,59.0,21.1,35.8,4.4,113.8,102.1,15.0,1.0,0.0,2.0,82.0,11.9,20.3,219.0
211_3_3,211,3,3,sulfasalazine,Repeat,15 day,0,mg/kg,Control,sulfasalazine_Control_15 day,831,47,202.0,133,0.22,0.15,177,16.0,0.5,142.0,3.5,104.0,10.6,5.7,5.9,3.3,1.3,76.0,39.0,305.0,1.0,727.0,15.0,41.5,57.1,20.7,36.2,3.5,115.8,91.9,12.0,1.0,0.0,3.0,82.0,12.6,19.2,228.0
211_3_4,211,3,4,sulfasalazine,Repeat,15 day,0,mg/kg,Control,sulfasalazine_Control_15 day,795,62,207.0,161,0.17,0.1,194,19.0,0.4,139.0,3.9,102.0,10.7,7.3,6.0,3.2,1.1,111.0,66.0,551.0,1.0,723.0,14.6,42.0,58.1,20.2,34.8,3.5,109.3,79.9,17.0,1.0,0.0,1.0,80.0,12.1,19.3,238.0
211_3_5,211,3,5,sulfasalazine,Repeat,15 day,0,mg/kg,Control,sulfasalazine_Control_15 day,1076,81,122.0,182,0.16,0.1,184,23.0,0.5,141.0,4.1,103.0,10.6,6.7,6.0,3.4,1.3,64.0,33.0,262.0,2.0,710.0,15.6,43.9,61.7,21.9,35.5,3.4,141.7,96.7,17.0,1.0,0.0,3.0,77.0,12.1,18.2,228.0
211_4_1,211,4,1,sulfasalazine,Repeat,29 day,0,mg/kg,Control,sulfasalazine_Control_29 day,703,58,282.0,154,0.22,0.16,231,19.0,0.6,141.0,3.8,102.0,10.2,6.0,6.3,3.4,1.2,132.0,82.0,718.0,1.0,724.0,15.2,40.8,56.4,20.9,37.2,2.0,90.6,85.5,10.0,0.0,0.0,2.0,86.0,12.5,21.2,222.0
211_4_2,211,4,2,sulfasalazine,Repeat,29 day,0,mg/kg,Control,sulfasalazine_Control_29 day,649,76,143.0,157,0.14,0.08,245,16.0,0.5,143.0,3.2,104.0,10.3,5.6,6.3,3.5,1.3,89.0,59.0,281.0,1.0,760.0,15.1,41.7,55.0,19.9,36.2,3.2,96.9,136.0,18.0,1.0,0.0,2.0,79.0,12.5,22.1,219.0
211_4_3,211,4,3,sulfasalazine,Repeat,29 day,0,mg/kg,Control,sulfasalazine_Control_29 day,927,73,89.0,147,0.16,0.1,214,19.0,0.5,140.0,3.9,105.0,10.4,6.9,6.1,3.3,1.2,58.0,34.0,173.0,1.0,796.0,16.1,45.6,57.3,20.3,35.4,2.1,77.9,81.7,9.0,1.0,0.0,1.0,88.0,12.4,18.1,207.0
211_4_4,211,4,4,sulfasalazine,Repeat,29 day,0,mg/kg,Control,sulfasalazine_Control_29 day,516,72,147.0,154,0.18,0.11,183,17.0,0.5,142.0,3.8,105.0,10.4,5.6,6.2,3.5,1.3,59.0,35.0,153.0,1.0,835.0,16.1,44.9,53.8,19.3,35.9,2.0,118.7,59.9,14.0,1.0,0.0,1.0,81.0,12.8,20.6,219.0
211_4_5,211,4,5,sulfasalazine,Repeat,29 day,0,mg/kg,Control,sulfasalazine_Control_29 day,796,65,96.0,130,0.17,0.12,215,18.0,0.5,140.0,3.6,102.0,10.0,6.6,6.3,3.5,1.3,65.0,36.0,111.0,0.0,762.0,15.3,42.3,55.5,20.0,36.1,2.3,109.6,126.4,11.0,1.0,0.0,1.0,85.0,12.5,20.9,222.0
214_1_1,214,1,1,cimetidine,Repeat,4 day,0,mg/kg,Control,cimetidine_Control_4 day,1002,82,62.0,145,0.14,0.09,210,15.0,0.4,140.0,3.6,100.0,10.8,6.2,5.8,3.7,1.8,73.0,41.0,140.0,1.0,640.0,13.5,40.6,63.4,21.0,33.1,6.1,138.8,110.7,11.0,1.0,1.0,3.0,84.0,12.4,19.0,234.0
214_1_2,214,1,2,cimetidine,Repeat,4 day,0,mg/kg,Control,cimetidine_Control_4 day,1070,74,121.0,162,0.19,0.13,195,14.0,0.4,142.0,3.8,104.0,10.5,7.6,5.5,3.6,1.9,72.0,35.0,105.0,1.0,641.0,13.7,40.5,63.2,21.4,33.9,5.4,143.5,166.2,11.0,0.0,1.0,1.0,86.0,12.8,19.0,209.0
214_1_3,214,1,3,cimetidine,Repeat,4 day,0,mg/kg,Control,cimetidine_Control_4 day,848,82,126.0,174,0.15,0.1,213,13.0,0.4,142.0,3.6,103.0,10.9,7.4,5.8,3.7,1.8,73.0,39.0,144.0,1.0,635.0,13.1,39.7,62.5,20.7,33.1,6.3,135.3,59.8,14.0,1.0,0.0,3.0,80.0,12.1,19.6,241.0
214_1_4,214,1,4,cimetidine,Repeat,4 day,0,mg/kg,Control,cimetidine_Control_4 day,1157,64,124.0,153,0.15,0.1,179,15.0,0.4,141.0,4.0,104.0,10.9,7.5,5.6,3.3,1.4,69.0,34.0,210.0,1.0,637.0,13.6,41.5,65.1,21.3,32.7,6.7,125.5,78.1,10.0,1.0,0.0,2.0,87.0,13.5,25.5,195.0
214_1_5,214,1,5,cimetidine,Repeat,4 day,0,mg/kg,Control,cimetidine_Control_4 day,1271,77,82.0,156,0.14,0.09,194,15.0,0.4,141.0,3.7,103.0,10.6,6.8,5.7,3.4,1.5,68.0,34.0,151.0,1.0,658.0,13.7,40.3,61.2,20.8,34.1,6.9,118.1,95.7,10.0,0.0,0.0,2.0,86.0,12.5,18.5,222.0
214_2_1,214,2,1,cimetidine,Repeat,8 day,0,mg/kg,Control,cimetidine_Control_8 day,951,70,99.0,140,0.15,0.1,251,17.0,0.5,140.0,3.9,101.0,10.5,9.0,5.7,3.4,1.5,63.0,34.0,182.0,1.0,645.0,14.3,41.9,65.0,22.2,34.1,6.1,126.3,134.2,11.0,1.0,1.0,3.0,83.0,12.1,18.8,228.0
214_2_2,214,2,2,cimetidine,Repeat,8 day,0,mg/kg,Control,cimetidine_Control_8 day,1076,67,142.0,142,0.18,0.12,218,17.0,0.4,142.0,3.7,105.0,10.5,6.6,5.8,3.6,1.6,61.0,29.0,165.0,2.0,620.0,13.3,40.8,65.7,21.4,32.6,6.9,152.9,93.1,14.0,0.0,0.0,2.0,81.0,12.4,19.6,238.0
214_2_3,214,2,3,cimetidine,Repeat,8 day,0,mg/kg,Control,cimetidine_Control_8 day,1220,63,145.0,141,0.18,0.13,246,18.0,0.4,141.0,3.5,103.0,10.2,8.0,5.5,3.2,1.4,72.0,40.0,154.0,2.0,660.0,14.3,42.7,64.6,21.7,33.5,5.0,120.4,110.1,16.0,1.0,0.0,1.0,81.0,12.5,19.5,200.0
214_2_4,214,2,4,cimetidine,Repeat,8 day,0,mg/kg,Control,cimetidine_Control_8 day,1195,85,119.0,171,0.15,0.08,236,16.0,0.4,141.0,4.1,103.0,10.7,7.7,5.8,3.3,1.3,62.0,39.0,215.0,0.0,674.0,13.7,41.4,61.4,20.4,33.2,5.2,126.4,117.7,21.0,1.0,0.0,3.0,73.0,11.6,17.2,225.0
214_2_5,214,2,5,cimetidine,Repeat,8 day,0,mg/kg,Control,cimetidine_Control_8 day,896,83,189.0,188,0.17,0.12,232,15.0,0.4,142.0,4.4,104.0,11.4,8.6,5.8,3.6,1.6,54.0,24.0,110.0,0.0,646.0,14.2,41.4,64.1,21.9,34.2,5.9,123.6,132.0,13.0,0.0,0.0,2.0,82.0,12.0,18.2,249.0
214_3_1,214,3,1,cimetidine,Repeat,15 day,0,mg/kg,Control,cimetidine_Control_15 day,798,68,120.0,145,0.15,0.09,229,19.0,0.4,141.0,3.6,101.0,10.5,6.8,5.8,3.4,1.4,56.0,28.0,150.0,1.0,744.0,14.4,43.7,58.7,19.4,33.0,4.2,127.1,136.6,26.0,1.0,0.0,3.0,69.0,11.9,19.6,212.0
214_3_2,214,3,2,cimetidine,Repeat,15 day,0,mg/kg,Control,cimetidine_Control_15 day,864,74,128.0,153,0.16,0.1,235,14.0,0.4,141.0,4.7,103.0,10.2,7.3,5.9,3.4,1.4,56.0,34.0,181.0,0.0,662.0,13.4,40.7,61.5,20.2,32.9,4.9,136.1,180.8,13.0,1.0,0.0,2.0,83.0,12.1,18.0,212.0
214_3_3,214,3,3,cimetidine,Repeat,15 day,0,mg/kg,Control,cimetidine_Control_15 day,950,70,204.0,163,0.19,0.13,189,19.0,0.4,142.0,3.6,102.0,11.1,7.7,6.2,3.6,1.4,61.0,35.0,163.0,1.0,775.0,15.4,47.1,60.7,19.9,32.8,3.9,128.8,95.5,9.0,0.0,0.0,2.0,88.0,12.2,19.4,231.0
214_3_4,214,3,4,cimetidine,Repeat,15 day,0,mg/kg,Control,cimetidine_Control_15 day,822,66,153.0,146,0.22,0.16,210,17.0,0.4,142.0,4.3,104.0,10.5,7.6,5.8,3.5,1.5,139.0,77.0,235.0,1.0,745.0,14.6,44.0,59.0,19.5,33.1,5.2,125.8,93.3,19.0,1.0,0.0,4.0,77.0,12.1,16.9,219.0
214_3_5,214,3,5,cimetidine,Repeat,15 day,0,mg/kg,Control,cimetidine_Control_15 day,873,76,237.0,171,0.19,0.14,213,16.0,0.4,141.0,4.5,103.0,10.8,7.7,5.7,3.2,1.3,52.0,33.0,119.0,2.0,663.0,13.9,42.0,63.4,20.9,33.0,5.0,127.6,96.9,17.0,1.0,0.0,3.0,79.0,12.2,19.0,219.0
214_4_1,214,4,1,cimetidine,Repeat,29 day,0,mg/kg,Control,cimetidine_Control_29 day,755,66,181.0,158,0.2,0.14,211,17.0,0.5,141.0,3.6,101.0,10.4,6.5,6.3,3.7,1.4,57.0,28.0,162.0,1.0,785.0,15.8,46.8,59.6,20.1,33.7,2.6,96.6,184.1,14.0,1.0,0.0,2.0,82.0,12.6,22.0,212.0
214_4_2,214,4,2,cimetidine,Repeat,29 day,0,mg/kg,Control,cimetidine_Control_29 day,671,69,139.0,145,0.19,0.14,220,17.0,0.5,140.0,3.5,103.0,10.3,5.5,6.4,3.3,1.1,66.0,32.0,248.0,1.0,800.0,15.5,44.6,55.7,19.3,34.7,2.4,87.3,144.5,21.0,2.0,0.0,3.0,73.0,13.2,20.5,207.0
214_4_3,214,4,3,cimetidine,Repeat,29 day,0,mg/kg,Control,cimetidine_Control_29 day,822,59,71.0,124,0.15,0.09,295,16.0,0.5,140.0,3.5,103.0,10.2,6.8,6.0,3.4,1.3,53.0,31.0,158.0,2.0,748.0,14.5,42.6,56.9,19.4,34.1,2.6,109.0,115.6,14.0,1.0,0.0,2.0,82.0,12.5,20.8,205.0
214_4_4,214,4,4,cimetidine,Repeat,29 day,0,mg/kg,Control,cimetidine_Control_29 day,666,57,143.0,138,0.16,0.11,200,16.0,0.4,142.0,3.3,103.0,9.9,7.1,5.7,3.0,1.1,58.0,32.0,92.0,1.0,775.0,14.6,43.3,55.9,18.8,33.7,3.0,98.6,76.5,15.0,1.0,0.0,2.0,82.0,12.8,19.5,191.0
214_4_5,214,4,5,cimetidine,Repeat,29 day,0,mg/kg,Control,cimetidine_Control_29 day,949,58,65.0,122,0.15,0.09,252,15.0,0.5,140.0,4.0,102.0,9.6,7.2,5.5,3.1,1.3,64.0,32.0,98.0,0.0,812.0,15.0,43.8,53.9,18.4,34.2,2.6,104.2,85.2,19.0,1.0,0.0,2.0,77.0,13.2,19.0,214.0
227_1_1,227,1,1,perhexiline,Repeat,4 day,0,mg/kg,Control,perhexiline_Control_4 day,1945,86,126.0,171,0.01,0.0,202,17.0,0.1,142.0,4.6,107.0,11.1,6.9,5.9,3.1,1.2,76.0,49.0,322.0,1.0,650.0,13.9,40.9,62.9,21.3,33.9,7.1,141.7,100.1,9.0,1.0,0.0,3.0,86.0,16.3,21.9,307.0
227_1_2,227,1,2,perhexiline,Repeat,4 day,0,mg/kg,Control,perhexiline_Control_4 day,1644,85,88.0,151,0.02,0.0,176,15.0,0.1,143.0,4.6,108.0,10.8,6.9,5.7,3.2,1.3,80.0,42.0,220.0,1.0,617.0,13.5,40.4,65.5,22.0,33.5,7.1,125.9,85.8,27.0,1.0,0.0,3.0,68.0,17.2,22.2,316.0
227_1_3,227,1,3,perhexiline,Repeat,4 day,0,mg/kg,Control,perhexiline_Control_4 day,1720,62,102.0,121,0.0,0.0,183,14.0,0.1,142.0,3.8,107.0,11.1,6.9,5.8,3.2,1.3,73.0,37.0,268.0,1.0,586.0,12.9,37.8,64.5,22.1,34.2,6.7,143.0,96.1,15.0,0.0,0.0,3.0,80.0,16.9,20.6,307.0
227_1_4,227,1,4,perhexiline,Repeat,4 day,0,mg/kg,Control,perhexiline_Control_4 day,1695,65,117.0,140,0.01,0.0,194,17.0,0.2,144.0,4.0,106.0,11.1,6.5,5.6,3.1,1.2,75.0,41.0,183.0,1.0,599.0,12.5,37.0,61.8,20.8,33.7,7.0,123.2,53.5,11.0,1.0,0.0,2.0,85.0,17.1,21.4,310.0
227_1_5,227,1,5,perhexiline,Repeat,4 day,0,mg/kg,Control,perhexiline_Control_4 day,1471,80,136.0,164,0.01,0.0,208,19.0,0.2,145.0,4.4,108.0,10.7,7.2,5.8,3.2,1.2,78.0,60.0,251.0,1.0,616.0,13.4,39.9,64.8,21.7,33.5,7.2,131.2,110.8,19.0,1.0,0.0,3.0,76.0,16.1,23.6,322.0
227_2_1,227,2,1,perhexiline,Repeat,8 day,0,mg/kg,Control,perhexiline_Control_8 day,2005,83,90.0,157,0.02,0.0,200,18.0,0.2,145.0,3.9,108.0,10.2,6.7,5.7,3.1,1.2,64.0,36.0,167.0,1.0,656.0,14.0,39.7,60.5,21.3,35.3,5.0,122.4,107.2,21.0,0.0,0.0,2.0,75.0,15.8,19.4,327.0
227_2_2,227,2,2,perhexiline,Repeat,8 day,0,mg/kg,Control,perhexiline_Control_8 day,1763,71,122.0,142,0.01,0.0,176,19.0,0.2,143.0,4.2,107.0,10.4,6.9,5.8,3.1,1.2,71.0,41.0,191.0,2.0,684.0,14.3,40.6,59.4,20.9,35.2,4.6,112.8,76.4,13.0,1.0,0.0,2.0,83.0,16.7,22.4,340.0
227_2_3,227,2,3,perhexiline,Repeat,8 day,0,mg/kg,Control,perhexiline_Control_8 day,1479,84,112.0,167,0.01,0.0,190,21.0,0.2,143.0,4.3,107.0,10.7,6.9,5.8,3.2,1.2,65.0,40.0,153.0,2.0,615.0,13.4,38.8,63.1,21.7,34.4,5.0,108.4,170.5,14.0,1.0,0.0,1.0,83.0,16.6,20.8,295.0
227_2_4,227,2,4,perhexiline,Repeat,8 day,0,mg/kg,Control,perhexiline_Control_8 day,1666,81,101.0,145,0.01,0.01,196,19.0,0.2,144.0,4.0,106.0,10.5,6.6,5.9,3.1,1.2,71.0,36.0,192.0,1.0,607.0,13.1,37.8,62.4,21.6,34.7,6.2,114.8,92.4,11.0,0.0,0.0,1.0,87.0,15.8,22.1,307.0
227_2_5,227,2,5,perhexiline,Repeat,8 day,0,mg/kg,Control,perhexiline_Control_8 day,1542,80,80.0,152,0.02,0.0,190,16.0,0.2,143.0,4.2,105.0,10.5,6.8,5.9,3.2,1.2,67.0,37.0,168.0,2.0,583.0,12.9,35.7,61.2,22.1,36.2,7.0,134.0,105.6,16.0,1.0,0.0,1.0,81.0,15.8,22.6,313.0
227_3_1,227,3,1,perhexiline,Repeat,15 day,0,mg/kg,Control,perhexiline_Control_15 day,1553,54,87.0,113,0.01,0.0,183,19.0,0.2,145.0,4.1,110.0,9.9,5.9,5.7,3.2,1.3,69.0,34.0,174.0,1.0,719.0,15.5,42.7,59.4,21.5,36.3,3.3,123.1,107.5,13.0,0.0,0.0,1.0,84.0,16.7,21.8,297.0
227_3_2,227,3,2,perhexiline,Repeat,15 day,0,mg/kg,Control,perhexiline_Control_15 day,951,70,151.0,148,0.0,0.0,211,20.0,0.2,142.0,4.3,105.0,10.4,6.4,5.7,3.0,1.1,78.0,44.0,179.0,1.0,669.0,14.4,41.5,62.0,21.5,34.7,4.0,99.0,84.2,17.0,0.0,0.0,1.0,80.0,15.8,23.1,269.0
227_3_3,227,3,3,perhexiline,Repeat,15 day,0,mg/kg,Control,perhexiline_Control_15 day,1870,63,137.0,144,0.01,0.0,188,19.0,0.2,142.0,4.4,106.0,10.3,6.4,5.9,3.3,1.3,68.0,38.0,150.0,1.0,722.0,15.0,43.1,59.7,20.8,34.9,3.2,133.8,74.0,16.0,0.0,0.0,2.0,81.0,16.1,23.7,286.0
227_3_5,227,3,5,perhexiline,Repeat,15 day,0,mg/kg,Control,perhexiline_Control_15 day,1577,49,151.0,131,0.0,0.0,186,18.0,0.2,144.0,4.1,107.0,10.4,5.7,5.9,3.2,1.2,72.0,41.0,217.0,1.0,701.0,15.1,43.4,61.9,21.6,34.9,3.4,108.8,123.0,15.0,1.0,0.0,1.0,83.0,16.3,24.7,324.0
227_4_1,227,4,1,perhexiline,Repeat,29 day,0,mg/kg,Control,perhexiline_Control_29 day,989,77,86.0,145,0.01,0.0,207,18.0,0.2,142.0,4.2,107.0,10.0,5.5,6.1,3.1,1.1,48.0,28.0,109.0,1.0,656.0,14.0,39.7,60.5,21.3,35.3,5.0,122.4,107.2,21.0,0.0,0.0,2.0,75.0,15.8,19.4,327.0
227_4_2,227,4,2,perhexiline,Repeat,29 day,0,mg/kg,Control,perhexiline_Control_29 day,1088,46,114.0,110,0.02,0.0,193,19.0,0.2,144.0,4.0,110.0,9.8,5.7,5.8,3.1,1.1,63.0,40.0,132.0,1.0,684.0,14.3,40.6,59.4,20.9,35.2,4.6,112.8,76.4,13.0,1.0,0.0,2.0,83.0,16.7,22.4,340.0
227_4_3,227,4,3,perhexiline,Repeat,29 day,0,mg/kg,Control,perhexiline_Control_29 day,1256,61,109.0,132,0.0,0.0,201,18.0,0.2,143.0,4.1,109.0,10.3,5.6,6.1,2.8,0.9,64.0,34.0,165.0,2.0,615.0,13.4,38.8,63.1,21.7,34.4,5.0,108.4,170.5,14.0,1.0,0.0,1.0,83.0,16.6,20.8,295.0
227_4_4,227,4,4,perhexiline,Repeat,29 day,0,mg/kg,Control,perhexiline_Control_29 day,1049,68,84.0,138,0.01,0.0,187,18.0,0.2,144.0,4.1,107.0,10.2,5.9,6.0,2.8,0.9,61.0,35.0,173.0,2.0,607.0,13.1,37.8,62.4,21.6,34.7,6.2,114.8,92.4,11.0,0.0,0.0,1.0,87.0,15.8,22.1,307.0
227_4_5,227,4,5,perhexiline,Repeat,29 day,0,mg/kg,Control,perhexiline_Control_29 day,1800,63,71.0,123,0.0,0.0,233,16.0,0.2,145.0,4.4,110.0,10.4,5.4,5.8,3.0,1.1,64.0,35.0,163.0,1.0,583.0,12.9,35.7,61.2,22.1,36.2,7.0,134.0,105.6,16.0,1.0,0.0,1.0,81.0,15.8,22.6,313.0
229_1_1,229,1,1,azathioprine,Repeat,4 day,0,mg/kg,Control,azathioprine_Control_4 day,1600,67,113.0,148,0.0,0.0,203,17.0,0.1,143.0,3.8,105.0,10.9,7.2,5.4,2.9,1.2,65.0,38.0,188.0,1.0,657.0,13.7,40.5,61.6,20.8,33.7,8.4,129.9,126.1,14.0,1.0,0.0,2.0,81.0,16.1,21.6,309.0
229_1_2,229,1,2,azathioprine,Repeat,4 day,0,mg/kg,Control,azathioprine_Control_4 day,1496,89,57.0,156,0.01,0.0,173,15.0,0.1,143.0,4.4,105.0,10.9,7.6,5.4,2.7,1.0,71.0,49.0,179.0,1.0,587.0,12.9,37.8,64.4,21.9,34.0,8.1,126.1,88.5,12.0,1.0,0.0,2.0,84.0,16.7,21.2,297.0
229_1_3,229,1,3,azathioprine,Repeat,4 day,0,mg/kg,Control,azathioprine_Control_4 day,1530,87,174.0,170,0.01,0.0,218,16.0,0.2,143.0,3.6,105.0,10.9,7.3,5.5,3.1,1.3,71.0,38.0,251.0,1.0,650.0,13.9,41.1,63.2,21.3,33.7,7.8,125.3,79.5,15.0,1.0,0.0,3.0,80.0,16.5,22.6,301.0
229_1_4,229,1,4,azathioprine,Repeat,4 day,0,mg/kg,Control,azathioprine_Control_4 day,2460,73,103.0,151,0.01,0.0,197,17.0,0.2,146.0,3.7,108.0,11.5,7.9,5.6,3.0,1.2,70.0,47.0,255.0,1.0,622.0,13.3,39.2,63.0,21.4,34.0,8.2,136.7,74.9,21.0,0.0,0.0,2.0,76.0,15.7,20.2,288.0
229_1_5,229,1,5,azathioprine,Repeat,4 day,0,mg/kg,Control,azathioprine_Control_4 day,1336,83,131.0,164,0.0,0.0,181,18.0,0.1,145.0,4.1,106.0,11.6,6.2,5.7,3.2,1.3,69.0,49.0,229.0,1.0,638.0,13.7,40.5,63.5,21.5,33.8,7.3,128.8,86.3,15.0,1.0,0.0,2.0,81.0,16.4,22.1,331.0
229_2_1,229,2,1,azathioprine,Repeat,8 day,0,mg/kg,Control,azathioprine_Control_8 day,1598,71,84.0,139,0.01,0.0,186,19.0,0.2,142.0,4.1,108.0,10.8,7.4,5.6,3.1,1.3,78.0,40.0,196.0,1.0,596.0,13.1,37.5,62.9,22.0,35.0,8.5,122.2,106.2,15.0,0.0,0.0,3.0,81.0,15.9,21.6,320.0
229_2_2,229,2,2,azathioprine,Repeat,8 day,0,mg/kg,Control,azathioprine_Control_8 day,1797,75,135.0,154,0.01,0.0,208,22.0,0.2,143.0,4.4,107.0,10.7,5.7,5.4,3.0,1.2,66.0,46.0,168.0,2.0,603.0,13.8,39.9,66.1,22.9,34.6,7.8,123.5,136.2,19.0,1.0,0.0,2.0,76.0,15.6,21.6,312.0
229_2_3,229,2,3,azathioprine,Repeat,8 day,0,mg/kg,Control,azathioprine_Control_8 day,1313,93,144.0,184,0.0,0.0,200,21.0,0.1,144.0,4.4,107.0,10.9,6.4,5.5,2.9,1.1,70.0,38.0,202.0,1.0,691.0,14.6,41.8,60.5,21.1,34.9,4.9,107.2,196.7,20.0,1.0,0.0,3.0,75.0,15.8,20.9,352.0
229_2_4,229,2,4,azathioprine,Repeat,8 day,0,mg/kg,Control,azathioprine_Control_8 day,1592,69,100.0,142,0.0,0.0,210,17.0,0.1,145.0,4.1,107.0,10.8,6.5,5.7,3.1,1.3,76.0,44.0,207.0,1.0,660.0,14.2,41.1,62.3,21.5,34.5,6.3,127.5,92.7,21.0,1.0,0.0,2.0,75.0,16.1,24.8,317.0
229_2_5,229,2,5,azathioprine,Repeat,8 day,0,mg/kg,Control,azathioprine_Control_8 day,1599,92,129.0,164,0.0,0.0,203,22.0,0.2,142.0,4.7,107.0,10.6,7.2,5.5,2.7,1.0,70.0,44.0,201.0,1.0,607.0,13.4,38.5,63.4,22.0,34.7,6.3,138.2,116.1,16.0,1.0,0.0,2.0,80.0,15.7,20.8,338.0
229_3_1,229,3,1,azathioprine,Repeat,15 day,0,mg/kg,Control,azathioprine_Control_15 day,1647,59,113.0,133,0.01,0.0,174,18.0,0.2,142.0,3.9,107.0,10.2,7.1,5.7,3.1,1.2,59.0,29.0,106.0,1.0,685.0,14.6,40.5,59.2,21.3,36.0,3.8,84.8,124.9,10.0,1.0,0.0,2.0,86.0,16.8,24.6,304.0
229_3_2,229,3,2,azathioprine,Repeat,15 day,0,mg/kg,Control,azathioprine_Control_15 day,1229,60,159.0,134,0.01,0.0,173,15.0,0.2,143.0,4.2,107.0,10.4,7.2,5.7,3.1,1.2,76.0,34.0,167.0,1.0,714.0,14.8,41.6,58.3,20.8,35.7,4.6,125.7,123.2,8.0,0.0,0.0,1.0,90.0,16.7,23.0,324.0
229_3_3,229,3,3,azathioprine,Repeat,15 day,0,mg/kg,Control,azathioprine_Control_15 day,1442,66,139.0,139,0.0,0.0,175,16.0,0.2,144.0,4.3,106.0,10.3,6.3,5.6,2.7,1.0,64.0,36.0,136.0,1.0,704.0,15.6,42.9,61.0,22.2,36.4,4.2,115.1,122.8,11.0,1.0,0.0,1.0,86.0,17.0,22.9,294.0
229_3_4,229,3,4,azathioprine,Repeat,15 day,0,mg/kg,Control,azathioprine_Control_15 day,1734,57,110.0,122,0.0,0.0,180,20.0,0.2,145.0,4.1,108.0,10.4,5.5,6.0,3.0,1.0,64.0,31.0,148.0,1.0,729.0,16.0,43.6,59.8,21.9,36.6,2.7,82.5,99.2,9.0,1.0,0.0,1.0,88.0,17.7,21.4,314.0
229_3_5,229,3,5,azathioprine,Repeat,15 day,0,mg/kg,Control,azathioprine_Control_15 day,1552,75,210.0,150,0.0,0.0,189,20.0,0.2,144.0,4.9,107.0,10.5,6.5,5.8,3.1,1.1,71.0,48.0,209.0,2.0,640.0,13.5,37.5,58.7,21.0,35.8,4.7,110.9,96.3,12.0,1.0,0.0,2.0,85.0,16.5,20.2,309.0
229_4_1,229,4,1,azathioprine,Repeat,29 day,0,mg/kg,Control,azathioprine_Control_29 day,1146,70,119.0,143,0.0,0.0,186,18.0,0.2,141.0,3.4,107.0,10.0,5.3,5.9,3.0,1.0,74.0,58.0,185.0,1.0,794.0,15.7,46.1,58.0,19.8,34.1,2.9,115.8,112.3,12.0,1.0,0.0,1.0,85.0,16.6,22.8,283.0
229_4_2,229,4,2,azathioprine,Repeat,29 day,0,mg/kg,Control,azathioprine_Control_29 day,1264,59,267.0,159,0.0,0.0,211,19.0,0.2,141.0,4.2,107.0,10.4,5.8,5.8,3.1,1.1,68.0,42.0,159.0,1.0,742.0,14.7,42.6,57.4,19.9,34.6,2.8,95.6,111.7,19.0,1.0,0.0,2.0,77.0,17.5,24.1,338.0
229_4_3,229,4,3,azathioprine,Repeat,29 day,0,mg/kg,Control,azathioprine_Control_29 day,1260,59,182.0,136,0.01,0.0,206,20.0,0.2,141.0,3.8,106.0,10.3,5.0,5.9,3.2,1.2,79.0,40.0,178.0,1.0,800.0,15.2,43.9,54.9,19.0,34.6,2.7,108.8,143.7,11.0,1.0,0.0,2.0,86.0,17.3,23.5,327.0
229_4_4,229,4,4,azathioprine,Repeat,29 day,0,mg/kg,Control,azathioprine_Control_29 day,1132,65,164.0,147,0.01,0.0,231,19.0,0.2,142.0,3.4,106.0,10.7,5.5,6.2,3.1,1.0,67.0,44.0,208.0,1.0,790.0,15.4,45.5,57.6,19.5,33.9,2.8,109.6,101.4,10.0,1.0,0.0,1.0,87.0,17.1,25.1,329.0
229_4_5,229,4,5,azathioprine,Repeat,29 day,0,mg/kg,Control,azathioprine_Control_29 day,1400,77,67.0,144,0.03,0.0,178,17.0,0.2,142.0,3.8,107.0,10.3,5.9,6.1,3.3,1.2,70.0,40.0,146.0,1.0,794.0,15.6,45.8,57.7,19.7,34.1,2.2,115.7,145.3,8.0,1.0,0.0,1.0,89.0,17.1,23.0,297.0
235_1_1,235,1,1,glibenclamide,Repeat,4 day,0,mg/kg,Control,glibenclamide_Control_4 day,856,64,83.0,131,0.13,0.08,200,15.0,0.4,140.0,4.0,100.0,10.6,7.1,5.3,3.4,1.8,63.0,34.0,179.0,1.0,646.0,14.0,41.3,63.9,21.7,33.9,7.2,119.1,83.0,14.0,1.0,0.0,3.0,82.0,12.5,16.8,212.0
235_1_2,235,1,2,glibenclamide,Repeat,4 day,0,mg/kg,Control,glibenclamide_Control_4 day,953,89,77.0,155,0.13,0.08,222,17.0,0.4,141.0,4.6,102.0,10.7,7.0,5.4,3.3,1.6,64.0,40.0,144.0,0.0,625.0,12.6,38.5,61.7,20.2,32.7,6.5,118.7,82.1,13.0,1.0,0.0,2.0,84.0,12.4,20.9,222.0
235_1_3,235,1,3,glibenclamide,Repeat,4 day,0,mg/kg,Control,glibenclamide_Control_4 day,920,101,103.0,188,0.16,0.11,196,15.0,0.4,142.0,3.8,103.0,11.2,7.1,5.9,3.6,1.6,71.0,44.0,166.0,2.0,639.0,13.8,41.4,64.7,21.6,33.4,6.0,121.7,117.1,16.0,1.0,0.0,3.0,81.0,12.0,18.6,228.0
235_1_4,235,1,4,glibenclamide,Repeat,4 day,0,mg/kg,Control,glibenclamide_Control_4 day,1200,102,71.0,172,0.15,0.1,220,12.0,0.4,141.0,4.5,103.0,11.0,7.6,5.7,3.4,1.5,63.0,52.0,187.0,2.0,635.0,13.3,40.1,63.1,20.9,33.2,7.7,119.8,87.8,14.0,1.0,0.0,3.0,81.0,11.7,19.4,253.0
235_1_5,235,1,5,glibenclamide,Repeat,4 day,0,mg/kg,Control,glibenclamide_Control_4 day,769,74,129.0,155,0.18,0.13,197,17.0,0.3,141.0,4.1,104.0,10.9,8.3,5.6,3.7,1.9,71.0,46.0,120.0,2.0,597.0,12.6,38.4,64.2,21.0,32.8,6.4,143.6,62.2,16.0,0.0,0.0,2.0,80.0,12.0,19.6,212.0
235_2_1,235,2,1,glibenclamide,Repeat,8 day,0,mg/kg,Control,glibenclamide_Control_8 day,913,74,156.0,169,0.18,0.13,247,15.0,0.4,141.0,4.3,100.0,10.9,7.3,5.6,3.6,1.8,54.0,38.0,123.0,0.0,662.0,14.0,42.5,64.3,21.2,32.9,5.7,144.4,87.7,18.0,1.0,0.0,2.0,79.0,12.2,19.1,222.0
235_2_2,235,2,2,glibenclamide,Repeat,8 day,0,mg/kg,Control,glibenclamide_Control_8 day,827,74,191.0,162,0.21,0.15,229,18.0,0.4,141.0,4.4,103.0,11.0,7.9,5.6,3.2,1.3,55.0,32.0,161.0,2.0,618.0,13.6,40.5,65.5,21.9,33.5,5.6,123.5,139.6,14.0,1.0,0.0,2.0,82.0,12.7,18.0,225.0
235_2_3,235,2,3,glibenclamide,Repeat,8 day,0,mg/kg,Control,glibenclamide_Control_8 day,967,70,96.0,142,0.16,0.11,213,17.0,0.3,143.0,3.4,104.0,10.2,6.4,5.2,3.2,1.6,65.0,46.0,95.0,1.0,655.0,13.3,40.1,61.2,20.3,33.2,5.1,118.0,91.3,18.0,0.0,0.0,3.0,78.0,12.5,18.9,200.0
235_2_4,235,2,4,glibenclamide,Repeat,8 day,0,mg/kg,Control,glibenclamide_Control_8 day,1070,75,110.0,159,0.15,0.1,207,16.0,0.4,142.0,3.7,104.0,10.7,7.5,5.6,3.4,1.5,64.0,32.0,169.0,1.0,664.0,14.1,41.2,62.1,21.3,34.3,5.4,105.1,165.3,15.0,1.0,0.0,3.0,82.0,12.4,18.0,228.0
235_2_5,235,2,5,glibenclamide,Repeat,8 day,0,mg/kg,Control,glibenclamide_Control_8 day,857,65,88.0,128,0.14,0.09,189,18.0,0.4,141.0,3.8,103.0,11.0,7.6,5.4,3.1,1.3,61.0,35.0,100.0,1.0,622.0,13.3,38.6,62.1,21.4,34.4,5.7,115.3,91.3,16.0,1.0,0.0,4.0,78.0,12.2,16.9,214.0
235_3_1,235,3,1,glibenclamide,Repeat,15 day,0,mg/kg,Control,glibenclamide_Control_15 day,685,71,96.0,148,0.18,0.13,209,17.0,0.5,140.0,4.3,103.0,10.7,5.7,5.9,3.6,1.6,61.0,36.0,150.0,1.0,702.0,14.1,41.4,59.0,20.1,34.0,4.8,125.8,136.3,18.0,1.0,0.0,2.0,78.0,12.1,20.5,222.0
235_3_2,235,3,2,glibenclamide,Repeat,15 day,0,mg/kg,Control,glibenclamide_Control_15 day,700,59,111.0,135,0.17,0.12,211,10.0,0.4,141.0,4.1,104.0,10.3,6.3,5.8,3.5,1.5,58.0,29.0,102.0,2.0,701.0,14.0,41.2,58.7,19.9,33.9,4.0,125.1,131.4,10.0,0.0,0.0,2.0,87.0,12.4,23.0,214.0
235_3_3,235,3,3,glibenclamide,Repeat,15 day,0,mg/kg,Control,glibenclamide_Control_15 day,677,78,91.0,163,0.16,0.11,213,14.0,0.5,141.0,3.9,103.0,11.1,6.2,6.3,3.5,1.3,68.0,44.0,161.0,1.0,657.0,13.5,39.1,59.6,20.6,34.6,5.0,135.9,160.5,11.0,0.0,0.0,3.0,85.0,11.9,21.6,245.0
235_3_4,235,3,4,glibenclamide,Repeat,15 day,0,mg/kg,Control,glibenclamide_Control_15 day,1067,69,102.0,144,0.17,0.12,178,16.0,0.5,141.0,3.8,103.0,10.7,6.9,6.0,3.8,1.7,60.0,35.0,127.0,1.0,746.0,14.6,42.2,56.5,19.5,34.5,3.4,124.4,98.0,23.0,1.0,0.0,3.0,73.0,12.7,22.6,209.0
235_3_5,235,3,5,glibenclamide,Repeat,15 day,0,mg/kg,Control,glibenclamide_Control_15 day,799,96,124.0,186,0.16,0.1,188,13.0,0.4,139.0,4.1,100.0,10.8,8.1,5.9,3.4,1.4,66.0,37.0,233.0,1.0,699.0,14.1,41.1,58.8,20.2,34.4,4.1,100.5,97.8,20.0,1.0,0.0,3.0,76.0,11.7,17.7,228.0
235_4_1,235,4,1,glibenclamide,Repeat,29 day,0,mg/kg,Control,glibenclamide_Control_29 day,382,75,34.0,137,0.15,0.09,236,18.0,0.5,141.0,3.5,103.0,10.2,7.2,5.8,3.5,1.5,60.0,32.0,153.0,0.0,775.0,15.0,43.3,55.9,19.3,34.6,2.3,89.2,102.5,9.0,1.0,0.0,2.0,88.0,12.1,21.7,189.0
235_4_2,235,4,2,glibenclamide,Repeat,29 day,0,mg/kg,Control,glibenclamide_Control_29 day,552,80,85.0,150,0.16,0.1,192,15.0,0.5,142.0,3.6,104.0,10.5,5.5,5.8,3.4,1.4,49.0,23.0,164.0,1.0,773.0,15.8,45.1,58.4,20.5,35.1,2.8,121.6,174.6,9.0,1.0,0.0,1.0,88.0,12.5,20.8,212.0
235_4_3,235,4,3,glibenclamide,Repeat,29 day,0,mg/kg,Control,glibenclamide_Control_29 day,738,72,226.0,170,0.2,0.14,214,23.0,0.6,140.0,4.6,104.0,10.8,6.8,6.0,3.6,1.5,66.0,37.0,139.0,1.0,750.0,15.5,43.8,58.4,20.6,35.3,2.7,110.9,108.6,13.0,1.0,0.0,2.0,84.0,12.3,20.6,214.0
235_4_4,235,4,4,glibenclamide,Repeat,29 day,0,mg/kg,Control,glibenclamide_Control_29 day,491,64,51.0,126,0.17,0.08,218,12.0,0.5,141.0,4.2,104.0,10.4,6.0,5.9,3.6,1.6,61.0,32.0,150.0,1.0,730.0,14.7,41.0,56.2,20.1,35.8,3.0,88.1,133.0,18.0,1.0,0.0,2.0,78.0,12.4,19.1,212.0
235_4_5,235,4,5,glibenclamide,Repeat,29 day,0,mg/kg,Control,glibenclamide_Control_29 day,646,86,60.0,136,0.16,0.1,210,16.0,0.4,142.0,3.5,104.0,10.4,7.7,6.2,3.6,1.4,64.0,33.0,110.0,1.0,738.0,14.7,42.3,57.3,19.9,34.7,3.2,93.2,148.3,15.0,1.0,0.0,3.0,81.0,12.1,17.1,228.0
238_1_1,238,1,1,adapin,Repeat,4 day,0,mg/kg,Control,adapin_Control_4 day,1896,79,55.0,131,0.03,0.01,194,14.0,0.2,138.0,5.0,106.0,10.8,7.8,5.4,2.6,0.9,70.0,40.0,84.0,1.0,609.0,13.2,38.1,62.5,21.7,34.7,7.1,136.4,79.2,16.0,1.0,0.0,3.0,79.0,12.9,16.0,255.0
238_1_2,238,1,2,adapin,Repeat,4 day,0,mg/kg,Control,adapin_Control_4 day,1815,84,122.0,145,0.04,0.02,187,16.0,0.2,141.0,4.2,107.0,10.7,8.1,5.7,2.6,0.8,74.0,51.0,71.0,2.0,631.0,13.3,38.8,61.6,21.1,34.2,7.8,107.7,98.4,15.0,1.0,0.0,3.0,80.0,12.9,16.7,291.0
238_1_3,238,1,3,adapin,Repeat,4 day,0,mg/kg,Control,adapin_Control_4 day,1533,75,75.0,133,0.04,0.02,193,16.0,0.2,141.0,4.1,105.0,11.1,7.6,5.7,2.7,0.9,67.0,37.0,84.0,1.0,646.0,13.8,37.9,58.7,21.3,36.3,8.6,140.3,101.1,16.0,1.0,0.0,3.0,79.0,12.8,16.5,281.0
238_1_4,238,1,4,adapin,Repeat,4 day,0,mg/kg,Control,adapin_Control_4 day,1826,80,113.0,158,0.04,0.02,182,16.0,0.2,142.0,4.1,106.0,11.2,8.1,5.8,2.8,0.9,70.0,54.0,67.0,1.0,625.0,13.3,38.9,62.3,21.3,34.2,7.3,115.8,55.8,18.0,1.0,0.0,3.0,78.0,12.9,19.4,294.0
238_1_5,238,1,5,adapin,Repeat,4 day,0,mg/kg,Control,adapin_Control_4 day,1733,80,91.0,148,0.03,0.02,204,16.0,0.2,142.0,4.1,106.0,10.9,8.2,5.7,2.7,0.9,75.0,48.0,53.0,2.0,617.0,13.4,39.2,63.6,21.6,34.0,8.3,113.0,74.2,20.0,1.0,0.0,2.0,77.0,13.0,16.7,287.0
238_2_1,238,2,1,adapin,Repeat,8 day,0,mg/kg,Control,adapin_Control_8 day,1630,91,110.0,155,0.03,0.02,197,21.0,0.2,140.0,3.8,102.0,10.8,6.4,5.4,2.5,0.9,73.0,46.0,80.0,1.0,590.0,12.6,35.7,60.5,21.3,35.2,5.2,129.3,94.9,15.0,1.0,0.0,2.0,81.0,13.1,16.7,203.0
238_2_2,238,2,2,adapin,Repeat,8 day,0,mg/kg,Control,adapin_Control_8 day,1388,79,120.0,147,0.03,0.01,182,19.0,0.2,142.0,4.5,106.0,10.7,8.1,5.7,2.6,0.8,78.0,48.0,71.0,2.0,628.0,13.6,39.0,62.1,21.6,34.8,5.7,119.6,75.4,25.0,1.0,0.0,4.0,69.0,12.8,15.3,276.0
238_2_3,238,2,3,adapin,Repeat,8 day,0,mg/kg,Control,adapin_Control_8 day,1976,87,111.0,152,0.03,0.02,192,19.0,0.2,142.0,4.1,105.0,11.0,6.3,6.0,2.7,0.8,80.0,54.0,66.0,2.0,657.0,13.6,39.1,59.5,20.6,34.6,4.2,108.2,104.2,19.0,1.0,1.0,5.0,73.0,13.2,17.0,386.0
238_2_4,238,2,4,adapin,Repeat,8 day,0,mg/kg,Control,adapin_Control_8 day,1713,90,133.0,169,0.03,0.02,177,18.0,0.2,141.0,4.6,106.0,10.9,7.4,5.8,2.7,0.9,70.0,44.0,62.0,2.0,665.0,14.1,39.5,59.5,21.2,35.7,6.0,108.3,70.8,19.0,1.0,0.0,4.0,75.0,12.8,14.1,308.0
238_2_5,238,2,5,adapin,Repeat,8 day,0,mg/kg,Control,adapin_Control_8 day,2271,78,87.0,147,0.03,0.02,184,17.0,0.2,142.0,4.2,106.0,10.9,6.8,5.9,2.8,0.9,71.0,38.0,57.0,1.0,669.0,13.8,39.1,58.5,20.7,35.4,5.0,117.2,59.9,17.0,1.0,0.0,3.0,79.0,13.1,16.4,293.0
238_3_1,238,3,1,adapin,Repeat,15 day,0,mg/kg,Control,adapin_Control_15 day,1267,82,131.0,157,0.03,0.01,191,18.0,0.2,143.0,4.1,105.0,10.7,6.3,5.9,2.6,0.8,68.0,41.0,65.0,1.0,669.0,14.0,39.5,59.0,20.9,35.5,5.5,120.9,87.4,26.0,1.0,0.0,4.0,69.0,12.4,15.1,253.0
238_3_2,238,3,2,adapin,Repeat,15 day,0,mg/kg,Control,adapin_Control_15 day,1784,71,200.0,148,0.02,0.02,183,17.0,0.2,142.0,3.9,107.0,10.5,6.2,6.0,2.7,0.8,71.0,39.0,48.0,1.0,684.0,14.3,41.1,60.2,20.9,34.7,4.1,102.4,81.5,18.0,1.0,0.0,4.0,76.0,12.6,17.3,279.0
238_3_3,238,3,3,adapin,Repeat,15 day,0,mg/kg,Control,adapin_Control_15 day,1313,73,262.0,169,0.02,0.02,209,17.0,0.2,145.0,4.1,108.0,10.7,7.7,5.8,2.7,0.9,70.0,46.0,104.0,1.0,661.0,13.7,40.5,61.3,20.8,33.9,4.9,107.1,139.5,15.0,1.0,0.0,2.0,81.0,12.7,17.4,253.0
238_3_4,238,3,4,adapin,Repeat,15 day,0,mg/kg,Control,adapin_Control_15 day,1855,82,181.0,170,0.02,0.01,196,19.0,0.2,143.0,4.3,106.0,10.9,7.5,6.1,2.7,0.8,67.0,40.0,58.0,1.0,642.0,13.8,38.8,60.5,21.5,35.5,4.9,123.2,98.4,18.0,1.0,0.0,2.0,78.0,12.8,17.0,289.0
238_3_5,238,3,5,adapin,Repeat,15 day,0,mg/kg,Control,adapin_Control_15 day,1116,79,90.0,141,0.03,0.01,179,19.0,0.3,144.0,4.3,108.0,10.9,7.3,6.1,2.8,0.8,61.0,48.0,53.0,1.0,631.0,14.0,40.6,64.3,22.3,34.6,4.8,127.1,112.7,15.0,0.0,0.0,2.0,82.0,13.2,17.2,327.0
238_4_1,238,4,1,adapin,Repeat,29 day,0,mg/kg,Control,adapin_Control_29 day,1216,64,222.0,140,0.03,0.02,189,17.0,0.2,142.0,3.7,105.0,10.5,6.6,6.3,2.8,0.8,58.0,42.0,51.0,1.0,718.0,14.6,41.6,57.9,20.4,35.2,3.1,114.4,91.8,9.0,1.0,0.0,2.0,88.0,13.0,17.3,233.0
238_4_2,238,4,2,adapin,Repeat,29 day,0,mg/kg,Control,adapin_Control_29 day,1231,84,235.0,168,0.03,0.02,178,17.0,0.2,144.0,4.0,106.0,10.4,6.0,6.4,2.8,0.8,72.0,41.0,76.0,1.0,728.0,15.2,43.6,59.9,20.9,34.8,3.0,99.8,67.3,21.0,1.0,0.0,3.0,75.0,12.4,14.8,312.0
238_4_3,238,4,3,adapin,Repeat,29 day,0,mg/kg,Control,adapin_Control_29 day,1548,65,244.0,144,0.04,0.04,183,17.0,0.2,144.0,3.9,107.0,10.6,5.7,6.3,2.8,0.8,57.0,35.0,66.0,1.0,684.0,14.3,39.9,58.4,20.9,35.8,2.9,105.9,72.1,30.0,2.0,0.0,2.0,65.0,12.8,16.1,257.0
238_4_4,238,4,4,adapin,Repeat,29 day,0,mg/kg,Control,adapin_Control_29 day,1135,110,186.0,210,0.03,0.02,179,20.0,0.2,143.0,4.0,104.0,10.7,6.1,6.6,3.0,0.8,67.0,51.0,47.0,1.0,746.0,14.7,41.6,55.7,19.7,35.4,2.8,91.4,87.9,19.0,1.0,0.0,3.0,77.0,12.7,16.4,288.0
238_4_5,238,4,5,adapin,Repeat,29 day,0,mg/kg,Control,adapin_Control_29 day,1339,78,174.0,168,0.04,0.02,175,15.0,0.2,144.0,4.1,107.0,10.7,7.0,6.4,3.0,0.9,73.0,49.0,58.0,1.0,782.0,14.9,42.6,54.5,19.1,35.1,3.4,100.3,74.1,25.0,1.0,0.0,5.0,68.0,13.0,18.6,303.0
240_1_1,240,1,1,labetalol,Repeat,4 day,0,mg/kg,Control,labetalol_Control_4 day,1496,78,81.0,150,0.03,0.02,199,19.0,0.2,141.0,4.1,103.0,10.6,8.0,5.8,2.7,0.9,65.0,37.0,72.0,1.0,640.0,13.1,38.6,60.3,20.4,33.8,5.9,124.9,120.9,13.0,1.0,0.0,3.0,83.0,12.5,16.4,296.0
240_1_2,240,1,2,labetalol,Repeat,4 day,0,mg/kg,Control,labetalol_Control_4 day,1771,93,115.0,163,0.03,0.01,185,17.0,0.2,143.0,3.8,106.0,10.8,7.0,5.9,2.8,0.9,71.0,43.0,68.0,1.0,605.0,13.5,39.2,64.8,22.3,34.3,7.0,108.5,96.6,17.0,1.0,0.0,3.0,78.0,13.0,17.1,282.0
240_1_3,240,1,3,labetalol,Repeat,4 day,0,mg/kg,Control,labetalol_Control_4 day,1890,85,141.0,169,0.04,0.02,202,14.0,0.2,145.0,3.8,106.0,10.6,8.3,5.7,2.7,0.9,69.0,54.0,58.0,1.0,641.0,13.4,39.0,60.9,20.9,34.3,5.6,123.2,148.3,17.0,1.0,0.0,3.0,78.0,12.2,17.0,293.0
240_1_4,240,1,4,labetalol,Repeat,4 day,0,mg/kg,Control,labetalol_Control_4 day,1845,80,70.0,138,0.03,0.01,182,14.0,0.2,144.0,3.9,107.0,10.7,7.2,5.8,2.7,0.9,76.0,44.0,55.0,1.0,654.0,13.7,39.9,61.1,21.0,34.4,6.2,103.9,110.9,30.0,1.0,0.0,4.0,65.0,13.6,16.6,272.0
240_1_5,240,1,5,labetalol,Repeat,4 day,0,mg/kg,Control,labetalol_Control_4 day,1650,92,150.0,170,0.03,0.01,185,13.0,0.2,144.0,4.2,106.0,10.5,8.5,5.9,2.7,0.8,69.0,43.0,50.0,1.0,595.0,13.1,37.9,63.7,22.1,34.7,7.5,121.2,51.5,21.0,1.0,0.0,5.0,73.0,12.6,15.5,334.0
240_2_1,240,2,1,labetalol,Repeat,8 day,0,mg/kg,Control,labetalol_Control_8 day,1493,94,71.0,158,0.04,0.01,191,13.0,0.2,142.0,3.8,103.0,10.5,7.4,5.8,2.7,0.9,60.0,31.0,52.0,1.0,626.0,13.0,37.4,59.8,20.8,34.9,5.6,109.6,119.5,13.0,1.0,0.0,2.0,83.0,12.6,14.5,290.0
240_2_2,240,2,2,labetalol,Repeat,8 day,0,mg/kg,Control,labetalol_Control_8 day,1204,94,104.0,163,0.03,0.01,176,17.0,0.2,144.0,4.0,105.0,10.4,7.7,6.0,2.7,0.8,71.0,46.0,71.0,1.0,659.0,13.7,39.3,59.7,20.8,34.8,5.9,114.5,91.7,24.0,1.0,0.0,4.0,70.0,12.8,17.6,320.0
240_2_3,240,2,3,labetalol,Repeat,8 day,0,mg/kg,Control,labetalol_Control_8 day,1525,89,70.0,137,0.04,0.01,179,12.0,0.2,142.0,3.5,103.0,10.1,8.3,5.6,2.6,0.9,68.0,45.0,41.0,1.0,670.0,14.4,39.5,58.9,21.5,36.4,7.7,127.0,131.2,19.0,1.0,0.0,3.0,76.0,12.0,17.1,351.0
240_2_4,240,2,4,labetalol,Repeat,8 day,0,mg/kg,Control,labetalol_Control_8 day,1740,87,81.0,150,0.03,0.01,201,12.0,0.2,144.0,3.5,105.0,10.5,7.6,5.9,2.7,0.8,77.0,50.0,93.0,1.0,599.0,13.4,38.5,64.1,22.3,34.8,5.3,112.1,104.2,13.0,0.0,0.0,4.0,81.0,12.9,19.1,326.0
240_2_5,240,2,5,labetalol,Repeat,8 day,0,mg/kg,Control,labetalol_Control_8 day,1780,63,108.0,138,0.03,0.02,195,17.0,0.2,144.0,4.0,104.0,10.5,8.1,5.6,2.6,0.9,73.0,45.0,66.0,1.0,622.0,13.5,38.8,62.5,21.7,34.7,5.3,125.6,96.0,15.0,1.0,0.0,2.0,81.0,12.4,17.5,309.0
240_3_1,240,3,1,labetalol,Repeat,15 day,0,mg/kg,Control,labetalol_Control_15 day,1260,86,233.0,182,0.03,0.02,214,16.0,0.2,141.0,3.8,102.0,10.4,7.3,6.2,2.9,0.9,61.0,42.0,51.0,1.0,693.0,13.9,40.4,58.3,20.0,34.4,4.5,120.7,110.7,12.0,1.0,1.0,2.0,84.0,12.5,17.0,303.0
240_3_2,240,3,2,labetalol,Repeat,15 day,0,mg/kg,Control,labetalol_Control_15 day,1637,66,135.0,140,0.03,0.02,194,13.0,0.2,145.0,4.0,107.0,10.5,6.3,5.9,2.7,0.8,70.0,38.0,81.0,1.0,668.0,14.0,40.9,61.2,21.0,34.2,4.6,88.6,59.6,24.0,1.0,0.0,4.0,70.0,13.1,17.3,270.0
240_3_3,240,3,3,labetalol,Repeat,15 day,0,mg/kg,Control,labetalol_Control_15 day,1429,59,104.0,120,0.02,0.01,205,14.0,0.2,145.0,3.8,106.0,10.7,7.3,6.1,2.7,0.8,71.0,46.0,126.0,1.0,696.0,14.8,42.5,61.0,21.2,34.8,4.7,102.1,83.2,30.0,1.0,0.0,2.0,66.0,13.1,18.7,271.0
240_3_4,240,3,4,labetalol,Repeat,15 day,0,mg/kg,Control,labetalol_Control_15 day,1151,74,82.0,142,0.02,0.01,182,17.0,0.3,147.0,3.4,109.0,10.5,7.0,6.1,2.8,0.8,81.0,54.0,49.0,1.0,688.0,15.2,44.3,64.4,22.1,34.4,4.0,93.1,75.3,28.0,1.0,0.0,2.0,69.0,12.7,18.0,257.0
240_3_5,240,3,5,labetalol,Repeat,15 day,0,mg/kg,Control,labetalol_Control_15 day,1411,85,50.0,150,0.02,0.01,190,16.0,0.2,145.0,3.6,107.0,10.8,6.6,6.5,3.0,0.9,79.0,49.0,90.0,1.0,700.0,14.9,43.8,62.5,21.4,34.1,4.7,116.0,84.9,25.0,1.0,0.0,4.0,70.0,12.7,18.1,256.0
240_4_1,240,4,1,labetalol,Repeat,29 day,0,mg/kg,Control,labetalol_Control_29 day,1165,68,252.0,162,0.03,0.03,185,17.0,0.2,140.0,3.7,102.0,10.7,6.4,6.3,2.8,0.8,62.0,47.0,58.0,1.0,765.0,15.3,44.1,57.7,20.0,34.7,2.6,100.2,134.1,25.0,1.0,0.0,3.0,71.0,12.9,17.5,328.0
240_4_2,240,4,2,labetalol,Repeat,29 day,0,mg/kg,Control,labetalol_Control_29 day,1325,67,124.0,138,0.04,0.02,216,20.0,0.2,143.0,3.4,105.0,10.7,5.9,6.4,2.9,0.8,63.0,36.0,81.0,1.0,702.0,14.8,43.5,61.9,21.1,34.1,3.4,93.7,71.7,17.0,1.0,1.0,4.0,76.0,12.6,17.9,275.0
240_4_3,240,4,3,labetalol,Repeat,29 day,0,mg/kg,Control,labetalol_Control_29 day,1455,105,136.0,195,0.04,0.02,190,17.0,0.2,143.0,3.6,104.0,10.8,6.6,6.2,2.8,0.8,78.0,58.0,56.0,1.0,753.0,15.3,43.8,58.2,20.4,35.0,2.1,85.3,92.7,12.0,1.0,1.0,3.0,84.0,12.3,17.9,293.0
240_4_4,240,4,4,labetalol,Repeat,29 day,0,mg/kg,Control,labetalol_Control_29 day,1124,66,117.0,125,0.03,0.02,218,15.0,0.2,142.0,3.4,105.0,10.4,6.4,6.4,2.8,0.8,66.0,38.0,57.0,1.0,776.0,15.6,44.1,56.9,20.0,35.2,2.0,106.5,96.8,15.0,1.0,0.0,2.0,81.0,13.8,21.2,265.0
240_4_5,240,4,5,labetalol,Repeat,29 day,0,mg/kg,Control,labetalol_Control_29 day,891,82,87.0,136,0.04,0.02,186,16.0,0.2,144.0,3.7,105.0,10.8,7.0,6.3,2.9,0.9,66.0,37.0,67.0,1.0,745.0,14.7,42.2,56.6,19.7,34.9,2.6,105.8,98.0,23.0,2.0,1.0,4.0,69.0,12.9,18.1,284.0
242_1_1,242,1,1,methyltestosterone,Repeat,4 day,0,mg/kg,Control,methyltestosterone_Control_4 day,1836,82,90.0,140,0.03,0.02,201,14.0,0.2,141.0,4.1,107.0,10.8,6.5,5.7,2.7,0.9,77.0,46.0,69.0,1.0,646.0,13.8,40.8,63.1,21.3,33.8,7.1,111.8,71.9,15.0,1.0,0.0,3.0,81.0,13.4,16.6,255.0
242_1_2,242,1,2,methyltestosterone,Repeat,4 day,0,mg/kg,Control,methyltestosterone_Control_4 day,2086,69,100.0,137,0.03,0.01,200,15.0,0.2,143.0,4.1,109.0,10.9,7.4,5.5,2.6,0.9,69.0,51.0,48.0,1.0,603.0,13.2,38.5,63.7,21.8,34.2,6.2,108.7,37.1,22.0,2.0,0.0,2.0,74.0,12.6,15.6,274.0
242_1_3,242,1,3,methyltestosterone,Repeat,4 day,0,mg/kg,Control,methyltestosterone_Control_4 day,1674,73,99.0,141,0.03,0.02,173,15.0,0.2,141.0,4.3,108.0,11.1,7.4,5.6,2.7,0.9,69.0,36.0,52.0,1.0,609.0,13.3,37.9,62.3,21.9,35.1,6.3,131.2,87.3,10.0,1.0,0.0,2.0,86.0,12.9,17.3,261.0
242_1_4,242,1,4,methyltestosterone,Repeat,4 day,0,mg/kg,Control,methyltestosterone_Control_4 day,2411,88,105.0,168,0.03,0.01,184,16.0,0.2,144.0,3.8,109.0,11.1,8.3,5.8,2.7,0.9,71.0,44.0,58.0,1.0,621.0,13.3,38.7,62.3,21.4,34.4,6.9,117.6,73.3,23.0,1.0,0.0,3.0,72.0,12.4,15.0,322.0
242_1_5,242,1,5,methyltestosterone,Repeat,4 day,0,mg/kg,Control,methyltestosterone_Control_4 day,1907,77,42.0,128,0.02,0.01,174,16.0,0.2,144.0,4.5,108.0,10.8,7.8,5.4,2.5,0.9,80.0,51.0,45.0,1.0,619.0,13.3,38.4,61.9,21.5,34.7,6.8,128.5,99.9,17.0,1.0,0.0,2.0,79.0,13.1,16.4,288.0
242_2_1,242,2,1,methyltestosterone,Repeat,8 day,0,mg/kg,Control,methyltestosterone_Control_8 day,1305,71,91.0,128,0.03,0.02,184,15.0,0.2,139.0,4.0,104.0,11.2,6.6,6.0,2.8,0.9,64.0,42.0,69.0,1.0,608.0,13.0,37.6,61.9,21.4,34.7,6.4,125.8,85.7,13.0,1.0,0.0,2.0,84.0,12.8,16.9,278.0
242_2_2,242,2,2,methyltestosterone,Repeat,8 day,0,mg/kg,Control,methyltestosterone_Control_8 day,2211,77,143.0,140,0.03,0.02,202,19.0,0.2,142.0,4.2,105.0,10.9,7.2,5.8,2.7,0.9,79.0,44.0,65.0,1.0,636.0,13.3,39.2,61.6,21.0,34.1,5.4,125.6,62.1,20.0,1.0,0.0,3.0,76.0,12.9,16.8,312.0
242_2_3,242,2,3,methyltestosterone,Repeat,8 day,0,mg/kg,Control,methyltestosterone_Control_8 day,1580,52,117.0,114,0.03,0.02,191,17.0,0.2,141.0,4.2,106.0,10.7,7.1,5.8,2.7,0.9,71.0,41.0,62.0,1.0,638.0,14.0,40.5,63.4,21.9,34.5,5.9,121.6,101.8,17.0,1.0,0.0,2.0,80.0,13.2,16.0,257.0
242_2_4,242,2,4,methyltestosterone,Repeat,8 day,0,mg/kg,Control,methyltestosterone_Control_8 day,1848,80,86.0,146,0.02,0.02,197,16.0,0.2,143.0,3.9,105.0,11.0,7.7,5.8,2.7,0.9,71.0,38.0,82.0,2.0,603.0,13.2,38.7,64.3,21.8,34.0,5.1,183.8,91.9,15.0,1.0,0.0,2.0,82.0,13.0,16.6,270.0
242_2_5,242,2,5,methyltestosterone,Repeat,8 day,0,mg/kg,Control,methyltestosterone_Control_8 day,1835,85,66.0,154,0.03,0.01,188,15.0,0.2,145.0,3.8,104.0,11.2,8.7,5.7,2.7,0.9,73.0,41.0,64.0,1.0,634.0,13.3,39.1,61.6,20.9,34.0,5.0,126.5,95.1,10.0,0.0,0.0,2.0,87.0,13.6,16.8,243.0
242_3_1,242,3,1,methyltestosterone,Repeat,15 day,0,mg/kg,Control,methyltestosterone_Control_15 day,1469,78,103.0,144,0.04,0.02,180,17.0,0.3,141.0,4.6,106.0,10.3,6.1,6.0,2.7,0.8,68.0,39.0,69.0,1.0,755.0,15.9,44.8,59.3,21.0,35.4,2.6,86.1,60.7,10.0,1.0,0.0,3.0,86.0,12.8,16.4,279.0
242_3_2,242,3,2,methyltestosterone,Repeat,15 day,0,mg/kg,Control,methyltestosterone_Control_15 day,1349,62,156.0,129,0.03,0.02,193,17.0,0.2,140.0,4.5,105.0,10.8,7.8,5.8,2.7,0.9,72.0,74.0,171.0,1.0,694.0,14.8,42.5,61.2,21.4,34.9,4.3,120.4,127.0,11.0,1.0,1.0,2.0,85.0,12.9,17.3,321.0
242_3_3,242,3,3,methyltestosterone,Repeat,15 day,0,mg/kg,Control,methyltestosterone_Control_15 day,1349,95,162.0,179,0.03,0.02,208,21.0,0.2,142.0,3.8,104.0,10.9,7.4,6.2,2.8,0.8,66.0,42.0,137.0,1.0,684.0,14.3,42.0,61.4,20.9,34.1,4.7,103.5,121.0,14.0,1.0,0.0,3.0,81.0,12.5,14.2,277.0
242_3_4,242,3,4,methyltestosterone,Repeat,15 day,0,mg/kg,Control,methyltestosterone_Control_15 day,944,73,148.0,147,0.03,0.02,188,14.0,0.2,142.0,4.3,104.0,10.6,7.5,5.9,2.7,0.8,81.0,61.0,68.0,1.0,687.0,14.6,42.2,61.5,21.3,34.6,4.1,129.8,79.4,16.0,1.0,0.0,3.0,80.0,13.0,16.5,270.0
242_3_5,242,3,5,methyltestosterone,Repeat,15 day,0,mg/kg,Control,methyltestosterone_Control_15 day,1083,70,66.0,121,0.03,0.01,166,13.0,0.1,143.0,3.9,110.0,10.3,6.2,5.8,2.7,0.9,70.0,43.0,36.0,2.0,745.0,14.1,41.3,55.5,18.9,34.1,2.5,120.8,52.0,26.0,1.0,0.0,2.0,71.0,13.0,15.3,295.0
242_4_1,242,4,1,methyltestosterone,Repeat,29 day,0,mg/kg,Control,methyltestosterone_Control_29 day,1079,75,157.0,141,0.03,0.02,172,18.0,0.3,143.0,3.3,105.0,11.3,6.2,6.4,2.9,0.8,55.0,34.0,71.0,1.0,805.0,16.2,45.8,56.9,20.2,35.5,2.5,98.3,78.9,15.0,1.0,0.0,2.0,82.0,13.0,16.7,291.0
242_4_2,242,4,2,methyltestosterone,Repeat,29 day,0,mg/kg,Control,methyltestosterone_Control_29 day,1151,56,90.0,109,0.03,0.01,183,16.0,0.2,143.0,4.0,107.0,11.0,6.3,6.1,2.8,0.8,63.0,36.0,44.0,1.0,794.0,16.2,46.1,58.1,20.3,35.0,1.9,114.1,109.8,16.0,1.0,0.0,1.0,80.0,14.0,17.6,289.0
242_4_3,242,4,3,methyltestosterone,Repeat,29 day,0,mg/kg,Control,methyltestosterone_Control_29 day,1392,59,118.0,124,0.04,0.02,189,16.0,0.2,144.0,4.2,107.0,11.0,5.5,5.9,2.7,0.8,66.0,38.0,47.0,1.0,798.0,15.6,43.6,54.7,19.6,35.8,2.1,95.8,91.2,14.0,1.0,0.0,2.0,81.0,13.6,17.8,211.0
242_4_4,242,4,4,methyltestosterone,Repeat,29 day,0,mg/kg,Control,methyltestosterone_Control_29 day,1362,65,144.0,142,0.03,0.02,179,17.0,0.2,142.0,4.2,104.0,11.8,6.9,6.4,2.8,0.8,68.0,46.0,45.0,1.0,780.0,14.9,42.4,54.4,19.1,35.2,2.2,107.5,102.0,21.0,1.0,0.0,3.0,74.0,13.2,16.7,264.0
242_4_5,242,4,5,methyltestosterone,Repeat,29 day,0,mg/kg,Control,methyltestosterone_Control_29 day,696,62,94.0,123,0.02,0.01,190,15.0,0.2,143.0,3.8,104.0,11.3,6.2,6.2,2.8,0.8,59.0,35.0,92.0,0.0,796.0,15.5,44.0,55.3,19.5,35.3,2.0,114.7,89.7,22.0,2.0,0.0,2.0,74.0,13.6,18.9,294.0
248_1_1,248,1,1,haloperidol,Repeat,4 day,0,mg/kg,Control,haloperidol_Control_4 day,773,90,153.0,166,0.22,0.0,203,21.0,0.5,138.0,5.4,106.0,10.7,7.8,5.9,3.8,1.8,68.0,44.0,98.0,1.0,611.0,13.3,39.5,64.6,21.8,33.7,8.6,120.9,66.1,17.0,0.0,0.0,2.0,81.0,12.4,16.7,226.0
248_1_2,248,1,2,haloperidol,Repeat,4 day,0,mg/kg,Control,haloperidol_Control_4 day,886,94,109.0,173,0.25,0.0,194,19.0,0.6,140.0,5.0,106.0,11.4,8.3,6.3,4.3,2.2,54.0,33.0,79.0,2.0,643.0,13.7,42.2,65.6,21.4,32.6,7.4,112.9,46.3,11.0,1.0,0.0,5.0,83.0,11.8,17.3,222.0
248_1_3,248,1,3,haloperidol,Repeat,4 day,0,mg/kg,Control,haloperidol_Control_4 day,608,82,78.0,151,0.29,0.0,177,18.0,0.5,138.0,5.3,106.0,10.8,8.7,5.5,3.7,2.1,43.0,29.0,81.0,1.0,654.0,14.4,42.5,65.0,22.0,33.8,7.4,110.6,78.6,5.0,0.0,0.0,3.0,92.0,12.3,16.5,208.0
248_1_4,248,1,4,haloperidol,Repeat,4 day,0,mg/kg,Control,haloperidol_Control_4 day,1194,79,113.0,171,0.21,0.0,190,19.0,0.6,140.0,4.3,105.0,11.1,9.1,6.0,4.0,2.0,70.0,45.0,107.0,1.0,638.0,13.5,39.3,61.6,21.2,34.4,7.6,120.6,48.9,10.0,0.0,0.0,6.0,84.0,12.3,16.2,227.0
248_1_5,248,1,5,haloperidol,Repeat,4 day,0,mg/kg,Control,haloperidol_Control_4 day,1115,95,30.0,170,0.23,0.0,192,19.0,0.6,140.0,4.4,106.0,12.0,8.1,6.1,4.0,1.9,63.0,39.0,94.0,3.0,618.0,14.0,41.9,67.7,22.6,33.3,7.5,131.9,50.5,14.0,0.0,0.0,4.0,82.0,12.2,15.7,233.0
248_2_1,248,2,1,haloperidol,Repeat,8 day,0,mg/kg,Control,haloperidol_Control_8 day,996,88,148.0,193,0.16,0.0,215,21.0,0.5,137.0,5.0,105.0,10.6,6.6,5.9,3.8,1.8,63.0,39.0,97.0,1.0,673.0,14.9,44.2,65.7,22.1,33.6,5.6,111.4,75.1,9.0,0.0,0.0,1.0,90.0,11.8,16.8,228.0
248_2_2,248,2,2,haloperidol,Repeat,8 day,0,mg/kg,Control,haloperidol_Control_8 day,821,104,124.0,193,0.29,0.0,192,23.0,0.6,140.0,4.3,104.0,11.4,6.8,6.0,3.9,1.9,55.0,32.0,93.0,1.0,670.0,13.4,40.2,60.1,19.9,33.2,6.2,106.5,84.1,10.0,0.0,0.0,4.0,86.0,12.4,16.6,209.0
248_2_3,248,2,3,haloperidol,Repeat,8 day,0,mg/kg,Control,haloperidol_Control_8 day,636,84,140.0,164,0.31,0.0,186,18.0,0.5,139.0,4.7,105.0,11.4,6.8,5.9,4.0,2.1,51.0,28.0,88.0,2.0,638.0,13.4,40.6,63.6,21.1,33.1,6.5,110.6,92.9,10.0,2.0,0.0,9.0,79.0,12.1,17.9,228.0
248_2_4,248,2,4,haloperidol,Repeat,8 day,0,mg/kg,Control,haloperidol_Control_8 day,1031,69,138.0,148,0.29,0.0,201,21.0,0.5,138.0,4.6,104.0,11.6,8.1,5.8,3.9,2.1,71.0,38.0,103.0,3.0,614.0,13.1,39.3,64.0,21.3,33.3,6.0,105.5,92.5,21.0,2.0,0.0,4.0,73.0,12.3,16.8,206.0
248_2_5,248,2,5,haloperidol,Repeat,8 day,0,mg/kg,Control,haloperidol_Control_8 day,890,70,122.0,151,0.35,0.03,186,18.0,0.5,140.0,4.2,106.0,11.1,8.9,5.7,3.8,2.0,57.0,30.0,84.0,2.0,695.0,14.9,44.7,64.3,21.4,33.3,4.5,89.9,69.1,20.0,0.0,0.0,6.0,74.0,12.4,16.6,211.0
248_3_1,248,3,1,haloperidol,Repeat,15 day,0,mg/kg,Control,haloperidol_Control_15 day,979,82,133.0,166,0.28,0.02,223,21.0,0.5,137.0,4.8,107.0,10.4,6.8,6.1,3.7,1.5,72.0,38.0,96.0,1.0,692.0,14.7,43.6,63.0,21.2,33.7,4.0,97.2,127.0,9.0,1.0,0.0,5.0,85.0,12.1,16.3,221.0
248_3_2,248,3,2,haloperidol,Repeat,15 day,0,mg/kg,Control,haloperidol_Control_15 day,669,90,171.0,164,0.35,0.03,166,19.0,0.5,139.0,4.5,106.0,10.8,7.6,6.2,3.8,1.6,59.0,28.0,93.0,1.0,712.0,14.6,44.6,62.6,20.5,32.8,3.9,110.2,70.2,21.0,0.0,0.0,10.0,69.0,12.2,16.6,236.0
248_3_3,248,3,3,haloperidol,Repeat,15 day,0,mg/kg,Control,haloperidol_Control_15 day,815,69,161.0,156,0.36,0.0,184,26.0,0.5,138.0,5.7,108.0,10.6,6.1,6.6,4.1,1.6,62.0,37.0,81.0,3.0,750.0,14.9,44.3,59.1,19.9,33.7,2.7,99.3,93.6,13.0,0.0,0.0,5.0,82.0,12.2,16.3,236.0
248_3_4,248,3,4,haloperidol,Repeat,15 day,0,mg/kg,Control,haloperidol_Control_15 day,724,69,185.0,163,0.32,0.0,201,21.0,0.5,138.0,4.5,107.0,10.8,7.7,6.2,4.0,1.8,57.0,26.0,96.0,1.0,709.0,13.9,41.7,58.8,19.6,33.3,3.5,122.0,72.1,23.0,0.0,0.0,2.0,75.0,12.2,15.2,219.0
248_3_5,248,3,5,haloperidol,Repeat,15 day,0,mg/kg,Control,haloperidol_Control_15 day,737,71,95.0,157,0.35,0.0,203,19.0,0.5,139.0,4.4,106.0,10.8,8.9,6.1,4.1,2.1,62.0,34.0,100.0,1.0,717.0,14.9,44.9,62.6,20.8,33.2,4.3,108.4,104.0,15.0,0.0,0.0,4.0,81.0,12.3,16.6,209.0
248_4_1,248,4,1,haloperidol,Repeat,29 day,0,mg/kg,Control,haloperidol_Control_29 day,571,59,131.0,132,0.15,0.07,190,20.0,0.6,138.0,4.3,104.0,10.7,8.0,6.5,4.1,1.7,63.0,34.0,82.0,3.0,759.0,14.6,44.1,58.1,19.2,33.1,4.5,150.2,149.0,13.0,2.0,0.0,6.0,79.0,12.4,17.1,259.0
248_4_2,248,4,2,haloperidol,Repeat,29 day,0,mg/kg,Control,haloperidol_Control_29 day,599,60,139.0,142,0.28,0.09,184,22.0,0.6,141.0,4.0,105.0,11.1,7.5,6.4,4.3,2.1,63.0,36.0,67.0,1.0,837.0,15.4,45.9,54.9,18.4,33.5,2.5,99.5,144.0,13.0,0.0,0.0,3.0,84.0,12.2,17.4,216.0
248_4_3,248,4,3,haloperidol,Repeat,29 day,0,mg/kg,Control,haloperidol_Control_29 day,624,81,105.0,165,0.24,0.02,154,26.0,0.6,143.0,5.5,106.0,12.0,8.6,7.2,4.6,1.8,60.0,28.0,95.0,2.0,785.0,15.5,46.2,58.8,19.8,33.6,3.0,83.9,145.0,15.0,0.0,0.0,8.0,77.0,12.1,16.1,238.0
248_4_4,248,4,4,haloperidol,Repeat,29 day,0,mg/kg,Control,haloperidol_Control_29 day,454,104,211.0,192,0.27,0.01,179,22.0,0.5,140.0,4.4,105.0,10.6,7.8,6.4,4.0,1.7,54.0,24.0,62.0,1.0,751.0,15.1,44.7,59.5,20.1,33.7,2.8,89.7,157.0,11.0,1.0,0.0,7.0,81.0,11.9,16.1,238.0
248_4_5,248,4,5,haloperidol,Repeat,29 day,0,mg/kg,Control,haloperidol_Control_29 day,542,72,295.0,173,0.25,0.07,180,21.0,0.5,138.0,4.7,105.0,11.0,7.1,6.5,3.7,1.3,54.0,30.0,91.0,1.0,806.0,15.1,45.8,56.8,18.7,32.9,2.3,104.3,123.0,11.0,1.0,0.0,5.0,83.0,12.4,16.2,228.0
262_1_1,262,1,1,pemoline,Repeat,4 day,0,mg/kg,Control,pemoline_Control_4 day,1503,84,75.0,142,0.03,0.02,181,14.0,0.2,141.0,3.5,103.0,10.7,7.1,5.6,2.7,0.9,65.0,35.0,62.0,1.0,570.0,12.8,38.1,66.9,22.4,33.5,8.5,101.9,107.0,13.0,1.0,0.0,3.0,82.0,12.9,14.4,262.0
262_1_2,262,1,2,pemoline,Repeat,4 day,0,mg/kg,Control,pemoline_Control_4 day,1757,74,132.0,138,0.03,0.03,179,13.0,0.2,143.0,3.9,106.0,10.6,8.1,5.5,2.5,0.8,70.0,42.0,74.0,1.0,664.0,13.8,40.6,61.2,20.8,33.9,7.3,107.7,95.8,17.0,1.0,0.0,3.0,79.0,12.8,17.6,287.0
262_1_3,262,1,3,pemoline,Repeat,4 day,0,mg/kg,Control,pemoline_Control_4 day,1482,88,71.0,148,0.02,0.02,204,17.0,0.2,143.0,4.1,107.0,10.7,7.3,5.7,2.8,1.0,69.0,41.0,57.0,1.0,621.0,13.4,39.4,63.5,21.6,34.1,8.0,109.7,84.4,14.0,1.0,0.0,5.0,78.0,12.9,15.9,287.0
262_1_4,262,1,4,pemoline,Repeat,4 day,0,mg/kg,Control,pemoline_Control_4 day,1689,90,53.0,148,0.02,0.02,179,15.0,0.2,143.0,4.0,107.0,10.6,7.8,5.4,2.6,0.9,79.0,54.0,51.0,1.0,626.0,14.0,40.9,65.4,22.3,34.1,7.7,97.2,96.6,26.0,1.0,0.0,3.0,70.0,12.7,16.9,293.0
262_1_5,262,1,5,pemoline,Repeat,4 day,0,mg/kg,Control,pemoline_Control_4 day,1694,94,112.0,162,0.03,0.02,177,15.0,0.2,145.0,4.1,106.0,10.9,7.7,5.5,2.6,0.9,67.0,43.0,49.0,1.0,608.0,13.0,39.3,64.6,21.4,33.1,8.5,113.1,66.3,18.0,1.0,0.0,3.0,79.0,12.9,16.3,282.0
262_2_1,262,2,1,pemoline,Repeat,8 day,0,mg/kg,Control,pemoline_Control_8 day,1129,88,126.0,164,0.04,0.02,164,16.0,0.2,141.0,3.6,103.0,10.8,6.8,5.7,2.7,0.9,78.0,45.0,143.0,1.0,603.0,13.1,37.6,62.4,21.7,34.8,7.1,119.2,139.0,25.0,1.0,0.0,2.0,71.0,12.5,16.1,295.0
262_2_2,262,2,2,pemoline,Repeat,8 day,0,mg/kg,Control,pemoline_Control_8 day,2168,88,121.0,168,0.02,0.02,165,15.0,0.2,143.0,3.9,104.0,10.6,7.3,5.7,2.7,0.9,66.0,44.0,73.0,1.0,663.0,14.0,40.8,61.5,21.1,34.2,7.3,127.0,111.4,17.0,1.0,0.0,4.0,77.0,13.1,17.2,279.0
262_2_3,262,2,3,pemoline,Repeat,8 day,0,mg/kg,Control,pemoline_Control_8 day,1542,63,208.0,141,0.03,0.04,219,18.0,0.2,143.0,3.6,106.0,10.4,6.4,5.7,2.7,0.9,62.0,35.0,69.0,1.0,626.0,14.0,40.2,64.3,22.3,34.7,6.0,158.2,118.0,18.0,1.0,1.0,3.0,77.0,13.0,17.9,249.0
262_2_4,262,2,4,pemoline,Repeat,8 day,0,mg/kg,Control,pemoline_Control_8 day,1490,99,112.0,179,0.03,0.01,172,14.0,0.2,142.0,3.9,104.0,10.7,7.0,5.9,2.7,0.8,65.0,42.0,52.0,1.0,644.0,13.7,40.3,62.6,21.3,34.0,5.6,119.9,67.0,17.0,1.0,0.0,3.0,78.0,12.3,16.0,309.0
262_2_5,262,2,5,pemoline,Repeat,8 day,0,mg/kg,Control,pemoline_Control_8 day,1799,83,92.0,152,0.02,0.02,200,14.0,0.2,141.0,3.8,105.0,10.7,8.4,5.8,2.7,0.9,69.0,41.0,64.0,1.0,655.0,14.1,41.1,62.8,21.5,34.2,6.2,106.0,81.0,19.0,1.0,0.0,5.0,74.0,13.4,18.7,301.0
262_3_1,262,3,1,pemoline,Repeat,15 day,0,mg/kg,Control,pemoline_Control_15 day,724,77,63.0,128,0.02,0.01,169,14.0,0.2,144.0,3.2,106.0,10.7,8.0,5.7,2.6,0.8,77.0,55.0,64.0,1.0,659.0,14.0,39.4,59.8,21.3,35.6,3.7,109.1,69.4,22.0,1.0,0.0,2.0,75.0,12.5,14.1,394.0
262_3_2,262,3,2,pemoline,Repeat,15 day,0,mg/kg,Control,pemoline_Control_15 day,1193,71,83.0,133,0.01,0.01,181,16.0,0.2,143.0,3.8,106.0,11.3,7.5,5.8,2.7,0.9,70.0,46.0,109.0,1.0,632.0,13.7,39.1,61.9,21.6,34.9,4.1,98.8,80.6,19.0,1.0,0.0,3.0,77.0,13.2,17.3,277.0
262_3_3,262,3,3,pemoline,Repeat,15 day,0,mg/kg,Control,pemoline_Control_15 day,1323,91,99.0,166,0.02,0.01,179,14.0,0.2,146.0,3.5,105.0,11.4,8.6,6.2,2.8,0.8,62.0,41.0,43.0,1.0,624.0,13.9,39.6,63.4,22.2,35.1,5.1,95.8,103.7,24.0,0.0,0.0,2.0,72.0,12.6,19.6,309.0
262_3_4,262,3,4,pemoline,Repeat,15 day,0,mg/kg,Control,pemoline_Control_15 day,1703,68,136.0,142,0.02,0.02,176,16.0,0.2,145.0,3.7,105.0,11.2,9.0,5.8,2.6,0.8,77.0,47.0,67.0,1.0,669.0,14.1,40.6,60.7,21.1,34.7,4.5,103.2,90.9,19.0,1.0,0.0,2.0,78.0,12.5,17.3,274.0
262_3_5,262,3,5,pemoline,Repeat,15 day,0,mg/kg,Control,pemoline_Control_15 day,1505,87,60.0,154,0.02,0.01,196,16.0,0.2,145.0,3.7,105.0,11.4,8.3,6.3,2.9,0.9,73.0,42.0,51.0,1.0,682.0,13.9,39.8,58.3,20.3,34.9,3.7,111.8,87.4,23.0,1.0,0.0,2.0,74.0,13.0,20.9,316.0
262_4_1,262,4,1,pemoline,Repeat,29 day,0,mg/kg,Control,pemoline_Control_29 day,1093,64,144.0,127,0.02,0.02,170,17.0,0.3,142.0,3.4,104.0,11.0,6.2,6.1,2.7,0.8,62.0,44.0,56.0,1.0,738.0,14.6,40.8,55.2,19.8,35.9,2.2,93.4,126.4,10.0,1.0,0.0,1.0,87.0,12.5,17.8,244.0
262_4_2,262,4,2,pemoline,Repeat,29 day,0,mg/kg,Control,pemoline_Control_29 day,878,76,201.0,157,0.02,0.01,188,15.0,0.2,143.0,3.9,105.0,11.4,6.6,6.4,2.9,0.8,62.0,38.0,105.0,1.0,725.0,14.7,40.8,56.3,20.3,36.0,2.6,99.1,98.3,13.0,1.0,0.0,2.0,83.0,12.1,18.2,254.0
262_4_3,262,4,3,pemoline,Repeat,29 day,0,mg/kg,Control,pemoline_Control_29 day,1147,74,322.0,168,0.02,0.02,173,16.0,0.2,144.0,3.9,103.0,11.4,6.6,6.4,2.9,0.8,65.0,43.0,76.0,1.0,747.0,15.1,42.7,57.2,20.2,35.4,3.6,113.1,132.6,10.0,1.0,0.0,2.0,85.0,12.2,16.4,284.0
262_4_4,262,4,4,pemoline,Repeat,29 day,0,mg/kg,Control,pemoline_Control_29 day,1221,93,233.0,179,0.03,0.02,192,17.0,0.2,142.0,3.3,103.0,11.6,7.3,6.2,2.8,0.8,56.0,30.0,54.0,1.0,730.0,15.2,42.2,57.8,20.8,36.1,2.8,127.0,113.4,15.0,1.0,0.0,4.0,78.0,11.9,15.9,308.0
262_4_5,262,4,5,pemoline,Repeat,29 day,0,mg/kg,Control,pemoline_Control_29 day,563,80,175.0,170,0.02,0.02,188,18.0,0.2,144.0,3.8,105.0,11.5,7.6,6.3,2.9,0.9,63.0,51.0,53.0,1.0,806.0,15.9,45.1,56.0,19.7,35.2,2.8,110.0,135.8,15.0,1.0,1.0,4.0,78.0,12.4,18.5,252.0
266_1_1,266,1,1,metformin,Repeat,4 day,0,mg/kg,Control,metformin_Control_4 day,1483,75,135.0,135,0.03,0.03,188,14.0,0.2,139.0,3.6,102.0,11.1,7.8,5.6,2.6,0.9,71.0,47.0,75.0,1.0,622.0,13.1,39.0,62.6,21.1,33.7,7.9,132.2,117.9,17.0,1.0,0.0,4.0,77.0,12.8,16.4,255.0
266_1_2,266,1,2,metformin,Repeat,4 day,0,mg/kg,Control,metformin_Control_4 day,975,90,62.0,140,0.04,0.01,193,12.0,0.2,141.0,4.1,102.0,10.8,8.9,5.4,2.5,0.9,80.0,58.0,61.0,1.0,604.0,13.1,38.5,63.8,21.7,34.0,6.7,130.3,180.4,15.0,1.0,1.0,4.0,79.0,12.7,17.6,258.0
266_1_3,266,1,3,metformin,Repeat,4 day,0,mg/kg,Control,metformin_Control_4 day,1011,87,41.0,134,0.03,0.01,166,13.0,0.2,141.0,3.9,105.0,10.9,8.3,5.3,2.5,0.9,81.0,67.0,89.0,1.0,589.0,12.9,38.0,64.5,21.9,33.9,6.7,127.1,97.8,21.0,1.0,0.0,3.0,74.0,12.6,16.9,211.0
266_1_4,266,1,4,metformin,Repeat,4 day,0,mg/kg,Control,metformin_Control_4 day,1547,94,49.0,159,0.04,0.01,173,12.0,0.2,143.0,4.1,108.0,11.2,9.5,5.6,2.6,0.9,88.0,102.0,49.0,1.0,604.0,13.5,38.7,64.0,22.3,34.8,6.4,106.0,98.3,27.0,1.0,0.0,3.0,69.0,12.5,17.1,257.0
266_1_5,266,1,5,metformin,Repeat,4 day,0,mg/kg,Control,metformin_Control_4 day,1712,84,69.0,150,0.03,0.01,204,14.0,0.2,140.0,4.4,106.0,10.8,8.0,5.4,2.5,0.9,83.0,75.0,75.0,1.0,597.0,13.1,39.2,65.8,22.0,33.4,6.6,112.2,76.9,18.0,1.0,0.0,3.0,78.0,12.5,16.2,253.0
266_2_1,266,2,1,metformin,Repeat,8 day,0,mg/kg,Control,metformin_Control_8 day,1156,71,189.0,149,0.03,0.02,193,17.0,0.2,139.0,3.9,104.0,10.7,7.1,5.7,2.7,0.9,71.0,47.0,93.0,1.0,665.0,13.8,41.4,62.3,20.8,33.4,5.7,130.3,93.1,17.0,2.0,0.0,3.0,78.0,12.0,17.3,246.0
266_2_2,266,2,2,metformin,Repeat,8 day,0,mg/kg,Control,metformin_Control_8 day,1662,72,67.0,131,0.05,0.02,181,16.0,0.2,142.0,4.4,106.0,11.7,8.4,6.0,2.7,0.8,78.0,59.0,66.0,1.0,604.0,13.3,40.0,66.2,22.1,33.3,6.0,132.1,96.5,22.0,1.0,0.0,3.0,74.0,12.2,15.7,291.0
266_2_3,266,2,3,metformin,Repeat,8 day,0,mg/kg,Control,metformin_Control_8 day,1365,84,56.0,148,0.03,0.01,171,18.0,0.2,141.0,4.5,106.0,11.4,7.6,5.8,2.7,0.9,68.0,31.0,56.0,1.0,649.0,13.9,41.0,63.2,21.4,33.9,6.3,123.8,74.1,12.0,1.0,0.0,3.0,84.0,12.1,17.6,254.0
266_2_4,266,2,4,metformin,Repeat,8 day,0,mg/kg,Control,metformin_Control_8 day,1454,74,81.0,137,0.03,0.01,203,14.0,0.2,143.0,4.1,106.0,11.3,7.0,6.0,2.8,0.9,64.0,40.0,66.0,1.0,629.0,13.5,39.2,62.4,21.4,34.3,5.8,133.3,95.9,16.0,1.0,0.0,3.0,79.0,12.3,16.6,273.0
266_2_5,266,2,5,metformin,Repeat,8 day,0,mg/kg,Control,metformin_Control_8 day,1529,88,62.0,161,0.03,0.01,187,17.0,0.2,142.0,4.5,104.0,11.2,8.9,5.9,2.8,0.9,67.0,39.0,52.0,1.0,585.0,13.6,39.0,66.6,23.2,34.9,6.1,114.5,93.8,21.0,1.0,0.0,3.0,74.0,11.5,15.9,300.0
266_3_1,266,3,1,metformin,Repeat,15 day,0,mg/kg,Control,metformin_Control_15 day,1339,67,159.0,147,0.04,0.02,194,17.0,0.2,142.0,3.8,105.0,10.8,6.7,6.0,2.7,0.8,141.0,58.0,499.0,1.0,690.0,13.7,39.7,57.6,19.8,34.4,4.1,117.0,99.8,11.0,1.0,0.0,3.0,85.0,12.3,17.6,221.0
266_3_2,266,3,2,metformin,Repeat,15 day,0,mg/kg,Control,metformin_Control_15 day,1246,89,123.0,163,0.04,0.02,202,16.0,0.2,143.0,3.9,104.0,11.5,6.5,6.2,2.8,0.8,65.0,39.0,119.0,1.0,645.0,13.6,39.4,61.2,21.1,34.4,5.2,122.5,97.7,21.0,1.0,0.0,3.0,74.0,12.4,18.8,272.0
266_3_3,266,3,3,metformin,Repeat,15 day,0,mg/kg,Control,metformin_Control_15 day,1214,72,187.0,162,0.03,0.01,177,14.0,0.2,143.0,3.8,105.0,10.6,6.9,5.9,2.7,0.8,61.0,39.0,77.0,1.0,671.0,14.8,42.4,63.1,22.1,35.0,4.5,138.4,133.6,17.0,0.0,0.0,2.0,80.0,12.3,18.7,239.0
266_3_4,266,3,4,metformin,Repeat,15 day,0,mg/kg,Control,metformin_Control_15 day,1462,79,136.0,155,0.03,0.01,184,17.0,0.2,142.0,4.5,105.0,10.9,7.4,5.8,2.7,0.9,64.0,34.0,49.0,1.0,683.0,14.1,40.5,59.4,20.7,34.8,5.0,130.1,91.8,14.0,1.0,0.0,5.0,79.0,12.1,17.9,255.0
266_3_5,266,3,5,metformin,Repeat,15 day,0,mg/kg,Control,metformin_Control_15 day,1450,61,91.0,126,0.03,0.01,184,18.0,0.2,144.0,4.0,107.0,11.1,7.8,6.0,2.8,0.9,74.0,46.0,96.0,1.0,681.0,14.2,41.7,61.2,20.8,34.0,5.1,107.0,97.8,24.0,1.0,0.0,4.0,71.0,12.2,18.7,274.0
266_4_1,266,4,1,metformin,Repeat,29 day,0,mg/kg,Control,metformin_Control_29 day,920,71,128.0,133,0.04,0.02,180,16.0,0.2,144.0,3.8,104.0,10.6,6.2,5.8,2.5,0.8,59.0,40.0,60.0,1.0,692.0,14.6,41.8,60.4,21.1,35.0,2.7,106.0,170.3,13.0,1.0,1.0,2.0,83.0,12.5,15.7,250.0
266_4_2,266,4,2,metformin,Repeat,29 day,0,mg/kg,Control,metformin_Control_29 day,963,75,168.0,151,0.03,0.01,180,14.0,0.2,143.0,4.0,105.0,11.0,7.2,6.2,2.8,0.8,52.0,42.0,54.0,1.0,750.0,14.5,41.4,55.2,19.4,35.1,2.6,112.9,91.3,14.0,1.0,0.0,3.0,81.0,12.1,18.4,265.0
266_4_3,266,4,3,metformin,Repeat,29 day,0,mg/kg,Control,metformin_Control_29 day,990,67,94.0,127,0.04,0.01,164,17.0,0.2,145.0,3.8,105.0,11.4,6.3,6.3,2.8,0.8,64.0,41.0,41.0,1.0,793.0,15.0,42.2,53.3,18.9,35.4,2.2,109.2,141.7,20.0,1.0,0.0,3.0,75.0,12.2,18.4,268.0
266_4_4,266,4,4,metformin,Repeat,29 day,0,mg/kg,Control,metformin_Control_29 day,1516,63,94.0,131,0.03,0.01,176,17.0,0.2,146.0,4.0,107.0,11.2,6.4,6.2,2.8,0.8,65.0,43.0,46.0,1.0,746.0,15.1,44.6,59.7,20.2,33.8,2.1,84.6,105.9,21.0,1.0,0.0,3.0,75.0,11.9,16.2,258.0
266_4_5,266,4,5,metformin,Repeat,29 day,0,mg/kg,Control,metformin_Control_29 day,1036,81,187.0,175,0.04,0.02,181,16.0,0.2,147.0,3.8,106.0,11.4,7.1,6.2,2.8,0.8,64.0,43.0,58.0,1.0,817.0,15.7,45.8,56.1,19.3,34.3,2.8,104.4,80.7,16.0,3.0,0.0,2.0,79.0,12.0,17.4,259.0
274_1_2,274,1,2,fluphenazine,Repeat,4 day,0,mg/kg,Control,fluphenazine_Control_4 day,754,102,102.0,183,0.25,0.0,190,18.0,0.6,139.0,4.4,104.0,10.8,8.4,5.9,3.9,2.0,59.0,39.0,61.0,1.0,585.0,13.4,40.0,68.3,22.9,33.5,7.0,141.0,53.3,17.0,1.0,0.0,13.0,70.0,11.3,17.6,229.0
274_1_3,274,1,3,fluphenazine,Repeat,4 day,0,mg/kg,Control,fluphenazine_Control_4 day,1050,87,92.0,160,0.29,0.04,202,17.0,0.5,138.0,4.7,107.0,10.6,8.2,5.7,4.0,2.4,67.0,38.0,80.0,0.0,634.0,13.4,40.6,64.0,21.1,32.9,5.7,111.5,86.2,14.0,1.0,0.0,2.0,83.0,12.2,16.5,235.0
274_1_4,274,1,4,fluphenazine,Repeat,4 day,0,mg/kg,Control,fluphenazine_Control_4 day,958,81,60.0,147,0.37,0.07,172,17.0,0.5,138.0,4.8,104.0,10.8,8.3,5.7,3.8,2.0,57.0,30.0,74.0,1.0,640.0,13.4,40.1,62.6,21.0,33.5,5.6,135.7,105.0,18.0,1.0,0.0,4.0,77.0,12.1,16.8,239.0
274_1_5,274,1,5,fluphenazine,Repeat,4 day,0,mg/kg,Control,fluphenazine_Control_4 day,926,75,133.0,162,0.4,0.03,176,17.0,0.6,136.0,5.6,103.0,10.9,8.9,5.8,4.2,2.6,58.0,34.0,94.0,0.0,670.0,14.0,42.1,62.8,20.9,33.3,6.7,117.0,153.0,11.0,1.0,0.0,10.0,78.0,12.4,16.7,227.0
274_2_1,274,2,1,fluphenazine,Repeat,8 day,0,mg/kg,Control,fluphenazine_Control_8 day,786,74,96.0,137,0.36,0.03,184,20.0,0.5,138.0,5.0,107.0,10.4,7.7,5.9,4.0,2.1,65.0,29.0,89.0,1.0,592.0,12.8,37.9,64.1,21.7,33.8,6.0,118.4,143.0,12.0,1.0,0.0,6.0,82.0,12.2,16.4,233.0
274_2_2,274,2,2,fluphenazine,Repeat,8 day,0,mg/kg,Control,fluphenazine_Control_8 day,820,66,73.0,132,0.28,0.0,220,18.0,0.6,139.0,4.4,105.0,10.8,8.3,6.1,4.1,2.1,60.0,34.0,77.0,1.0,604.0,13.1,39.2,64.9,21.7,33.4,5.6,115.7,97.2,14.0,1.0,0.0,3.0,83.0,11.9,17.2,244.0
274_2_3,274,2,3,fluphenazine,Repeat,8 day,0,mg/kg,Control,fluphenazine_Control_8 day,760,76,164.0,171,0.26,0.0,189,18.0,0.4,138.0,4.8,108.0,10.4,7.1,6.1,3.8,1.7,56.0,30.0,99.0,2.0,653.0,14.0,41.6,63.6,21.4,33.7,4.8,101.3,114.0,13.0,1.0,0.0,3.0,84.0,12.1,15.9,257.0
274_2_4,274,2,4,fluphenazine,Repeat,8 day,0,mg/kg,Control,fluphenazine_Control_8 day,760,89,95.0,167,0.39,0.02,187,18.0,0.5,140.0,4.2,106.0,10.3,9.1,5.8,3.7,1.8,66.0,29.0,74.0,3.0,615.0,13.5,40.3,65.5,21.9,33.5,4.8,116.9,104.0,20.0,1.0,0.0,4.0,76.0,12.0,16.2,236.0
274_2_5,274,2,5,fluphenazine,Repeat,8 day,0,mg/kg,Control,fluphenazine_Control_8 day,745,92,77.0,173,0.3,0.03,201,18.0,0.5,139.0,4.8,105.0,10.4,9.8,5.7,4.0,2.4,61.0,30.0,74.0,1.0,674.0,14.3,43.1,63.9,21.3,33.3,4.7,121.4,112.0,17.0,1.0,0.0,4.0,78.0,11.3,15.6,227.0
274_3_1,274,3,1,fluphenazine,Repeat,15 day,0,mg/kg,Control,fluphenazine_Control_15 day,675,60,169.0,153,0.32,0.0,216,19.0,0.5,134.0,4.6,102.0,10.6,7.4,6.2,4.2,2.1,59.0,30.0,88.0,1.0,735.0,14.3,43.3,58.9,19.4,33.0,2.7,105.1,144.0,14.0,1.0,0.0,4.0,82.0,11.8,16.4,221.0
274_3_2,274,3,2,fluphenazine,Repeat,15 day,0,mg/kg,Control,fluphenazine_Control_15 day,668,87,151.0,165,0.3,0.0,165,20.0,0.5,137.0,4.5,103.0,11.2,9.3,6.3,4.4,2.3,56.0,32.0,112.0,2.0,667.0,14.2,42.6,63.8,21.3,33.4,4.5,99.3,136.0,7.0,0.0,0.0,8.0,84.0,11.6,17.5,246.0
274_3_3,274,3,3,fluphenazine,Repeat,15 day,0,mg/kg,Control,fluphenazine_Control_15 day,789,82,180.0,171,0.26,0.0,170,21.0,0.6,136.0,5.2,102.0,11.4,9.2,6.1,4.2,2.2,54.0,30.0,109.0,1.0,649.0,13.5,40.3,62.2,20.9,33.6,4.8,109.4,173.0,15.0,1.0,0.0,7.0,77.0,11.5,16.7,219.0
274_3_4,274,3,4,fluphenazine,Repeat,15 day,0,mg/kg,Control,fluphenazine_Control_15 day,911,77,191.0,165,0.29,0.0,179,19.0,0.6,136.0,4.2,104.0,11.0,8.3,6.2,4.3,2.3,61.0,28.0,105.0,2.0,768.0,14.6,44.1,57.4,19.0,33.1,3.2,116.4,145.0,8.0,0.0,0.0,3.0,88.0,11.9,17.2,255.0
274_3_5,274,3,5,fluphenazine,Repeat,15 day,0,mg/kg,Control,fluphenazine_Control_15 day,629,79,218.0,176,0.27,0.0,203,20.0,0.5,136.0,4.2,102.0,10.8,8.5,6.3,4.1,1.9,49.0,33.0,73.0,1.0,677.0,14.3,42.7,63.0,21.1,33.5,3.2,105.6,129.0,11.0,1.0,0.0,5.0,83.0,11.5,18.1,237.0
274_4_1,274,4,1,fluphenazine,Repeat,29 day,0,mg/kg,Control,fluphenazine_Control_29 day,706,61,239.0,151,0.4,0.0,233,21.0,0.7,140.0,4.7,105.0,10.5,6.3,6.4,3.9,1.6,59.0,41.0,81.0,1.0,804.0,15.7,47.4,58.9,19.5,33.1,2.8,94.9,133.0,15.0,1.0,0.0,2.0,82.0,11.8,19.3,225.0
274_4_2,274,4,2,fluphenazine,Repeat,29 day,0,mg/kg,Control,fluphenazine_Control_29 day,495,101,303.0,233,0.24,0.0,195,25.0,0.7,140.0,4.4,105.0,10.7,7.1,6.6,4.0,1.5,59.0,35.0,94.0,1.0,755.0,14.5,43.4,57.4,19.2,33.3,3.3,72.4,220.0,11.0,1.0,0.0,3.0,86.0,11.9,14.2,224.0
274_4_3,274,4,3,fluphenazine,Repeat,29 day,0,mg/kg,Control,fluphenazine_Control_29 day,527,65,290.0,160,0.25,0.0,205,19.0,0.5,141.0,4.4,104.0,11.4,7.6,6.4,4.0,1.7,51.0,25.0,87.0,1.0,792.0,15.6,47.0,59.3,19.7,33.2,2.3,91.7,116.0,7.0,1.0,0.0,8.0,84.0,11.7,18.0,233.0
274_4_4,274,4,4,fluphenazine,Repeat,29 day,0,mg/kg,Control,fluphenazine_Control_29 day,732,79,88.0,157,0.3,0.0,177,20.0,0.7,144.0,4.4,105.0,10.6,6.9,6.4,4.3,2.1,63.0,30.0,68.0,1.0,794.0,15.6,47.0,59.2,19.6,33.2,2.2,100.9,120.0,10.0,1.0,0.0,7.0,83.0,11.5,17.5,240.0
274_4_5,274,4,5,fluphenazine,Repeat,29 day,0,mg/kg,Control,fluphenazine_Control_29 day,789,67,160.0,157,0.29,0.05,177,18.0,0.6,139.0,4.8,105.0,10.6,7.1,6.1,4.2,2.2,53.0,30.0,70.0,1.0,725.0,14.7,43.0,59.3,20.3,34.3,2.8,102.7,215.0,6.0,1.0,0.0,4.0,89.0,12.1,17.2,233.0
278_1_1,278,1,1,methimazole,Repeat,4 day,0,mg/kg,Control,methimazole_Control_4 day,1709,93,70.0,154,0.02,0.0,203,18.0,0.1,142.0,3.9,105.0,10.8,7.2,5.9,3.1,1.1,71.0,34.0,312.0,2.0,596.0,13.9,38.8,65.1,23.3,35.8,6.9,138.6,63.3,14.0,1.0,0.0,2.0,82.0,15.8,21.7,310.0
278_1_2,278,1,2,methimazole,Repeat,4 day,0,mg/kg,Control,methimazole_Control_4 day,1646,86,85.0,152,0.01,0.0,180,17.0,0.1,141.0,4.2,105.0,10.9,7.4,5.6,3.2,1.3,62.0,36.0,149.0,1.0,611.0,14.0,38.4,62.9,23.0,36.5,7.0,128.3,185.3,9.0,1.0,0.0,1.0,88.0,16.3,22.3,297.0
278_1_3,278,1,3,methimazole,Repeat,4 day,0,mg/kg,Control,methimazole_Control_4 day,1673,92,128.0,170,0.02,0.0,195,18.0,0.2,143.0,4.4,106.0,11.0,7.0,5.6,3.2,1.4,70.0,46.0,162.0,1.0,603.0,13.5,38.1,63.3,22.3,35.3,6.6,119.0,97.3,10.0,1.0,0.0,1.0,87.0,15.9,20.7,310.0
278_1_4,278,1,4,methimazole,Repeat,4 day,0,mg/kg,Control,methimazole_Control_4 day,2209,83,62.0,155,0.01,0.01,181,14.0,0.1,142.0,4.2,107.0,10.9,6.1,5.7,3.3,1.4,71.0,51.0,163.0,1.0,618.0,14.2,38.8,62.8,23.0,36.7,6.8,110.7,74.5,17.0,1.0,0.0,2.0,79.0,16.8,21.2,304.0
278_1_5,278,1,5,methimazole,Repeat,4 day,0,mg/kg,Control,methimazole_Control_4 day,1443,93,124.0,174,0.01,0.0,195,18.0,0.2,141.0,3.9,106.0,10.6,6.4,5.7,3.0,1.1,66.0,40.0,153.0,1.0,617.0,13.4,36.8,59.7,21.7,36.3,6.4,135.0,117.1,9.0,1.0,0.0,2.0,88.0,16.1,20.2,333.0
278_2_1,278,2,1,methimazole,Repeat,8 day,0,mg/kg,Control,methimazole_Control_8 day,2045,96,111.0,173,0.0,0.0,206,16.0,0.2,143.0,3.7,107.0,10.5,8.1,5.5,2.9,1.1,80.0,34.0,240.0,1.0,654.0,14.7,40.0,61.2,22.5,36.7,5.7,106.4,72.3,13.0,0.0,0.0,3.0,83.0,15.5,20.6,324.0
278_2_2,278,2,2,methimazole,Repeat,8 day,0,mg/kg,Control,methimazole_Control_8 day,1737,72,97.0,143,0.0,0.0,194,16.0,0.2,142.0,4.3,107.0,10.5,7.1,5.3,3.0,1.3,64.0,38.0,300.0,1.0,611.0,13.3,36.9,60.4,21.8,36.1,6.4,139.7,133.0,10.0,1.0,0.0,2.0,86.0,15.9,21.6,283.0
278_2_3,278,2,3,methimazole,Repeat,8 day,0,mg/kg,Control,methimazole_Control_8 day,1786,88,130.0,171,0.0,0.0,182,19.0,0.2,143.0,4.1,107.0,10.4,7.8,5.4,2.8,1.1,70.0,37.0,188.0,1.0,659.0,14.5,39.5,60.0,22.0,36.6,4.7,118.0,115.4,21.0,1.0,0.0,3.0,75.0,16.0,21.1,342.0
278_2_4,278,2,4,methimazole,Repeat,8 day,0,mg/kg,Control,methimazole_Control_8 day,1718,89,120.0,173,0.01,0.0,201,14.0,0.2,142.0,4.1,106.0,10.6,8.1,5.6,3.0,1.2,76.0,43.0,231.0,1.0,638.0,14.4,39.5,61.9,22.7,36.6,5.9,103.0,112.7,20.0,1.0,0.0,3.0,75.0,16.0,20.5,327.0
278_2_5,278,2,5,methimazole,Repeat,8 day,0,mg/kg,Control,methimazole_Control_8 day,1665,79,172.0,157,0.0,0.0,194,21.0,0.2,141.0,4.4,108.0,10.8,6.5,5.6,3.1,1.2,89.0,43.0,495.0,1.0,628.0,14.0,38.4,61.1,22.3,36.6,6.1,112.4,128.0,14.0,1.0,0.0,2.0,82.0,15.9,20.5,331.0
278_3_1,278,3,1,methimazole,Repeat,15 day,0,mg/kg,Control,methimazole_Control_15 day,1320,93,147.0,180,0.02,0.0,189,17.0,0.2,142.0,4.0,104.0,10.8,8.7,5.9,2.8,0.9,78.0,50.0,315.0,1.0,647.0,13.3,38.1,58.8,20.6,35.0,5.5,125.9,108.6,9.0,0.0,0.0,2.0,88.0,15.4,20.8,329.0
278_3_2,278,3,2,methimazole,Repeat,15 day,0,mg/kg,Control,methimazole_Control_15 day,2365,56,190.0,143,0.01,0.0,178,18.0,0.2,142.0,4.5,107.0,10.6,6.4,5.9,3.2,1.2,65.0,32.0,153.0,2.0,643.0,13.7,39.5,61.5,21.4,34.8,4.8,105.1,100.2,19.0,1.0,0.0,1.0,78.0,16.6,23.2,342.0
278_3_3,278,3,3,methimazole,Repeat,15 day,0,mg/kg,Control,methimazole_Control_15 day,2210,84,120.0,164,0.01,0.0,192,17.0,0.2,144.0,3.9,107.0,10.6,6.8,5.9,3.1,1.1,61.0,39.0,144.0,2.0,697.0,13.7,39.0,55.9,19.6,35.1,5.0,145.8,123.6,17.0,0.0,0.0,2.0,80.0,16.3,21.6,336.0
278_3_4,278,3,4,methimazole,Repeat,15 day,0,mg/kg,Control,methimazole_Control_15 day,1503,78,94.0,146,0.02,0.0,174,18.0,0.2,141.0,4.6,106.0,10.3,6.4,5.6,2.7,1.0,75.0,52.0,163.0,1.0,711.0,14.2,40.3,56.7,20.0,35.3,4.4,98.2,119.8,22.0,1.0,0.0,2.0,74.0,17.0,23.2,312.0
278_3_5,278,3,5,methimazole,Repeat,15 day,0,mg/kg,Control,methimazole_Control_15 day,1521,66,200.0,160,0.01,0.0,177,21.0,0.2,142.0,4.3,106.0,10.7,6.6,5.9,3.2,1.2,76.0,41.0,218.0,2.0,665.0,13.8,40.2,60.4,20.8,34.4,4.6,111.8,108.6,12.0,1.0,0.0,2.0,83.0,16.2,22.1,340.0
278_4_1,278,4,1,methimazole,Repeat,29 day,0,mg/kg,Control,methimazole_Control_29 day,1085,64,194.0,147,0.0,0.0,205,17.0,0.2,143.0,4.1,105.0,10.3,5.9,5.7,3.0,1.1,69.0,40.0,243.0,1.0,794.0,15.2,42.5,53.6,19.1,35.6,2.8,98.3,132.5,15.0,1.0,0.0,2.0,80.0,16.9,19.7,294.0
278_4_2,278,4,2,methimazole,Repeat,29 day,0,mg/kg,Control,methimazole_Control_29 day,1068,81,143.0,179,0.0,0.0,214,20.0,0.2,144.0,4.3,104.0,10.7,7.5,6.1,3.3,1.2,64.0,50.0,155.0,1.0,768.0,15.3,43.3,56.3,19.9,35.3,2.7,78.4,130.2,11.0,1.0,0.0,3.0,85.0,15.8,23.0,315.0
278_4_3,278,4,3,methimazole,Repeat,29 day,0,mg/kg,Control,methimazole_Control_29 day,1282,59,217.0,141,0.0,0.0,193,19.0,0.2,141.0,4.7,106.0,10.3,5.6,5.8,3.2,1.2,68.0,35.0,144.0,1.0,828.0,15.2,42.9,51.8,18.3,35.3,2.3,98.4,121.8,11.0,1.0,0.0,2.0,85.0,16.9,22.8,333.0
278_4_4,278,4,4,methimazole,Repeat,29 day,0,mg/kg,Control,methimazole_Control_29 day,861,61,180.0,142,0.0,0.0,182,19.0,0.2,142.0,4.6,106.0,10.6,6.5,6.1,3.1,1.0,61.0,38.0,247.0,1.0,770.0,14.8,42.7,55.4,19.2,34.6,2.1,113.2,103.0,16.0,1.0,0.0,2.0,79.0,16.3,25.2,293.0
278_4_5,278,4,5,methimazole,Repeat,29 day,0,mg/kg,Control,methimazole_Control_29 day,1258,64,106.0,137,0.01,0.01,200,17.0,0.2,142.0,4.3,106.0,10.8,6.2,6.2,3.4,1.2,67.0,39.0,170.0,1.0,767.0,15.4,43.3,56.4,20.1,35.6,2.9,98.5,79.3,13.0,1.0,0.0,2.0,83.0,15.9,22.2,348.0
280_1_1,280,1,1,monocrotaline,Repeat,4 day,0,mg/kg,Control,monocrotaline_Control_4 day,1633,85,114.0,174,0.02,0.01,176,19.0,0.2,142.0,4.7,107.0,10.5,6.6,5.6,3.2,1.3,65.0,36.0,249.0,1.0,615.0,13.4,38.8,63.0,21.7,34.5,6.0,113.7,107.0,10.0,1.0,0.0,2.0,87.0,16.1,21.7,314.0
280_1_2,280,1,2,monocrotaline,Repeat,4 day,0,mg/kg,Control,monocrotaline_Control_4 day,2015,97,97.0,170,0.0,0.0,207,17.0,0.1,141.0,4.7,104.0,10.5,7.1,5.5,3.1,1.3,71.0,47.0,170.0,2.0,635.0,13.6,40.1,63.1,21.3,33.8,6.8,136.5,72.3,14.0,1.0,0.0,2.0,81.0,15.6,21.2,315.0
280_1_3,280,1,3,monocrotaline,Repeat,4 day,0,mg/kg,Control,monocrotaline_Control_4 day,1587,78,202.0,164,0.02,0.01,193,17.0,0.2,142.0,5.1,106.0,10.4,7.0,5.6,3.2,1.3,63.0,32.0,187.0,1.0,636.0,13.7,39.9,62.8,21.6,34.4,6.4,112.3,116.7,10.0,1.0,0.0,1.0,87.0,15.7,21.8,333.0
280_1_4,280,1,4,monocrotaline,Repeat,4 day,0,mg/kg,Control,monocrotaline_Control_4 day,1484,85,56.0,152,0.0,0.0,185,17.0,0.1,143.0,4.5,107.0,10.9,6.5,5.4,2.8,1.1,68.0,35.0,216.0,1.0,599.0,13.1,37.9,63.3,21.9,34.6,8.1,118.7,84.9,11.0,0.0,0.0,2.0,85.0,15.9,20.8,303.0
280_1_5,280,1,5,monocrotaline,Repeat,4 day,0,mg/kg,Control,monocrotaline_Control_4 day,2139,74,126.0,160,0.0,0.0,196,21.0,0.2,143.0,4.0,104.0,10.6,7.1,5.7,3.1,1.2,83.0,51.0,290.0,1.0,671.0,13.9,40.8,60.7,20.8,34.2,7.3,117.0,75.0,17.0,0.0,0.0,3.0,79.0,15.6,20.6,294.0
280_2_1,280,2,1,monocrotaline,Repeat,8 day,0,mg/kg,Control,monocrotaline_Control_8 day,1798,86,109.0,168,0.0,0.0,202,16.0,0.2,142.0,4.0,106.0,10.9,8.3,5.7,3.0,1.1,61.0,36.0,183.0,1.0,658.0,13.6,39.1,59.4,20.6,34.8,5.7,97.6,84.3,11.0,1.0,0.0,3.0,85.0,16.4,20.2,327.0
280_2_2,280,2,2,monocrotaline,Repeat,8 day,0,mg/kg,Control,monocrotaline_Control_8 day,1683,83,104.0,160,0.01,0.0,178,18.0,0.2,142.0,4.3,105.0,10.1,5.9,5.3,2.9,1.2,76.0,45.0,210.0,1.0,635.0,13.2,37.9,59.7,20.8,34.8,5.1,110.3,116.6,19.0,1.0,0.0,3.0,76.0,17.2,22.1,301.0
280_2_3,280,2,3,monocrotaline,Repeat,8 day,0,mg/kg,Control,monocrotaline_Control_8 day,1093,83,130.0,160,0.0,0.0,192,20.0,0.2,141.0,4.8,103.0,10.9,7.1,5.8,3.1,1.2,58.0,37.0,153.0,1.0,583.0,12.6,36.1,61.9,21.5,34.8,5.7,113.9,78.6,13.0,1.0,0.0,3.0,82.0,16.4,20.6,300.0
280_2_4,280,2,4,monocrotaline,Repeat,8 day,0,mg/kg,Control,monocrotaline_Control_8 day,1141,67,124.0,144,0.0,0.0,187,18.0,0.2,143.0,4.2,106.0,10.7,7.0,5.8,3.2,1.2,65.0,34.0,183.0,1.0,651.0,13.8,39.6,60.9,21.2,34.9,7.3,133.6,132.9,19.0,1.0,0.0,3.0,76.0,16.4,21.7,320.0
280_2_5,280,2,5,monocrotaline,Repeat,8 day,0,mg/kg,Control,monocrotaline_Control_8 day,1633,79,88.0,149,0.0,0.0,176,18.0,0.2,144.0,4.3,107.0,10.8,6.8,5.6,3.2,1.4,65.0,37.0,182.0,1.0,664.0,13.4,39.1,58.9,20.1,34.2,6.5,103.1,131.8,14.0,0.0,0.0,1.0,84.0,16.6,20.4,301.0
280_3_1,280,3,1,monocrotaline,Repeat,15 day,0,mg/kg,Control,monocrotaline_Control_15 day,1868,69,147.0,140,0.0,0.0,215,23.0,0.2,142.0,4.2,105.0,10.5,6.8,5.9,3.0,1.1,68.0,34.0,252.0,1.0,683.0,13.5,38.4,56.3,19.7,35.0,5.1,95.5,151.5,16.0,1.0,0.0,4.0,78.0,16.4,19.4,295.0
280_3_2,280,3,2,monocrotaline,Repeat,15 day,0,mg/kg,Control,monocrotaline_Control_15 day,1562,66,141.0,152,0.0,0.0,201,19.0,0.2,142.0,4.1,105.0,10.7,6.4,5.5,3.1,1.3,67.0,32.0,155.0,2.0,662.0,14.0,40.0,60.4,21.1,34.9,5.3,110.5,87.2,13.0,1.0,0.0,3.0,82.0,16.8,19.4,325.0
280_3_3,280,3,3,monocrotaline,Repeat,15 day,0,mg/kg,Control,monocrotaline_Control_15 day,1274,67,135.0,144,0.0,0.01,193,19.0,0.2,142.0,4.7,106.0,10.6,6.1,6.1,3.2,1.1,71.0,39.0,222.0,1.0,674.0,14.1,39.0,57.9,21.0,36.3,3.6,111.9,110.5,13.0,1.0,0.0,2.0,83.0,17.0,22.3,297.0
280_3_4,280,3,4,monocrotaline,Repeat,15 day,0,mg/kg,Control,monocrotaline_Control_15 day,1644,57,125.0,121,0.0,0.0,184,18.0,0.2,143.0,4.2,106.0,11.0,6.9,5.8,3.2,1.2,71.0,39.0,289.0,1.0,742.0,15.2,42.3,57.0,20.5,35.9,3.3,102.2,90.8,12.0,1.0,0.0,2.0,84.0,16.7,19.6,338.0
280_3_5,280,3,5,monocrotaline,Repeat,15 day,0,mg/kg,Control,monocrotaline_Control_15 day,1480,74,192.0,163,0.0,0.0,177,18.0,0.2,143.0,4.5,106.0,11.0,7.0,6.3,3.4,1.2,66.0,36.0,167.0,3.0,647.0,13.7,38.2,59.1,21.1,35.7,5.3,103.4,179.9,30.0,1.0,0.0,3.0,65.0,16.4,21.7,361.0
280_4_1,280,4,1,monocrotaline,Repeat,29 day,0,mg/kg,Control,monocrotaline_Control_29 day,965,89,347.0,196,0.0,0.0,196,18.0,0.2,142.0,4.4,106.0,10.9,6.4,6.0,3.3,1.2,54.0,40.0,106.0,1.0,727.0,14.2,39.8,54.8,19.6,35.8,2.7,109.6,92.9,15.0,1.0,0.0,3.0,80.0,15.9,20.4,363.0
280_4_2,280,4,2,monocrotaline,Repeat,29 day,0,mg/kg,Control,monocrotaline_Control_29 day,1067,63,193.0,150,0.0,0.0,185,20.0,0.3,141.0,4.2,105.0,10.5,6.7,6.0,3.1,1.1,92.0,65.0,254.0,1.0,745.0,14.5,39.8,53.4,19.4,36.4,2.6,104.1,121.9,11.0,1.0,0.0,1.0,86.0,16.1,22.0,278.0
280_4_3,280,4,3,monocrotaline,Repeat,29 day,0,mg/kg,Control,monocrotaline_Control_29 day,1222,75,61.0,141,0.02,0.0,189,21.0,0.2,142.0,3.9,108.0,10.4,5.7,5.9,3.1,1.1,137.0,87.0,267.0,1.0,749.0,15.2,41.4,55.3,20.2,36.6,2.0,111.5,78.1,17.0,2.0,0.0,2.0,78.0,16.5,22.7,298.0
280_4_4,280,4,4,monocrotaline,Repeat,29 day,0,mg/kg,Control,monocrotaline_Control_29 day,979,69,57.0,121,0.03,0.0,194,17.0,0.2,142.0,4.4,108.0,10.6,7.0,5.9,3.3,1.2,56.0,34.0,133.0,1.0,763.0,15.0,42.3,55.4,19.7,35.5,2.8,86.3,115.6,12.0,1.0,0.0,2.0,84.0,15.9,23.8,320.0
280_4_5,280,4,5,monocrotaline,Repeat,29 day,0,mg/kg,Control,monocrotaline_Control_29 day,1233,74,144.0,155,0.0,0.0,187,18.0,0.2,142.0,3.7,107.0,10.5,5.8,6.1,3.1,1.0,59.0,39.0,122.0,1.0,738.0,14.4,39.9,54.1,19.5,36.1,3.0,98.7,144.0,13.0,1.0,0.0,2.0,83.0,15.8,23.0,312.0
282_1_1,282,1,1,vitamin A,Repeat,4 day,0,mg/kg,Control,vitamin A_Control_4 day,1776,86,117.0,170,0.01,0.0,212,21.0,0.1,140.0,4.7,107.0,11.0,6.2,5.7,3.2,1.3,83.0,50.0,241.0,1.0,596.0,13.4,38.9,65.3,22.5,34.4,7.1,110.7,83.8,17.0,1.0,0.0,3.0,77.0,15.4,19.6,344.0
282_1_2,282,1,2,vitamin A,Repeat,4 day,0,mg/kg,Control,vitamin A_Control_4 day,1748,74,120.0,150,0.01,0.0,193,17.0,0.1,142.0,4.6,107.0,10.6,7.8,5.4,2.9,1.2,78.0,62.0,207.0,1.0,677.0,14.1,40.8,60.2,20.9,34.7,5.4,113.2,123.6,10.0,1.0,0.0,2.0,87.0,16.0,21.6,286.0
282_1_3,282,1,3,vitamin A,Repeat,4 day,0,mg/kg,Control,vitamin A_Control_4 day,994,74,117.0,143,0.02,0.0,197,20.0,0.2,141.0,4.7,108.0,10.8,6.5,5.5,3.2,1.3,69.0,36.0,314.0,1.0,661.0,13.8,40.3,61.0,20.9,34.2,7.1,119.9,122.2,14.0,1.0,0.0,3.0,82.0,17.3,21.0,301.0
282_1_4,282,1,4,vitamin A,Repeat,4 day,0,mg/kg,Control,vitamin A_Control_4 day,1896,70,54.0,123,0.01,0.0,200,18.0,0.1,142.0,4.3,107.0,11.0,7.5,5.5,2.8,1.0,81.0,51.0,265.0,1.0,626.0,13.1,38.2,61.0,21.0,34.4,5.9,131.1,114.1,12.0,1.0,0.0,3.0,84.0,17.3,21.7,279.0
282_1_5,282,1,5,vitamin A,Repeat,4 day,0,mg/kg,Control,vitamin A_Control_4 day,1800,77,66.0,141,0.01,0.0,197,17.0,0.2,141.0,4.5,105.0,11.0,6.0,5.5,3.1,1.3,70.0,48.0,232.0,1.0,625.0,13.5,39.1,62.5,21.6,34.5,7.5,109.1,99.9,17.0,0.0,0.0,3.0,79.0,17.1,22.2,303.0
282_2_1,282,2,1,vitamin A,Repeat,8 day,0,mg/kg,Control,vitamin A_Control_8 day,2224,75,139.0,145,0.0,0.0,204,16.0,0.2,142.0,3.9,106.0,10.2,5.5,5.4,3.1,1.3,68.0,34.0,226.0,1.0,655.0,13.4,39.2,59.8,20.4,34.1,4.3,134.5,63.7,14.0,0.0,0.0,2.0,82.0,16.3,20.4,301.0
282_2_2,282,2,2,vitamin A,Repeat,8 day,0,mg/kg,Control,vitamin A_Control_8 day,1581,73,127.0,158,0.01,0.0,187,19.0,0.2,142.0,4.3,108.0,10.7,6.6,5.6,3.3,1.5,64.0,36.0,188.0,1.0,640.0,13.6,38.8,60.6,21.2,35.0,4.5,103.5,98.2,13.0,1.0,0.0,2.0,84.0,16.3,21.1,317.0
282_2_3,282,2,3,vitamin A,Repeat,8 day,0,mg/kg,Control,vitamin A_Control_8 day,2126,75,88.0,137,0.0,0.0,184,16.0,0.2,143.0,4.5,107.0,10.7,5.5,5.6,3.1,1.3,61.0,36.0,153.0,2.0,638.0,14.0,39.7,62.1,22.0,35.3,5.5,110.4,178.7,12.0,1.0,0.0,2.0,84.0,16.1,21.6,309.0
282_2_4,282,2,4,vitamin A,Repeat,8 day,0,mg/kg,Control,vitamin A_Control_8 day,1746,58,100.0,127,0.0,0.0,178,18.0,0.2,141.0,4.9,106.0,11.0,6.8,5.6,3.1,1.3,71.0,40.0,229.0,1.0,643.0,13.3,37.6,58.5,20.7,35.4,5.8,117.4,112.7,22.0,1.0,0.0,2.0,74.0,16.9,21.8,288.0
282_2_5,282,2,5,vitamin A,Repeat,8 day,0,mg/kg,Control,vitamin A_Control_8 day,1923,89,94.0,159,0.0,0.0,192,18.0,0.2,142.0,4.3,105.0,10.9,6.7,5.7,3.3,1.3,74.0,52.0,302.0,1.0,676.0,13.8,38.8,57.4,20.4,35.5,5.5,120.4,117.4,21.0,1.0,0.0,3.0,74.0,15.9,17.5,309.0
282_3_1,282,3,1,vitamin A,Repeat,15 day,0,mg/kg,Control,vitamin A_Control_15 day,1184,84,35.0,151,0.01,0.0,214,16.0,0.2,142.0,4.1,107.0,10.3,5.9,5.9,3.3,1.3,64.0,35.0,275.0,1.0,624.0,13.2,38.0,60.9,21.1,34.7,8.5,117.7,147.9,11.0,0.0,0.0,2.0,86.0,15.9,20.7,300.0
282_3_2,282,3,2,vitamin A,Repeat,15 day,0,mg/kg,Control,vitamin A_Control_15 day,1166,70,163.0,160,0.0,0.0,193,18.0,0.2,141.0,4.1,105.0,10.7,5.9,5.8,3.1,1.2,64.0,32.0,165.0,1.0,680.0,14.0,39.3,57.8,20.6,35.6,3.9,138.9,107.4,14.0,0.0,0.0,2.0,82.0,16.3,21.9,295.0
282_3_3,282,3,3,vitamin A,Repeat,15 day,0,mg/kg,Control,vitamin A_Control_15 day,1253,71,75.0,147,0.01,0.0,197,19.0,0.2,142.0,4.3,107.0,10.9,6.0,5.8,3.3,1.3,64.0,37.0,172.0,1.0,675.0,14.1,39.3,58.2,20.8,35.8,3.6,117.9,107.4,15.0,0.0,0.0,1.0,82.0,16.5,19.6,312.0
282_3_4,282,3,4,vitamin A,Repeat,15 day,0,mg/kg,Control,vitamin A_Control_15 day,2228,67,81.0,133,0.0,0.0,208,14.0,0.2,143.0,4.0,106.0,10.8,6.4,5.9,3.2,1.2,72.0,41.0,273.0,1.0,616.0,13.4,38.0,61.6,21.7,35.2,5.5,109.2,117.6,35.0,1.0,0.0,3.0,60.0,16.0,20.0,338.0
282_3_5,282,3,5,vitamin A,Repeat,15 day,0,mg/kg,Control,vitamin A_Control_15 day,1084,82,161.0,169,0.0,0.0,197,20.0,0.2,142.0,4.3,105.0,11.1,6.3,6.0,3.3,1.3,59.0,28.0,249.0,2.0,675.0,13.8,38.8,57.5,20.5,35.7,4.6,128.2,128.5,16.0,1.0,0.0,2.0,80.0,15.9,24.9,315.0
282_4_1,282,4,1,vitamin A,Repeat,29 day,0,mg/kg,Control,vitamin A_Control_29 day,960,76,175.0,156,0.03,0.0,193,15.0,0.2,142.0,3.5,107.0,10.3,6.7,6.1,3.1,1.1,64.0,47.0,158.0,1.0,720.0,14.6,41.6,57.8,20.3,35.1,3.2,109.6,86.6,18.0,1.0,0.0,1.0,79.0,15.8,23.0,354.0
282_4_2,282,4,2,vitamin A,Repeat,29 day,0,mg/kg,Control,vitamin A_Control_29 day,957,103,93.0,168,0.04,0.0,191,20.0,0.2,141.0,3.8,105.0,11.0,6.4,6.4,3.4,1.1,71.0,42.0,209.0,1.0,794.0,15.6,44.2,55.7,19.7,35.3,3.0,134.1,166.6,17.0,1.0,0.0,3.0,78.0,16.1,24.8,378.0
282_4_3,282,4,3,vitamin A,Repeat,29 day,0,mg/kg,Control,vitamin A_Control_29 day,1397,88,81.0,163,0.03,0.0,190,18.0,0.2,142.0,4.2,105.0,10.8,5.7,6.3,3.5,1.2,59.0,44.0,147.0,2.0,779.0,14.7,41.6,53.4,18.8,35.3,2.5,106.6,105.0,9.0,1.0,0.0,2.0,88.0,15.4,25.4,340.0
282_4_4,282,4,4,vitamin A,Repeat,29 day,0,mg/kg,Control,vitamin A_Control_29 day,1030,68,85.0,133,0.02,0.0,203,16.0,0.3,140.0,4.1,106.0,10.5,6.1,6.2,3.1,1.0,85.0,48.0,108.0,1.0,794.0,15.4,42.6,53.7,19.4,36.1,1.9,113.1,93.3,8.0,1.0,0.0,1.0,88.0,15.3,24.6,371.0
282_4_5,282,4,5,vitamin A,Repeat,29 day,0,mg/kg,Control,vitamin A_Control_29 day,970,55,70.0,115,0.01,0.0,193,15.0,0.2,141.0,4.3,107.0,10.6,6.5,5.5,3.2,1.4,48.0,36.0,106.0,1.0,804.0,15.4,42.8,53.3,19.1,35.9,2.3,105.7,111.1,11.0,1.0,0.0,1.0,86.0,16.3,23.4,331.0
290_1_1,290,1,1,griseofulvin,Repeat,4 day,0,mg/kg,Control,griseofulvin_Control_4 day,793,73,76.0,132,0.15,0.1,223,17.0,0.4,141.0,3.8,104.0,10.1,8.3,5.1,3.1,1.6,69.0,43.0,198.0,1.0,596.0,12.5,37.7,63.2,21.0,33.2,7.0,130.1,92.4,14.0,1.0,0.0,3.0,82.0,12.9,18.8,205.0
290_1_2,290,1,2,griseofulvin,Repeat,4 day,0,mg/kg,Control,griseofulvin_Control_4 day,878,66,112.0,128,0.2,0.14,226,16.0,0.4,140.0,4.1,104.0,10.5,7.6,5.3,3.2,1.5,61.0,31.0,149.0,1.0,571.0,12.8,37.6,65.8,22.4,34.0,6.7,127.9,78.3,14.0,1.0,0.0,2.0,83.0,13.4,19.7,207.0
290_1_3,290,1,3,griseofulvin,Repeat,4 day,0,mg/kg,Control,griseofulvin_Control_4 day,861,80,105.0,152,0.17,0.11,196,12.0,0.4,141.0,4.2,104.0,10.9,6.6,5.3,3.5,1.9,64.0,28.0,138.0,2.0,604.0,12.8,38.1,63.1,21.2,33.5,6.4,120.5,93.3,16.0,1.0,0.0,3.0,81.0,13.2,23.9,217.0
290_1_4,290,1,4,griseofulvin,Repeat,4 day,0,mg/kg,Control,griseofulvin_Control_4 day,1091,61,35.0,111,0.12,0.06,216,13.0,0.4,142.0,3.8,105.0,10.4,7.7,5.3,3.0,1.3,67.0,36.0,139.0,1.0,641.0,13.0,39.2,61.1,20.3,33.2,5.9,133.4,81.0,13.0,1.0,0.0,2.0,84.0,13.2,18.7,207.0
290_1_5,290,1,5,griseofulvin,Repeat,4 day,0,mg/kg,Control,griseofulvin_Control_4 day,966,65,67.0,130,0.14,0.09,193,15.0,0.4,141.0,4.2,105.0,11.1,8.2,5.5,3.6,1.9,70.0,37.0,146.0,1.0,579.0,12.7,37.2,64.3,21.9,34.0,7.7,157.1,114.8,18.0,1.0,0.0,2.0,79.0,12.6,20.3,212.0
290_2_1,290,2,1,griseofulvin,Repeat,8 day,0,mg/kg,Control,griseofulvin_Control_8 day,890,89,159.0,167,0.2,0.14,238,18.0,0.4,140.0,4.4,100.0,10.9,7.5,5.7,3.6,1.7,59.0,36.0,181.0,1.0,625.0,13.6,41.7,66.7,21.8,32.7,5.3,114.1,121.6,13.0,1.0,0.0,3.0,82.0,12.1,19.1,219.0
290_2_2,290,2,2,griseofulvin,Repeat,8 day,0,mg/kg,Control,griseofulvin_Control_8 day,996,59,119.0,136,0.14,0.08,210,12.0,0.4,142.0,3.9,103.0,10.8,7.3,6.0,3.5,1.4,63.0,29.0,205.0,1.0,652.0,14.0,41.5,63.7,21.5,33.8,5.0,123.2,140.2,18.0,1.0,0.0,2.0,79.0,12.3,18.9,214.0
290_2_3,290,2,3,griseofulvin,Repeat,8 day,0,mg/kg,Control,griseofulvin_Control_8 day,1130,76,124.0,143,0.17,0.12,202,15.0,0.4,144.0,3.7,105.0,10.8,6.8,5.7,3.6,1.7,67.0,37.0,138.0,2.0,633.0,13.9,41.9,66.1,22.0,33.3,5.6,133.1,95.4,21.0,1.0,0.0,3.0,75.0,12.4,20.3,228.0
290_2_4,290,2,4,griseofulvin,Repeat,8 day,0,mg/kg,Control,griseofulvin_Control_8 day,760,77,92.0,152,0.14,0.09,193,13.0,0.4,143.0,3.7,104.0,10.9,7.4,6.0,3.4,1.3,154.0,68.0,151.0,2.0,675.0,14.7,43.7,64.7,21.8,33.7,4.2,108.3,81.0,24.0,1.0,0.0,4.0,69.0,12.5,19.4,291.0
290_2_5,290,2,5,griseofulvin,Repeat,8 day,0,mg/kg,Control,griseofulvin_Control_8 day,945,78,67.0,135,0.15,0.09,191,15.0,0.3,142.0,3.9,105.0,10.8,7.9,5.5,3.5,1.8,62.0,36.0,102.0,0.0,652.0,14.1,41.0,62.9,21.6,34.3,5.8,134.5,151.0,11.0,0.0,0.0,3.0,85.0,12.0,16.2,228.0
290_3_1,290,3,1,griseofulvin,Repeat,15 day,0,mg/kg,Control,griseofulvin_Control_15 day,893,87,130.0,168,0.16,0.1,258,14.0,0.6,140.0,4.1,103.0,10.3,7.8,5.8,3.3,1.3,61.0,32.0,148.0,1.0,689.0,14.0,42.7,62.0,20.3,32.7,2.2,120.9,110.0,14.0,1.0,0.0,3.0,82.0,12.6,21.8,222.0
290_3_2,290,3,2,griseofulvin,Repeat,15 day,0,mg/kg,Control,griseofulvin_Control_15 day,1157,65,63.0,119,0.18,0.11,243,16.0,0.5,140.0,4.2,102.0,10.8,7.8,5.6,3.6,1.8,56.0,30.0,184.0,0.0,609.0,13.1,39.9,65.5,21.5,32.9,2.8,122.2,169.3,12.0,1.0,0.0,4.0,83.0,12.7,18.7,231.0
290_3_3,290,3,3,griseofulvin,Repeat,15 day,0,mg/kg,Control,griseofulvin_Control_15 day,613,59,147.0,133,0.15,0.1,215,16.0,0.5,140.0,4.7,103.0,10.6,7.1,5.8,3.3,1.3,53.0,39.0,79.0,1.0,676.0,14.4,42.3,62.6,21.2,33.9,3.2,114.1,125.3,17.0,1.0,0.0,3.0,78.0,12.5,18.5,228.0
290_3_4,290,3,4,griseofulvin,Repeat,15 day,0,mg/kg,Control,griseofulvin_Control_15 day,706,80,128.0,163,0.18,0.12,220,17.0,0.5,140.0,3.9,102.0,10.6,6.8,6.1,3.8,1.7,51.0,32.0,151.0,1.0,701.0,14.6,42.8,61.0,20.8,34.1,3.2,111.3,96.6,13.0,1.0,0.0,1.0,84.0,12.4,19.3,225.0
290_3_5,290,3,5,griseofulvin,Repeat,15 day,0,mg/kg,Control,griseofulvin_Control_15 day,732,77,68.0,146,0.15,0.09,244,12.0,0.6,139.0,4.2,102.0,10.9,7.0,5.9,3.6,1.6,58.0,31.0,91.0,1.0,718.0,14.4,43.2,60.1,20.0,33.4,3.5,116.3,83.0,16.0,1.0,0.0,4.0,79.0,12.0,20.4,225.0
290_4_1,290,4,1,griseofulvin,Repeat,29 day,0,mg/kg,Control,griseofulvin_Control_29 day,907,78,90.0,146,0.16,0.08,283,16.0,0.5,140.0,3.3,102.0,10.7,7.0,6.2,3.6,1.4,55.0,36.0,153.0,2.0,778.0,15.3,45.3,58.2,19.6,33.7,2.8,113.1,197.4,16.0,1.0,0.0,3.0,80.0,12.2,21.8,228.0
290_4_2,290,4,2,griseofulvin,Repeat,29 day,0,mg/kg,Control,griseofulvin_Control_29 day,446,62,39.0,104,0.13,0.06,233,15.0,0.5,141.0,3.8,105.0,10.1,6.9,5.8,3.3,1.3,56.0,28.0,105.0,1.0,723.0,14.9,43.0,59.5,20.6,34.6,2.5,90.3,167.8,12.0,0.0,0.0,1.0,85.0,12.7,19.7,195.0
290_4_3,290,4,3,griseofulvin,Repeat,29 day,0,mg/kg,Control,griseofulvin_Control_29 day,681,77,47.0,136,0.17,0.09,232,15.0,0.5,142.0,3.6,103.0,10.3,7.3,5.9,3.6,1.6,59.0,43.0,154.0,1.0,795.0,14.7,44.0,55.4,18.5,33.5,2.5,122.0,103.4,15.0,1.0,0.0,2.0,81.0,12.2,21.3,219.0
290_4_4,290,4,4,griseofulvin,Repeat,29 day,0,mg/kg,Control,griseofulvin_Control_29 day,1675,74,125.0,155,0.16,0.09,228,14.0,0.5,142.0,3.7,101.0,10.8,7.6,6.1,3.5,1.3,60.0,41.0,213.0,1.0,783.0,15.3,45.4,58.0,19.5,33.7,3.3,118.5,83.8,15.0,1.0,0.0,2.0,82.0,12.0,20.6,241.0
290_4_5,290,4,5,griseofulvin,Repeat,29 day,0,mg/kg,Control,griseofulvin_Control_29 day,738,72,26.0,123,0.14,0.07,225,16.0,0.5,141.0,3.4,103.0,10.7,7.1,5.9,3.7,1.7,54.0,34.0,154.0,1.0,792.0,16.0,46.5,58.7,20.1,34.3,2.4,134.0,101.8,12.0,1.0,0.0,2.0,84.0,12.3,19.7,217.0
292_1_1,292,1,1,flutamide,Repeat,4 day,0,mg/kg,Control,flutamide_Control_4 day,864,69,80.0,128,0.15,0.09,218,15.0,0.5,140.0,3.8,103.0,10.3,6.8,5.5,3.2,1.4,72.0,42.0,198.0,1.0,648.0,13.8,41.1,63.4,21.2,33.5,4.8,131.3,89.2,15.0,1.0,0.0,2.0,81.0,12.6,19.6,219.0
292_1_2,292,1,2,flutamide,Repeat,4 day,0,mg/kg,Control,flutamide_Control_4 day,1318,81,66.0,136,0.16,0.1,175,13.0,0.4,140.0,4.5,105.0,10.6,6.0,5.4,3.4,1.7,75.0,37.0,190.0,1.0,633.0,14.1,42.2,66.7,22.3,33.4,5.7,134.1,46.1,15.0,1.0,0.0,4.0,79.0,12.0,19.2,212.0
292_1_3,292,1,3,flutamide,Repeat,4 day,0,mg/kg,Control,flutamide_Control_4 day,906,87,67.0,162,0.14,0.08,260,14.0,0.5,140.0,4.9,104.0,10.5,8.7,5.3,3.2,1.5,70.0,47.0,233.0,1.0,614.0,13.7,41.4,67.4,22.3,33.1,5.3,112.5,134.6,14.0,1.0,0.0,3.0,80.0,12.1,20.1,225.0
292_1_4,292,1,4,flutamide,Repeat,4 day,0,mg/kg,Control,flutamide_Control_4 day,1137,64,66.0,125,0.14,0.08,247,14.0,0.4,139.0,3.4,104.0,10.6,6.5,5.4,3.3,1.6,63.0,37.0,143.0,1.0,683.0,14.4,42.5,62.2,21.1,33.9,4.9,116.9,66.9,13.0,1.0,0.0,3.0,83.0,12.8,18.5,202.0
292_1_5,292,1,5,flutamide,Repeat,4 day,0,mg/kg,Control,flutamide_Control_4 day,855,80,80.0,144,0.15,0.1,201,12.0,0.4,140.0,4.0,103.0,10.7,7.7,5.7,3.4,1.5,84.0,45.0,258.0,0.0,662.0,13.6,41.9,63.3,20.6,32.5,6.4,117.0,76.8,23.0,1.0,0.0,3.0,72.0,12.5,17.4,238.0
292_2_1,292,2,1,flutamide,Repeat,8 day,0,mg/kg,Control,flutamide_Control_8 day,799,85,155.0,168,0.17,0.11,226,15.0,0.4,140.0,3.8,101.0,10.6,6.9,5.8,3.6,1.6,63.0,34.0,139.0,1.0,668.0,14.1,41.3,61.9,21.1,34.1,5.0,125.8,149.0,11.0,1.0,0.0,3.0,84.0,12.1,20.2,231.0
292_2_2,292,2,2,flutamide,Repeat,8 day,0,mg/kg,Control,flutamide_Control_8 day,691,59,57.0,110,0.14,0.08,201,15.0,0.4,143.0,3.6,105.0,10.4,7.5,5.8,3.6,1.6,65.0,40.0,191.0,2.0,662.0,13.6,40.2,60.7,20.6,33.9,4.7,128.4,169.7,17.0,1.0,0.0,2.0,80.0,11.7,19.3,222.0
292_2_3,292,2,3,flutamide,Repeat,8 day,0,mg/kg,Control,flutamide_Control_8 day,785,79,99.0,157,0.16,0.11,240,19.0,0.4,139.0,4.2,101.0,11.1,6.3,6.0,3.7,1.6,56.0,37.0,124.0,1.0,624.0,13.3,39.3,63.0,21.4,33.9,5.4,174.4,172.5,9.0,1.0,0.0,2.0,88.0,12.3,19.1,257.0
292_2_4,292,2,4,flutamide,Repeat,8 day,0,mg/kg,Control,flutamide_Control_8 day,812,81,43.0,146,0.14,0.07,205,14.0,0.4,141.0,3.3,105.0,10.8,6.6,5.8,3.6,1.6,60.0,34.0,228.0,1.0,696.0,14.3,42.3,60.7,20.5,33.7,4.2,120.4,143.7,16.0,1.0,0.0,2.0,80.0,12.2,19.7,231.0
292_2_5,292,2,5,flutamide,Repeat,8 day,0,mg/kg,Control,flutamide_Control_8 day,632,59,59.0,121,0.14,0.08,202,15.0,0.4,142.0,3.8,105.0,10.8,6.9,5.7,3.6,1.7,64.0,31.0,154.0,1.0,613.0,13.5,39.9,65.0,22.1,34.0,5.4,120.3,71.7,20.0,1.0,0.0,3.0,76.0,12.8,19.2,212.0
292_3_1,292,3,1,flutamide,Repeat,15 day,0,mg/kg,Control,flutamide_Control_15 day,941,54,81.0,110,0.15,0.1,208,16.0,0.5,141.0,4.1,103.0,10.4,6.7,5.5,3.4,1.6,68.0,30.0,130.0,1.0,711.0,14.2,42.7,60.1,20.0,33.3,4.7,150.8,107.2,14.0,1.0,0.0,2.0,82.0,12.6,20.5,228.0
292_3_2,292,3,2,flutamide,Repeat,15 day,0,mg/kg,Control,flutamide_Control_15 day,734,71,142.0,145,0.16,0.1,209,16.0,0.5,142.0,3.8,105.0,10.4,6.2,5.7,3.5,1.6,51.0,33.0,160.0,1.0,696.0,14.6,42.9,61.6,21.0,34.1,4.0,110.9,132.5,15.0,1.0,0.0,2.0,81.0,12.4,21.4,222.0
292_3_3,292,3,3,flutamide,Repeat,15 day,0,mg/kg,Control,flutamide_Control_15 day,676,68,75.0,121,0.14,0.09,173,14.0,0.4,142.0,3.9,104.0,10.7,6.6,5.8,3.4,1.4,59.0,37.0,202.0,1.0,694.0,14.7,43.0,61.9,21.2,34.3,3.9,122.8,99.1,13.0,1.0,0.0,2.0,84.0,12.2,21.0,222.0
292_3_4,292,3,4,flutamide,Repeat,15 day,0,mg/kg,Control,flutamide_Control_15 day,1195,72,128.0,157,0.18,0.11,200,14.0,0.4,139.0,3.7,100.0,10.5,7.4,5.8,3.6,1.6,64.0,36.0,103.0,1.0,719.0,14.2,42.0,58.4,19.8,33.9,4.5,126.2,90.5,17.0,1.0,0.0,3.0,79.0,12.0,21.2,238.0
292_3_5,292,3,5,flutamide,Repeat,15 day,0,mg/kg,Control,flutamide_Control_15 day,665,70,76.0,134,0.15,0.08,221,12.0,0.4,142.0,3.4,104.0,10.8,7.1,6.1,3.7,1.5,67.0,39.0,155.0,0.0,655.0,14.3,41.1,62.7,21.8,34.7,4.4,129.1,124.5,17.0,0.0,0.0,3.0,78.0,12.0,19.2,225.0
292_4_1,292,4,1,flutamide,Repeat,29 day,0,mg/kg,Control,flutamide_Control_29 day,521,72,36.0,136,0.13,0.06,264,17.0,0.5,140.0,3.7,103.0,10.3,7.1,6.0,3.4,1.3,47.0,40.0,146.0,1.0,754.0,15.8,45.4,60.2,20.9,34.7,2.8,101.0,139.0,10.0,1.0,0.0,3.0,86.0,12.1,22.1,231.0
292_4_2,292,4,2,flutamide,Repeat,29 day,0,mg/kg,Control,flutamide_Control_29 day,567,60,29.0,111,0.12,0.06,221,16.0,0.5,141.0,3.8,106.0,9.8,6.8,5.9,3.2,1.2,55.0,34.0,101.0,1.0,721.0,14.5,41.9,58.1,20.1,34.5,2.2,105.2,141.3,15.0,0.0,0.0,2.0,82.0,12.5,18.6,222.0
292_4_3,292,4,3,flutamide,Repeat,29 day,0,mg/kg,Control,flutamide_Control_29 day,764,83,101.0,148,0.14,0.09,209,20.0,0.5,142.0,3.6,105.0,10.5,6.6,6.2,3.6,1.4,48.0,26.0,177.0,1.0,773.0,14.9,42.4,54.8,19.2,35.1,2.0,114.1,94.0,10.0,1.0,0.0,3.0,86.0,11.9,18.9,245.0
292_4_4,292,4,4,flutamide,Repeat,29 day,0,mg/kg,Control,flutamide_Control_29 day,533,67,19.0,111,0.13,0.06,236,13.0,0.5,140.0,4.3,104.0,10.6,6.9,5.9,3.6,1.6,54.0,33.0,96.0,1.0,767.0,14.6,42.0,54.8,19.0,34.7,2.5,108.7,123.9,11.0,1.0,0.0,2.0,85.0,12.1,18.4,212.0
292_4_5,292,4,5,flutamide,Repeat,29 day,0,mg/kg,Control,flutamide_Control_29 day,505,70,119.0,145,0.15,0.09,201,13.0,0.4,141.0,3.6,105.0,10.5,7.4,6.1,3.7,1.5,46.0,27.0,88.0,0.0,813.0,16.4,45.7,56.2,20.2,35.9,2.0,110.6,112.0,22.0,1.0,0.0,1.0,75.0,12.2,19.9,238.0
297_1_1,297,1,1,tamoxifen,Repeat,4 day,0,mg/kg,Control,tamoxifen_Control_4 day,1965,79,108.0,149,0.05,0.03,169,14.0,0.2,139.0,4.3,103.0,11.3,7.9,5.6,2.7,0.9,73.0,50.0,59.0,1.0,638.0,13.3,39.5,61.9,20.9,33.8,8.4,135.9,52.5,20.0,1.0,0.0,5.0,74.0,11.7,18.1,248.0
297_1_2,297,1,2,tamoxifen,Repeat,4 day,0,mg/kg,Control,tamoxifen_Control_4 day,1602,71,76.0,128,0.04,0.01,206,13.0,0.1,143.0,4.0,105.0,11.0,8.2,5.3,2.5,0.9,67.0,42.0,47.0,2.0,606.0,12.6,38.0,62.6,20.8,33.2,9.1,141.6,55.2,22.0,1.0,0.0,3.0,74.0,12.0,17.3,269.0
297_1_3,297,1,3,tamoxifen,Repeat,4 day,0,mg/kg,Control,tamoxifen_Control_4 day,1913,104,93.0,170,0.04,0.01,171,15.0,0.2,143.0,4.2,106.0,11.1,7.1,5.7,2.7,0.9,88.0,49.0,59.0,1.0,598.0,13.1,38.6,64.6,21.9,33.9,9.0,136.2,65.4,21.0,1.0,0.0,3.0,75.0,11.8,25.2,248.0
297_1_4,297,1,4,tamoxifen,Repeat,4 day,0,mg/kg,Control,tamoxifen_Control_4 day,1729,64,42.0,123,0.09,0.03,171,13.0,0.2,144.0,3.8,105.0,11.2,8.0,5.5,2.6,0.9,78.0,57.0,53.0,1.0,609.0,13.4,38.4,63.0,22.0,35.0,9.0,124.1,119.1,24.0,1.0,0.0,2.0,72.0,12.0,14.2,267.0
297_1_5,297,1,5,tamoxifen,Repeat,4 day,0,mg/kg,Control,tamoxifen_Control_4 day,1216,86,69.0,146,0.04,0.01,180,15.0,0.2,144.0,4.4,109.0,10.9,8.8,5.4,2.5,0.9,72.0,45.0,69.0,1.0,633.0,13.4,39.1,61.8,21.2,34.4,8.6,97.3,80.7,23.0,1.0,0.0,3.0,73.0,12.3,16.5,266.0
297_2_1,297,2,1,tamoxifen,Repeat,8 day,0,mg/kg,Control,tamoxifen_Control_8 day,1199,74,146.0,149,0.04,0.01,182,19.0,0.2,142.0,4.2,103.0,11.3,7.1,5.7,2.7,0.9,61.0,41.0,50.0,1.0,605.0,13.2,39.4,65.1,21.8,33.4,6.6,110.7,107.4,22.0,1.0,0.0,3.0,74.0,11.9,16.2,256.0
297_2_2,297,2,2,tamoxifen,Repeat,8 day,0,mg/kg,Control,tamoxifen_Control_8 day,1685,81,56.0,137,0.04,0.01,196,12.0,0.2,143.0,4.4,109.0,10.7,7.1,5.7,2.7,0.9,75.0,55.0,51.0,1.0,622.0,13.3,39.5,63.5,21.4,33.6,6.1,109.3,69.0,25.0,1.0,0.0,3.0,71.0,12.1,17.6,249.0
297_2_3,297,2,3,tamoxifen,Repeat,8 day,0,mg/kg,Control,tamoxifen_Control_8 day,1655,85,49.0,147,0.03,0.0,193,13.0,0.2,140.0,5.0,102.0,10.5,8.0,5.5,2.5,0.8,73.0,40.0,48.0,1.0,614.0,12.9,38.8,63.1,21.1,33.4,6.4,115.8,53.2,14.0,1.0,0.0,2.0,82.0,12.6,15.4,257.0
297_2_4,297,2,4,tamoxifen,Repeat,8 day,0,mg/kg,Control,tamoxifen_Control_8 day,1692,65,71.0,125,0.03,0.01,181,14.0,0.2,143.0,4.4,107.0,10.8,6.7,5.7,2.7,0.9,70.0,39.0,57.0,1.0,609.0,13.1,38.4,63.1,21.4,34.0,6.3,118.9,86.8,12.0,1.0,0.0,2.0,85.0,12.1,15.7,257.0
297_2_5,297,2,5,tamoxifen,Repeat,8 day,0,mg/kg,Control,tamoxifen_Control_8 day,1647,97,80.0,167,0.04,0.01,173,14.0,0.2,144.0,4.5,108.0,11.0,6.8,5.8,2.7,0.9,68.0,48.0,50.0,1.0,601.0,13.6,39.6,66.0,22.7,34.3,5.7,146.9,85.8,19.0,1.0,0.0,3.0,77.0,11.7,16.2,317.0
297_3_1,297,3,1,tamoxifen,Repeat,15 day,0,mg/kg,Control,tamoxifen_Control_15 day,1993,62,43.0,107,0.03,0.01,184,15.0,0.3,141.0,3.9,105.0,10.2,5.6,5.9,2.7,0.8,80.0,43.0,47.0,1.0,635.0,13.8,39.8,62.7,21.7,34.6,4.5,123.1,86.1,23.0,1.0,0.0,2.0,74.0,12.3,17.0,265.0
297_3_2,297,3,2,tamoxifen,Repeat,15 day,0,mg/kg,Control,tamoxifen_Control_15 day,1016,79,111.0,156,0.03,0.01,185,15.0,0.2,143.0,4.7,107.0,11.0,6.9,6.4,2.9,0.8,67.0,50.0,54.0,2.0,702.0,14.6,43.4,61.8,20.7,33.6,5.2,114.4,52.8,16.0,1.0,0.0,3.0,80.0,11.9,17.4,326.0
297_3_3,297,3,3,tamoxifen,Repeat,15 day,0,mg/kg,Control,tamoxifen_Control_15 day,1503,72,182.0,155,0.05,0.03,203,18.0,0.2,143.0,3.8,105.0,11.0,9.2,6.1,2.8,0.8,68.0,44.0,60.0,1.0,698.0,13.8,41.5,59.4,19.8,33.4,5.8,124.3,133.4,28.0,1.0,0.0,4.0,67.0,11.6,16.1,267.0
297_3_4,297,3,4,tamoxifen,Repeat,15 day,0,mg/kg,Control,tamoxifen_Control_15 day,1185,72,174.0,164,0.04,0.02,218,20.0,0.2,145.0,3.8,107.0,11.0,7.2,6.2,2.9,0.9,68.0,43.0,50.0,1.0,656.0,13.9,40.8,62.2,21.2,34.0,5.6,108.8,81.0,18.0,1.0,0.0,3.0,78.0,11.9,15.7,293.0
297_3_5,297,3,5,tamoxifen,Repeat,15 day,0,mg/kg,Control,tamoxifen_Control_15 day,1539,102,98.0,184,0.03,0.01,185,17.0,0.2,143.0,4.2,106.0,10.7,6.7,6.1,2.8,0.8,77.0,46.0,66.0,1.0,658.0,13.7,39.8,60.5,20.9,34.5,5.2,125.0,78.1,24.0,1.0,0.0,3.0,72.0,11.3,13.9,296.0
297_4_1,297,4,1,tamoxifen,Repeat,29 day,0,mg/kg,Control,tamoxifen_Control_29 day,815,79,93.0,159,0.04,0.01,188,16.0,0.3,142.0,4.0,102.0,11.5,7.3,6.3,2.8,0.8,58.0,46.0,56.0,1.0,776.0,15.1,44.1,56.8,19.5,34.3,2.4,90.6,99.3,11.0,1.0,0.0,3.0,84.0,11.3,15.3,306.0
297_4_2,297,4,2,tamoxifen,Repeat,29 day,0,mg/kg,Control,tamoxifen_Control_29 day,1133,88,118.0,156,0.03,0.01,197,18.0,0.2,145.0,3.7,108.0,11.6,6.0,6.5,2.9,0.8,68.0,51.0,52.0,2.0,790.0,15.5,44.9,56.9,19.7,34.6,2.4,95.5,79.5,16.0,2.0,0.0,3.0,79.0,11.6,16.7,295.0
297_4_3,297,4,3,tamoxifen,Repeat,29 day,0,mg/kg,Control,tamoxifen_Control_29 day,1196,80,152.0,149,0.03,0.02,178,15.0,0.2,143.0,4.2,107.0,11.2,6.4,6.5,2.9,0.8,63.0,49.0,83.0,1.0,777.0,15.3,44.8,57.7,19.7,34.1,2.6,98.8,92.2,14.0,1.0,0.0,2.0,82.0,11.8,17.0,296.0
297_4_4,297,4,4,tamoxifen,Repeat,29 day,0,mg/kg,Control,tamoxifen_Control_29 day,841,75,49.0,127,0.04,0.01,189,12.0,0.3,143.0,3.9,106.0,11.0,6.2,6.2,2.8,0.8,69.0,39.0,58.0,1.0,763.0,15.2,43.2,56.6,19.9,35.2,2.8,107.6,48.6,16.0,1.0,0.0,3.0,79.0,11.3,18.6,307.0
297_4_5,297,4,5,tamoxifen,Repeat,29 day,0,mg/kg,Control,tamoxifen_Control_29 day,1136,80,71.0,146,0.04,0.01,172,15.0,0.3,144.0,4.3,106.0,11.4,6.4,6.4,2.9,0.8,74.0,43.0,132.0,1.0,739.0,15.2,44.6,60.4,20.6,34.1,2.7,95.5,117.2,19.0,1.0,0.0,3.0,76.0,11.7,15.1,331.0
303_1_1,303,1,1,chlormezanone,Repeat,4 day,0,mg/kg,Control,chlormezanone_Control_4 day,1602,103,93.0,165,0.03,0.01,189,16.0,0.2,144.0,4.1,105.0,11.0,6.7,5.8,2.7,0.9,71.0,50.0,70.0,2.0,614.0,13.3,38.4,62.6,21.6,34.5,6.0,120.6,83.9,17.0,1.0,0.0,3.0,79.0,12.3,14.4,257.0
303_1_2,303,1,2,chlormezanone,Repeat,4 day,0,mg/kg,Control,chlormezanone_Control_4 day,1752,97,157.0,166,0.02,0.01,192,16.0,0.2,142.0,4.3,110.0,10.7,5.8,5.8,2.7,0.9,66.0,49.0,81.0,1.0,633.0,14.2,41.8,66.0,22.4,34.0,6.4,126.6,106.7,22.0,1.0,0.0,4.0,74.0,11.6,16.2,292.0
303_1_3,303,1,3,chlormezanone,Repeat,4 day,0,mg/kg,Control,chlormezanone_Control_4 day,1610,72,88.0,130,0.02,0.01,192,15.0,0.2,142.0,4.4,109.0,11.1,7.1,5.9,2.8,0.9,68.0,49.0,50.0,1.0,612.0,13.0,38.1,62.2,21.3,34.3,6.5,119.8,84.6,17.0,1.0,0.0,4.0,77.0,12.0,16.5,294.0
303_1_4,303,1,4,chlormezanone,Repeat,4 day,0,mg/kg,Control,chlormezanone_Control_4 day,1527,81,74.0,131,0.02,0.01,198,13.0,0.2,144.0,4.2,110.0,10.8,7.4,5.6,2.7,0.9,64.0,43.0,42.0,1.0,611.0,13.7,39.6,64.8,22.4,34.5,7.0,106.2,65.8,16.0,1.0,0.0,2.0,80.0,12.2,14.0,279.0
303_1_5,303,1,5,chlormezanone,Repeat,4 day,0,mg/kg,Control,chlormezanone_Control_4 day,1236,91,38.0,150,0.04,0.01,197,13.0,0.2,145.0,4.0,108.0,10.8,6.6,6.0,2.8,0.9,72.0,51.0,74.0,1.0,571.0,13.0,37.8,66.1,22.8,34.5,7.6,100.3,64.4,17.0,1.0,0.0,2.0,79.0,11.8,17.3,296.0
303_2_1,303,2,1,chlormezanone,Repeat,8 day,0,mg/kg,Control,chlormezanone_Control_8 day,1481,78,123.0,139,0.03,0.02,185,16.0,0.2,142.0,4.7,109.0,11.5,5.5,5.9,2.8,0.9,65.0,36.0,55.0,1.0,640.0,13.5,40.4,63.1,21.0,33.3,5.7,116.1,62.1,14.0,1.0,0.0,3.0,82.0,12.0,19.2,251.0
303_2_2,303,2,2,chlormezanone,Repeat,8 day,0,mg/kg,Control,chlormezanone_Control_8 day,1708,92,127.0,161,0.04,0.02,205,15.0,0.2,143.0,4.0,108.0,11.5,6.6,5.9,2.8,0.9,61.0,42.0,66.0,1.0,616.0,13.8,40.9,66.3,22.4,33.8,7.3,113.9,109.4,15.0,1.0,0.0,2.0,81.0,11.7,21.0,270.0
303_2_3,303,2,3,chlormezanone,Repeat,8 day,0,mg/kg,Control,chlormezanone_Control_8 day,2020,92,127.0,167,0.03,0.02,156,16.0,0.2,144.0,4.1,106.0,11.8,7.5,6.3,2.9,0.9,70.0,40.0,108.0,1.0,629.0,14.1,41.5,66.0,22.4,34.0,5.8,104.5,71.1,18.0,1.0,0.0,2.0,78.0,11.8,15.9,321.0
303_2_4,303,2,4,chlormezanone,Repeat,8 day,0,mg/kg,Control,chlormezanone_Control_8 day,1540,74,111.0,143,0.04,0.01,181,18.0,0.2,144.0,4.3,106.0,11.6,7.7,5.6,2.7,0.9,70.0,47.0,85.0,1.0,638.0,13.8,39.5,61.9,21.6,34.8,7.2,114.9,111.1,25.0,1.0,0.0,3.0,71.0,12.1,14.6,318.0
303_2_5,303,2,5,chlormezanone,Repeat,8 day,0,mg/kg,Control,chlormezanone_Control_8 day,1976,77,120.0,150,0.03,0.01,180,18.0,0.2,147.0,4.6,110.0,11.8,7.2,6.2,2.9,0.9,75.0,55.0,135.0,1.0,615.0,14.3,42.6,69.3,23.2,33.5,6.6,116.0,102.4,11.0,0.0,0.0,2.0,85.0,11.9,17.4,313.0
303_3_1,303,3,1,chlormezanone,Repeat,15 day,0,mg/kg,Control,chlormezanone_Control_15 day,2101,78,128.0,160,0.06,0.01,188,15.0,0.2,143.0,3.8,106.0,10.9,6.1,6.1,2.8,0.8,59.0,43.0,43.0,1.0,739.0,15.0,42.6,57.6,20.2,35.1,3.0,98.3,93.4,18.0,1.0,0.0,2.0,78.0,11.4,15.6,281.0
303_3_2,303,3,2,chlormezanone,Repeat,15 day,0,mg/kg,Control,chlormezanone_Control_15 day,1293,77,60.0,134,0.06,0.01,195,14.0,0.2,143.0,4.5,108.0,11.4,6.7,6.1,2.8,0.8,61.0,47.0,44.0,1.0,681.0,14.1,40.3,59.2,20.7,35.0,4.3,108.1,59.7,28.0,1.0,0.0,2.0,69.0,11.6,16.3,315.0
303_3_3,303,3,3,chlormezanone,Repeat,15 day,0,mg/kg,Control,chlormezanone_Control_15 day,1211,66,72.0,134,0.07,0.01,191,13.0,0.3,144.0,3.7,107.0,11.4,5.8,6.2,2.9,0.9,68.0,42.0,50.0,1.0,691.0,14.5,41.0,59.3,21.0,35.4,3.1,101.3,47.5,19.0,1.0,0.0,2.0,77.0,11.7,18.8,297.0
303_3_4,303,3,4,chlormezanone,Repeat,15 day,0,mg/kg,Control,chlormezanone_Control_15 day,1624,60,66.0,122,0.07,0.01,184,13.0,0.2,144.0,4.0,108.0,11.2,7.0,5.9,2.7,0.8,70.0,55.0,49.0,1.0,667.0,13.8,38.8,58.2,20.7,35.6,4.6,187.8,87.0,15.0,1.0,0.0,2.0,82.0,12.1,16.7,308.0
303_3_5,303,3,5,chlormezanone,Repeat,15 day,0,mg/kg,Control,chlormezanone_Control_15 day,1193,73,48.0,132,0.06,0.0,200,17.0,0.3,144.0,3.8,110.0,11.0,5.7,6.2,2.9,0.9,61.0,53.0,49.0,1.0,727.0,15.3,43.4,59.7,21.1,35.3,2.4,119.5,66.6,22.0,1.0,0.0,2.0,75.0,12.0,17.1,333.0
303_4_1,303,4,1,chlormezanone,Repeat,29 day,0,mg/kg,Control,chlormezanone_Control_29 day,951,73,96.0,133,0.06,0.0,170,13.0,0.3,139.0,4.1,106.0,10.3,5.6,5.8,2.6,0.8,63.0,38.0,45.0,1.0,756.0,14.8,41.1,54.3,19.6,36.0,2.5,87.7,103.0,30.0,1.0,0.0,2.0,66.0,12.2,17.7,252.0
303_4_2,303,4,2,chlormezanone,Repeat,29 day,0,mg/kg,Control,chlormezanone_Control_29 day,1207,70,116.0,155,0.06,0.0,185,14.0,0.3,145.0,3.8,107.0,10.9,5.5,6.3,2.9,0.9,53.0,43.0,43.0,1.0,784.0,16.0,45.5,57.9,20.4,35.2,1.9,97.1,79.6,13.0,1.0,0.0,2.0,83.0,11.8,18.4,314.0
303_4_3,303,4,3,chlormezanone,Repeat,29 day,0,mg/kg,Control,chlormezanone_Control_29 day,963,78,89.0,142,0.06,0.01,198,13.0,0.2,142.0,3.9,106.0,11.1,5.8,6.1,2.7,0.8,63.0,50.0,45.0,1.0,718.0,15.0,42.6,59.4,20.9,35.2,2.9,107.5,76.4,16.0,1.0,0.0,3.0,80.0,11.4,18.5,293.0
303_4_4,303,4,4,chlormezanone,Repeat,29 day,0,mg/kg,Control,chlormezanone_Control_29 day,1031,73,71.0,143,0.08,0.01,185,14.0,0.3,143.0,4.1,106.0,11.0,6.2,6.7,3.0,0.8,74.0,52.0,99.0,1.0,684.0,14.4,39.9,58.4,21.0,35.9,3.0,106.1,69.8,22.0,1.0,0.0,2.0,74.0,11.7,17.2,310.0
303_4_5,303,4,5,chlormezanone,Repeat,29 day,0,mg/kg,Control,chlormezanone_Control_29 day,1024,80,68.0,145,0.05,0.01,178,16.0,0.3,143.0,4.3,106.0,10.9,6.9,6.5,2.9,0.8,61.0,45.0,53.0,1.0,782.0,14.9,42.1,53.8,19.0,35.3,2.8,98.8,85.3,22.0,1.0,0.0,3.0,74.0,11.9,17.5,299.0
305_1_1,305,1,1,ethinylestradiol,Repeat,4 day,0,mg/kg,Control,ethinylestradiol_Control_4 day,1467,70,80.0,115,0.03,0.02,202,13.0,0.2,140.0,3.9,105.0,10.2,5.2,5.4,2.5,0.9,73.0,47.0,60.0,1.0,593.0,13.3,38.8,65.4,22.5,34.3,8.2,110.1,102.5,17.0,1.0,0.0,4.0,77.0,12.1,16.8,255.0
305_1_2,305,1,2,ethinylestradiol,Repeat,4 day,0,mg/kg,Control,ethinylestradiol_Control_4 day,1286,72,97.0,122,0.04,0.02,177,12.0,0.2,145.0,3.9,109.0,10.6,6.2,5.5,2.6,0.9,74.0,50.0,80.0,1.0,669.0,13.9,42.6,63.7,20.8,32.6,6.7,105.5,94.0,20.0,1.0,1.0,3.0,76.0,12.2,16.0,247.0
305_1_3,305,1,3,ethinylestradiol,Repeat,4 day,0,mg/kg,Control,ethinylestradiol_Control_4 day,1287,84,91.0,139,0.03,0.02,181,12.0,0.2,145.0,3.9,107.0,11.0,7.4,5.6,2.6,0.9,76.0,51.0,68.0,1.0,629.0,13.7,41.5,66.0,21.8,33.0,8.4,123.6,89.0,16.0,1.0,0.0,3.0,80.0,12.4,16.3,293.0
305_1_4,305,1,4,ethinylestradiol,Repeat,4 day,0,mg/kg,Control,ethinylestradiol_Control_4 day,1709,90,152.0,158,0.04,0.02,188,11.0,0.2,144.0,4.1,106.0,11.2,6.5,5.7,2.7,0.9,69.0,53.0,77.0,2.0,626.0,13.3,39.2,62.6,21.3,34.0,8.5,100.8,76.2,18.0,1.0,0.0,4.0,76.0,12.4,16.5,267.0
305_1_5,305,1,5,ethinylestradiol,Repeat,4 day,0,mg/kg,Control,ethinylestradiol_Control_4 day,1587,73,71.0,137,0.03,0.01,178,13.0,0.2,142.0,4.0,107.0,11.1,7.1,5.5,2.6,0.9,74.0,47.0,57.0,1.0,635.0,13.0,38.8,61.1,20.4,33.4,7.1,113.8,104.8,11.0,1.0,0.0,2.0,86.0,12.4,16.3,246.0
305_2_1,305,2,1,ethinylestradiol,Repeat,8 day,0,mg/kg,Control,ethinylestradiol_Control_8 day,1864,97,146.0,183,0.03,0.02,218,16.0,0.2,138.0,4.4,102.0,11.7,6.8,5.7,2.6,0.8,64.0,52.0,62.0,1.0,615.0,13.5,39.0,63.4,22.0,34.7,7.4,108.7,113.8,17.0,1.0,0.0,4.0,78.0,12.2,15.9,271.0
305_2_2,305,2,2,ethinylestradiol,Repeat,8 day,0,mg/kg,Control,ethinylestradiol_Control_8 day,1918,91,141.0,172,0.02,0.01,206,14.0,0.2,144.0,4.1,109.0,11.3,6.8,5.8,2.7,0.9,74.0,48.0,63.0,1.0,636.0,13.4,39.3,61.7,21.1,34.2,5.9,118.0,51.8,16.0,1.0,0.0,3.0,79.0,12.0,16.8,279.0
305_2_3,305,2,3,ethinylestradiol,Repeat,8 day,0,mg/kg,Control,ethinylestradiol_Control_8 day,1448,83,80.0,141,0.03,0.01,192,18.0,0.2,142.0,4.6,107.0,11.1,6.5,5.7,2.7,0.9,70.0,54.0,57.0,1.0,646.0,13.6,39.2,60.6,21.0,34.6,5.4,138.3,99.9,9.0,1.0,0.0,2.0,87.0,11.9,15.6,283.0
305_2_4,305,2,4,ethinylestradiol,Repeat,8 day,0,mg/kg,Control,ethinylestradiol_Control_8 day,1961,65,107.0,133,0.04,0.02,178,14.0,0.2,143.0,3.9,106.0,11.5,7.6,5.9,2.8,0.9,60.0,37.0,109.0,1.0,632.0,13.6,40.1,63.4,21.5,34.0,6.7,136.8,110.7,21.0,1.0,0.0,4.0,74.0,12.1,14.9,324.0
305_2_5,305,2,5,ethinylestradiol,Repeat,8 day,0,mg/kg,Control,ethinylestradiol_Control_8 day,1681,88,55.0,153,0.02,0.01,194,16.0,0.2,143.0,4.1,107.0,11.2,6.8,5.9,2.8,0.9,72.0,52.0,59.0,1.0,671.0,14.0,41.0,61.1,20.9,34.2,5.9,115.5,63.1,20.0,1.0,0.0,3.0,76.0,12.4,14.6,278.0
305_3_1,305,3,1,ethinylestradiol,Repeat,15 day,0,mg/kg,Control,ethinylestradiol_Control_15 day,1782,81,77.0,151,0.07,0.01,196,15.0,0.2,141.0,4.0,103.0,11.5,6.4,6.0,2.7,0.8,66.0,45.0,66.0,1.0,663.0,13.7,39.0,58.7,20.7,35.3,4.5,132.4,89.3,23.0,1.0,0.0,2.0,74.0,11.8,16.8,298.0
305_3_2,305,3,2,ethinylestradiol,Repeat,15 day,0,mg/kg,Control,ethinylestradiol_Control_15 day,1676,73,105.0,136,0.07,0.02,178,17.0,0.2,144.0,4.0,104.0,11.3,7.4,5.8,2.7,0.9,65.0,42.0,84.0,0.0,702.0,14.1,41.2,58.6,20.1,34.3,4.1,108.2,88.2,11.0,1.0,0.0,2.0,85.0,12.2,16.7,250.0
305_3_3,305,3,3,ethinylestradiol,Repeat,15 day,0,mg/kg,Control,ethinylestradiol_Control_15 day,1631,72,111.0,139,0.07,0.02,170,15.0,0.2,143.0,4.0,106.0,11.2,6.0,6.0,2.7,0.8,61.0,45.0,61.0,1.0,643.0,13.5,39.4,61.3,21.0,34.2,4.5,108.8,101.0,19.0,1.0,0.0,2.0,77.0,11.3,16.7,291.0
305_3_4,305,3,4,ethinylestradiol,Repeat,15 day,0,mg/kg,Control,ethinylestradiol_Control_15 day,1762,68,132.0,142,0.08,0.02,173,14.0,0.2,143.0,3.7,104.0,11.4,6.6,6.1,2.8,0.8,72.0,47.0,93.0,1.0,667.0,14.3,41.0,61.5,21.4,34.8,4.8,139.7,98.2,23.0,1.0,0.0,3.0,73.0,11.6,16.3,281.0
305_3_5,305,3,5,ethinylestradiol,Repeat,15 day,0,mg/kg,Control,ethinylestradiol_Control_15 day,1082,79,97.0,147,0.06,0.01,194,16.0,0.2,145.0,4.0,107.0,11.2,6.3,6.1,2.8,0.8,69.0,42.0,60.0,1.0,667.0,14.1,40.7,61.0,21.1,34.7,4.4,110.9,74.6,23.0,1.0,0.0,3.0,73.0,12.2,16.9,277.0
305_4_1,305,4,1,ethinylestradiol,Repeat,29 day,0,mg/kg,Control,ethinylestradiol_Control_29 day,1732,78,101.0,144,0.06,0.01,188,19.0,0.3,141.0,4.1,104.0,10.5,5.4,6.3,2.9,0.9,63.0,37.0,51.0,1.0,691.0,14.8,42.0,60.7,21.5,35.4,3.0,32.9,108.2,12.0,1.0,0.0,1.0,85.0,12.8,18.3,270.0
305_4_2,305,4,2,ethinylestradiol,Repeat,29 day,0,mg/kg,Control,ethinylestradiol_Control_29 day,1057,80,151.0,155,0.08,0.01,175,14.0,0.2,146.0,3.9,106.0,11.1,6.7,6.2,2.8,0.8,59.0,39.0,53.0,1.0,800.0,15.3,44.4,55.5,19.1,34.4,2.0,90.0,88.7,12.0,1.0,0.0,2.0,84.0,11.9,17.6,264.0
305_4_3,305,4,3,ethinylestradiol,Repeat,29 day,0,mg/kg,Control,ethinylestradiol_Control_29 day,827,98,148.0,175,0.06,0.01,213,16.0,0.3,143.0,3.8,104.0,11.3,6.3,6.2,2.8,0.8,53.0,42.0,58.0,1.0,722.0,14.3,40.6,56.3,19.8,35.2,3.1,97.1,177.5,19.0,1.0,1.0,2.0,77.0,11.6,17.2,335.0
305_4_4,305,4,4,ethinylestradiol,Repeat,29 day,0,mg/kg,Control,ethinylestradiol_Control_29 day,897,73,126.0,157,0.07,0.01,198,14.0,0.2,142.0,3.9,104.0,11.3,5.9,6.5,2.9,0.8,49.0,34.0,85.0,1.0,731.0,15.2,42.5,58.2,20.8,35.7,2.8,122.1,90.8,20.0,1.0,0.0,4.0,75.0,11.6,18.1,316.0
305_4_5,305,4,5,ethinylestradiol,Repeat,29 day,0,mg/kg,Control,ethinylestradiol_Control_29 day,1112,73,160.0,148,0.06,0.02,179,17.0,0.2,144.0,3.5,106.0,11.3,6.3,6.4,2.9,0.8,66.0,45.0,49.0,1.0,769.0,15.4,42.8,55.7,20.1,36.0,2.0,99.3,75.9,20.0,1.0,0.0,2.0,76.0,12.5,19.0,286.0
307_1_1,307,1,1,methyldopa,Repeat,4 day,0,mg/kg,Control,methyldopa_Control_4 day,2700,75,87.0,135,0.06,0.01,176,16.0,0.2,147.0,3.5,107.0,11.2,7.0,5.5,2.5,0.8,86.0,71.0,45.0,1.0,601.0,12.9,38.0,63.3,21.5,33.9,8.0,110.4,63.6,24.0,1.0,0.0,3.0,72.0,12.5,13.8,244.0
307_1_2,307,1,2,methyldopa,Repeat,4 day,0,mg/kg,Control,methyldopa_Control_4 day,1936,88,62.0,141,0.06,0.01,179,11.0,0.2,144.0,4.1,107.0,11.0,6.7,5.5,2.6,0.9,77.0,62.0,72.0,1.0,636.0,13.8,40.1,63.1,21.7,34.3,7.0,131.8,63.8,21.0,1.0,0.0,4.0,73.0,12.3,17.0,278.0
307_1_3,307,1,3,methyldopa,Repeat,4 day,0,mg/kg,Control,methyldopa_Control_4 day,1698,75,56.0,131,0.05,0.01,173,15.0,0.2,143.0,3.9,107.0,11.0,7.3,5.7,2.6,0.8,74.0,60.0,45.0,1.0,589.0,12.8,37.4,63.5,21.8,34.3,7.9,121.2,91.0,28.0,1.0,0.0,3.0,68.0,12.4,17.5,252.0
307_1_4,307,1,4,methyldopa,Repeat,4 day,0,mg/kg,Control,methyldopa_Control_4 day,1564,72,48.0,119,0.05,0.0,167,14.0,0.2,145.0,3.7,106.0,11.3,8.9,5.7,2.6,0.8,85.0,64.0,52.0,1.0,579.0,12.8,37.8,65.3,22.0,33.7,9.1,109.7,77.3,21.0,1.0,0.0,4.0,73.0,12.8,15.2,266.0
307_1_5,307,1,5,methyldopa,Repeat,4 day,0,mg/kg,Control,methyldopa_Control_4 day,1378,74,54.0,123,0.06,0.01,169,14.0,0.2,144.0,4.4,106.0,11.1,7.6,5.6,2.6,0.9,79.0,40.0,47.0,2.0,640.0,13.2,38.6,60.4,20.6,34.1,7.5,112.9,64.8,19.0,2.0,0.0,3.0,76.0,12.8,16.1,254.0
307_2_1,307,2,1,methyldopa,Repeat,8 day,0,mg/kg,Control,methyldopa_Control_8 day,1516,78,139.0,157,0.06,0.02,192,15.0,0.2,142.0,4.1,105.0,11.2,7.4,5.9,2.7,0.8,69.0,55.0,62.0,1.0,625.0,13.2,39.0,62.4,21.1,33.8,6.5,109.2,121.2,23.0,1.0,0.0,4.0,71.0,12.3,17.7,288.0
307_2_2,307,2,2,methyldopa,Repeat,8 day,0,mg/kg,Control,methyldopa_Control_8 day,1447,65,82.0,126,0.05,0.0,173,16.0,0.2,143.0,4.4,110.0,10.9,6.3,5.8,2.7,0.9,60.0,37.0,49.0,2.0,626.0,13.5,38.7,61.8,21.6,35.0,5.5,122.2,67.6,17.0,1.0,0.0,2.0,79.0,11.8,17.2,281.0
307_2_3,307,2,3,methyldopa,Repeat,8 day,0,mg/kg,Control,methyldopa_Control_8 day,1522,70,78.0,131,0.06,0.01,162,17.0,0.2,143.0,4.5,108.0,10.9,6.6,5.6,2.6,0.9,76.0,48.0,80.0,1.0,643.0,13.3,38.3,59.6,20.6,34.6,5.4,111.7,52.6,16.0,1.0,0.0,4.0,79.0,11.9,16.3,266.0
307_2_4,307,2,4,methyldopa,Repeat,8 day,0,mg/kg,Control,methyldopa_Control_8 day,1898,95,108.0,164,0.06,0.01,185,15.0,0.2,146.0,3.9,110.0,11.2,7.5,6.1,2.8,0.8,78.0,51.0,55.0,1.0,664.0,14.1,42.1,63.4,21.2,33.4,6.8,118.5,69.8,29.0,2.0,0.0,3.0,67.0,11.7,16.1,270.0
307_2_5,307,2,5,methyldopa,Repeat,8 day,0,mg/kg,Control,methyldopa_Control_8 day,1187,71,59.0,126,0.05,0.0,179,15.0,0.2,145.0,4.2,110.0,10.8,6.6,5.8,2.7,0.9,77.0,43.0,41.0,1.0,648.0,13.3,38.9,60.0,20.6,34.3,5.6,112.0,68.4,17.0,1.0,0.0,2.0,79.0,12.1,17.6,311.0
307_3_1,307,3,1,methyldopa,Repeat,15 day,0,mg/kg,Control,methyldopa_Control_15 day,1616,67,172.0,141,0.05,0.01,217,13.0,0.2,139.0,4.3,103.0,11.3,6.2,5.8,2.6,0.8,57.0,42.0,85.0,1.0,616.0,12.9,37.1,60.2,20.9,34.7,4.9,120.9,83.7,19.0,1.0,0.0,2.0,78.0,14.0,15.6,278.0
307_3_2,307,3,2,methyldopa,Repeat,15 day,0,mg/kg,Control,methyldopa_Control_15 day,1232,77,146.0,152,0.06,0.01,186,17.0,0.2,143.0,4.8,107.0,11.3,6.2,6.0,2.8,0.9,67.0,43.0,45.0,1.0,621.0,13.2,37.7,60.8,21.3,35.0,5.2,100.4,55.0,20.0,1.0,0.0,3.0,76.0,13.7,17.6,272.0
307_3_3,307,3,3,methyldopa,Repeat,15 day,0,mg/kg,Control,methyldopa_Control_15 day,1335,84,176.0,159,0.06,0.01,186,17.0,0.2,143.0,4.5,108.0,11.5,7.0,6.1,2.7,0.8,74.0,51.0,47.0,1.0,687.0,14.3,41.4,60.3,20.9,34.6,5.5,104.3,88.5,16.0,1.0,0.0,4.0,78.0,14.0,17.8,272.0
307_3_4,307,3,4,methyldopa,Repeat,15 day,0,mg/kg,Control,methyldopa_Control_15 day,1481,84,136.0,170,0.06,0.01,176,16.0,0.2,143.0,4.5,107.0,11.4,7.2,5.9,2.7,0.8,70.0,52.0,109.0,1.0,679.0,14.3,40.9,60.2,21.0,34.9,5.0,93.4,66.7,24.0,1.0,0.0,3.0,72.0,14.0,17.4,318.0
307_3_5,307,3,5,methyldopa,Repeat,15 day,0,mg/kg,Control,methyldopa_Control_15 day,2101,68,74.0,137,0.06,0.01,177,13.0,0.2,142.0,4.5,110.0,11.2,5.4,6.0,2.8,0.9,59.0,38.0,45.0,1.0,657.0,14.3,39.8,60.6,21.7,35.8,3.6,91.8,55.7,19.0,1.0,0.0,4.0,76.0,14.9,16.2,312.0
307_4_1,307,4,1,methyldopa,Repeat,29 day,0,mg/kg,Control,methyldopa_Control_29 day,1388,73,116.0,138,0.06,0.02,183,14.0,0.2,141.0,3.7,106.0,10.7,5.9,5.9,2.7,0.8,58.0,36.0,48.0,1.0,793.0,14.7,42.7,53.9,18.5,34.4,2.8,104.4,72.2,16.0,1.0,0.0,2.0,81.0,14.0,19.3,254.0
307_4_2,307,4,2,methyldopa,Repeat,29 day,0,mg/kg,Control,methyldopa_Control_29 day,1194,83,181.0,178,0.06,0.02,190,16.0,0.2,142.0,4.1,106.0,11.3,5.8,6.6,2.9,0.8,63.0,47.0,45.0,1.0,787.0,15.4,44.4,56.4,19.6,34.8,2.4,106.9,70.4,20.0,2.0,0.0,3.0,76.0,13.4,19.4,348.0
307_4_3,307,4,3,methyldopa,Repeat,29 day,0,mg/kg,Control,methyldopa_Control_29 day,1021,78,73.0,142,0.05,0.01,184,14.0,0.3,142.0,4.0,106.0,11.1,6.0,6.3,2.8,0.8,64.0,47.0,51.0,1.0,776.0,15.2,44.0,56.7,19.6,34.6,2.5,95.1,98.4,18.0,1.0,0.0,3.0,77.0,13.5,19.4,324.0
307_4_4,307,4,4,methyldopa,Repeat,29 day,0,mg/kg,Control,methyldopa_Control_29 day,991,107,184.0,193,0.06,0.02,173,17.0,0.2,144.0,3.8,105.0,11.2,6.1,6.3,2.9,0.9,55.0,38.0,41.0,1.0,769.0,15.1,42.9,55.8,19.7,35.3,2.8,114.3,72.8,24.0,2.0,0.0,2.0,72.0,13.5,17.1,359.0
307_4_5,307,4,5,methyldopa,Repeat,29 day,0,mg/kg,Control,methyldopa_Control_29 day,1515,104,150.0,188,0.07,0.02,197,16.0,0.3,145.0,3.7,105.0,11.5,6.4,6.3,2.8,0.8,55.0,38.0,46.0,1.0,745.0,14.8,42.7,57.3,19.9,34.8,3.0,109.3,59.2,29.0,1.0,0.0,3.0,66.0,13.7,22.6,291.0
309_1_1,309,1,1,tetracycline,Repeat,4 day,0,mg/kg,Control,tetracycline_Control_4 day,764,87,77.0,161,0.3,0.0,167,21.0,0.6,142.0,4.5,105.0,11.0,6.8,6.3,4.2,2.0,72.0,50.0,94.0,1.0,683.0,14.7,44.7,65.5,21.6,33.0,6.7,110.8,60.0,10.0,1.0,0.0,6.0,83.0,12.0,14.7,244.0
309_1_2,309,1,2,tetracycline,Repeat,4 day,0,mg/kg,Control,tetracycline_Control_4 day,842,99,126.0,172,0.3,0.0,190,16.0,0.5,139.0,4.6,106.0,11.2,7.9,5.9,4.1,2.3,62.0,36.0,102.0,1.0,632.0,13.5,41.1,65.0,21.3,32.8,8.7,98.4,80.7,9.0,1.0,0.0,9.0,81.0,12.1,15.5,225.0
309_1_3,309,1,3,tetracycline,Repeat,4 day,0,mg/kg,Control,tetracycline_Control_4 day,869,79,125.0,150,0.42,0.0,185,19.0,0.5,139.0,4.9,106.0,11.0,7.2,5.6,4.1,2.7,68.0,44.0,98.0,1.0,596.0,13.3,40.2,67.4,22.3,33.1,8.6,100.7,113.0,7.0,0.0,0.0,6.0,86.0,12.5,16.3,199.0
309_1_4,309,1,4,tetracycline,Repeat,4 day,0,mg/kg,Control,tetracycline_Control_4 day,1013,80,36.0,139,0.38,0.04,185,14.0,0.6,140.0,5.0,103.0,11.5,9.9,5.5,3.8,2.2,75.0,43.0,114.0,2.0,586.0,13.0,39.2,66.8,22.2,33.2,8.8,90.7,158.0,7.0,1.0,0.0,4.0,89.0,12.4,16.2,231.0
309_1_5,309,1,5,tetracycline,Repeat,4 day,0,mg/kg,Control,tetracycline_Control_4 day,1120,71,37.0,129,0.35,0.0,188,18.0,0.6,141.0,4.6,107.0,11.2,9.4,5.9,3.7,1.7,68.0,45.0,91.0,2.0,628.0,13.7,40.9,65.1,21.9,33.6,8.2,84.0,147.0,17.0,1.0,0.0,9.0,73.0,12.3,17.1,206.0
309_2_2,309,2,2,tetracycline,Repeat,8 day,0,mg/kg,Control,tetracycline_Control_8 day,1284,78,117.0,155,0.19,0.0,168,17.0,0.6,140.0,4.8,107.0,11.1,7.7,5.9,3.9,2.0,57.0,32.0,92.0,1.0,676.0,14.4,42.3,62.6,21.3,33.9,5.6,112.0,145.0,8.0,1.0,0.0,3.0,88.0,11.4,18.5,250.0
309_2_3,309,2,3,tetracycline,Repeat,8 day,0,mg/kg,Control,tetracycline_Control_8 day,1015,93,74.0,159,0.22,0.0,181,22.0,0.6,138.0,6.7,106.0,11.2,8.6,5.8,3.8,1.9,70.0,53.0,150.0,1.0,643.0,13.1,40.0,62.2,20.4,32.8,7.1,126.0,182.0,9.0,1.0,0.0,5.0,85.0,12.9,20.7,209.0
309_2_5,309,2,5,tetracycline,Repeat,8 day,0,mg/kg,Control,tetracycline_Control_8 day,766,80,74.0,155,0.42,0.03,189,19.0,0.6,140.0,8.2,108.0,11.1,8.4,5.5,3.8,2.2,56.0,27.0,100.0,1.0,631.0,13.7,40.9,64.8,21.7,33.5,6.7,93.7,120.0,17.0,1.0,0.0,6.0,76.0,11.9,17.1,221.0
309_3_1,309,3,1,tetracycline,Repeat,15 day,0,mg/kg,Control,tetracycline_Control_15 day,824,57,85.0,122,0.27,0.0,176,19.0,0.5,140.0,5.3,105.0,10.7,7.1,6.1,3.8,1.7,69.0,28.0,87.0,1.0,717.0,14.0,42.0,58.5,19.6,33.4,5.4,119.4,131.0,17.0,1.0,0.0,8.0,74.0,11.8,17.8,223.0
309_3_2,309,3,2,tetracycline,Repeat,15 day,0,mg/kg,Control,tetracycline_Control_15 day,937,72,171.0,159,0.32,0.0,161,19.0,0.6,140.0,4.4,104.0,10.6,7.4,6.4,4.1,1.8,64.0,30.0,93.0,1.0,633.0,13.6,39.7,62.8,21.6,34.3,7.2,117.5,135.0,13.0,0.0,0.0,3.0,84.0,11.6,16.3,254.0
309_3_3,309,3,3,tetracycline,Repeat,15 day,0,mg/kg,Control,tetracycline_Control_15 day,945,87,117.0,167,0.26,0.01,189,16.0,0.5,141.0,4.6,103.0,11.3,7.3,6.2,4.2,2.1,64.0,35.0,64.0,2.0,641.0,13.6,40.9,63.9,21.2,33.1,5.3,108.4,106.0,20.0,2.0,0.0,8.0,71.0,11.4,16.6,234.0
309_3_4,309,3,4,tetracycline,Repeat,15 day,0,mg/kg,Control,tetracycline_Control_15 day,950,71,130.0,159,0.35,0.02,166,20.0,0.6,143.0,4.5,103.0,11.5,9.5,6.3,4.1,1.9,75.0,32.0,179.0,2.0,652.0,14.2,41.9,64.3,21.7,33.8,5.5,103.2,149.0,9.0,0.0,0.0,5.0,86.0,11.7,17.2,236.0
309_3_5,309,3,5,tetracycline,Repeat,15 day,0,mg/kg,Control,tetracycline_Control_15 day,859,74,171.0,166,0.37,0.02,184,19.0,0.5,141.0,4.6,101.0,11.3,8.2,6.2,3.8,1.6,65.0,28.0,80.0,2.0,699.0,14.3,43.3,61.9,20.4,33.0,5.0,97.3,134.0,9.0,0.0,0.0,4.0,87.0,11.8,17.1,245.0
309_4_1,309,4,1,tetracycline,Repeat,29 day,0,mg/kg,Control,tetracycline_Control_29 day,992,88,215.0,180,0.32,0.0,174,21.0,0.5,139.0,4.9,105.0,10.6,7.7,6.4,3.9,1.6,52.0,30.0,83.0,1.0,773.0,15.2,45.7,59.1,19.7,33.3,2.8,114.3,195.0,7.0,1.0,0.0,5.0,87.0,12.0,18.7,246.0
309_4_2,309,4,2,tetracycline,Repeat,29 day,0,mg/kg,Control,tetracycline_Control_29 day,864,92,170.0,181,0.34,0.01,184,22.0,0.6,141.0,4.2,105.0,11.2,7.1,6.3,3.7,1.4,67.0,34.0,141.0,1.0,730.0,14.7,43.8,60.0,20.1,33.5,3.4,108.9,177.0,9.0,1.0,0.0,4.0,86.0,11.3,17.9,265.0
309_4_3,309,4,3,tetracycline,Repeat,29 day,0,mg/kg,Control,tetracycline_Control_29 day,485,67,170.0,147,0.41,0.0,162,20.0,0.6,139.0,4.7,107.0,10.8,6.7,5.8,3.8,1.9,56.0,28.0,78.0,1.0,764.0,15.2,45.3,59.2,19.9,33.6,2.8,84.2,157.0,8.0,1.0,0.0,3.0,88.0,11.9,17.4,216.0
309_4_4,309,4,4,tetracycline,Repeat,29 day,0,mg/kg,Control,tetracycline_Control_29 day,945,83,100.0,170,0.31,0.02,190,21.0,0.6,140.0,4.7,107.0,10.8,6.6,6.1,3.9,1.8,56.0,30.0,88.0,1.0,730.0,14.0,41.8,57.2,19.2,33.5,2.7,96.2,138.0,15.0,2.0,0.0,5.0,79.0,11.7,17.5,210.0
309_4_5,309,4,5,tetracycline,Repeat,29 day,0,mg/kg,Control,tetracycline_Control_29 day,753,61,119.0,142,0.29,0.05,166,20.0,0.5,141.0,4.3,107.0,10.9,7.8,6.1,3.9,1.8,60.0,34.0,67.0,1.0,770.0,14.8,43.0,55.9,19.2,34.3,3.0,99.8,156.0,19.0,2.0,0.0,5.0,75.0,12.1,17.3,242.0
313_1_1,313,1,1,ciprofloxacin,Repeat,4 day,0,mg/kg,Control,ciprofloxacin_Control_4 day,1001,93,123.0,167,0.43,0.0,191,17.0,0.5,139.0,5.1,105.0,11.1,7.4,5.9,4.0,2.1,74.0,41.0,118.0,2.0,546.0,12.6,38.0,69.5,23.0,33.1,8.9,100.4,125.0,7.0,1.0,0.0,9.0,84.0,12.2,17.2,231.0
313_1_2,313,1,2,ciprofloxacin,Repeat,4 day,0,mg/kg,Control,ciprofloxacin_Control_4 day,1104,76,82.0,149,0.29,0.0,170,18.0,0.5,138.0,5.6,104.0,11.3,7.6,5.9,3.8,1.8,68.0,40.0,95.0,1.0,614.0,13.6,40.4,65.7,22.1,33.7,8.8,112.0,102.0,13.0,1.0,0.0,8.0,79.0,12.2,17.1,237.0
313_1_3,313,1,3,ciprofloxacin,Repeat,4 day,0,mg/kg,Control,ciprofloxacin_Control_4 day,1018,76,75.0,142,0.29,0.0,176,19.0,0.4,138.0,5.8,106.0,11.4,7.6,5.9,3.9,2.0,66.0,36.0,92.0,2.0,598.0,12.8,38.3,64.0,21.4,33.4,10.1,103.2,105.0,16.0,2.0,0.0,10.0,72.0,12.0,16.4,224.0
313_1_4,313,1,4,ciprofloxacin,Repeat,4 day,0,mg/kg,Control,ciprofloxacin_Control_4 day,1128,101,92.0,178,0.27,0.0,186,16.0,0.6,140.0,4.8,103.0,11.6,8.6,5.9,4.1,2.3,62.0,42.0,72.0,2.0,603.0,13.3,39.5,65.6,22.1,33.7,8.8,85.2,106.0,10.0,1.0,0.0,8.0,81.0,12.1,15.4,226.0
313_1_5,313,1,5,ciprofloxacin,Repeat,4 day,0,mg/kg,Control,ciprofloxacin_Control_4 day,715,74,71.0,149,0.3,0.01,187,16.0,0.5,142.0,4.3,105.0,11.4,8.5,6.0,4.0,2.0,60.0,35.0,65.0,2.0,614.0,13.6,40.8,66.4,22.2,33.5,5.9,98.8,87.5,14.0,1.0,0.0,3.0,82.0,12.4,16.5,222.0
313_2_1,313,2,1,ciprofloxacin,Repeat,8 day,0,mg/kg,Control,ciprofloxacin_Control_8 day,1188,79,94.0,148,0.33,0.0,219,28.0,0.5,140.0,5.1,107.0,11.0,7.9,5.8,3.9,2.1,64.0,27.0,80.0,1.0,618.0,13.3,39.9,64.6,21.6,33.4,6.6,111.9,209.0,5.0,1.0,0.0,6.0,88.0,11.9,17.3,229.0
313_2_2,313,2,2,ciprofloxacin,Repeat,8 day,0,mg/kg,Control,ciprofloxacin_Control_8 day,953,104,135.0,179,0.29,0.0,162,16.0,0.4,141.0,5.6,103.0,11.2,9.5,5.6,3.8,2.1,61.0,38.0,75.0,1.0,590.0,12.7,39.4,66.7,21.5,32.2,6.7,99.1,79.0,8.0,0.0,0.0,6.0,85.0,11.8,15.7,227.0
313_2_3,313,2,3,ciprofloxacin,Repeat,8 day,0,mg/kg,Control,ciprofloxacin_Control_8 day,857,79,68.0,145,0.3,0.0,184,18.0,0.5,141.0,5.1,106.0,11.3,7.7,5.7,3.8,2.0,61.0,27.0,43.0,1.0,648.0,11.0,41.8,64.5,16.9,26.2,6.4,112.7,103.0,14.0,1.0,0.0,9.0,76.0,11.9,17.6,229.0
313_2_4,313,2,4,ciprofloxacin,Repeat,8 day,0,mg/kg,Control,ciprofloxacin_Control_8 day,977,90,70.0,150,0.31,0.02,178,17.0,0.5,142.0,4.5,105.0,11.4,8.7,5.7,3.8,2.0,74.0,37.0,100.0,2.0,576.0,12.8,38.2,66.3,22.2,33.5,8.8,86.1,120.0,13.0,1.0,0.0,6.0,81.0,12.1,16.9,236.0
313_2_5,313,2,5,ciprofloxacin,Repeat,8 day,0,mg/kg,Control,ciprofloxacin_Control_8 day,719,99,101.0,170,0.29,0.03,191,19.0,0.5,139.0,4.9,105.0,11.6,9.0,5.8,4.1,2.4,49.0,29.0,37.0,1.0,594.0,13.1,38.7,65.2,22.0,33.7,6.0,99.7,94.9,10.0,1.0,0.0,8.0,81.0,11.9,17.2,230.0
313_3_1,313,3,1,ciprofloxacin,Repeat,15 day,0,mg/kg,Control,ciprofloxacin_Control_15 day,1071,79,183.0,175,0.15,0.0,195,22.0,0.6,139.0,4.6,104.0,11.5,8.8,6.3,4.0,1.7,61.0,31.0,97.0,1.0,710.0,14.1,42.7,60.1,19.9,33.1,5.3,118.3,147.0,9.0,1.0,0.0,3.0,87.0,9.7,15.9,244.0
313_3_2,313,3,2,ciprofloxacin,Repeat,15 day,0,mg/kg,Control,ciprofloxacin_Control_15 day,888,83,118.0,160,0.19,0.0,190,18.0,0.8,140.0,4.5,107.0,10.7,7.8,6.1,3.9,1.8,67.0,35.0,80.0,1.0,652.0,14.0,42.5,65.1,21.5,33.1,5.7,117.5,153.0,8.0,1.0,0.0,3.0,89.0,9.8,17.4,247.0
313_3_3,313,3,3,ciprofloxacin,Repeat,15 day,0,mg/kg,Control,ciprofloxacin_Control_15 day,760,78,114.0,165,0.29,0.0,161,18.0,0.6,140.0,5.1,106.0,10.9,7.5,6.3,4.1,1.9,54.0,25.0,65.0,1.0,638.0,13.7,40.8,64.0,21.4,33.5,5.3,105.9,89.2,9.0,1.0,0.0,5.0,85.0,9.9,16.1,250.0
313_3_4,313,3,4,ciprofloxacin,Repeat,15 day,0,mg/kg,Control,ciprofloxacin_Control_15 day,816,76,207.0,178,0.3,0.03,190,19.0,0.5,137.0,4.9,106.0,11.2,7.2,6.4,4.3,2.1,57.0,33.0,83.0,1.0,656.0,14.4,43.2,65.9,21.9,33.2,5.6,102.1,127.0,17.0,1.0,0.0,3.0,79.0,9.7,16.3,250.0
313_3_5,313,3,5,ciprofloxacin,Repeat,15 day,0,mg/kg,Control,ciprofloxacin_Control_15 day,687,95,131.0,186,0.3,0.0,192,17.0,0.5,138.0,4.4,103.0,11.4,8.3,6.2,4.0,1.8,53.0,33.0,78.0,2.0,691.0,13.9,42.5,61.5,20.2,32.8,6.4,112.2,140.0,12.0,1.0,0.0,8.0,79.0,10.1,16.5,260.0
313_4_1,313,4,1,ciprofloxacin,Repeat,29 day,0,mg/kg,Control,ciprofloxacin_Control_29 day,617,75,146.0,155,0.3,0.02,198,20.0,0.4,139.0,4.9,107.0,10.5,6.6,6.7,4.4,1.9,62.0,28.0,110.0,1.0,794.0,14.9,44.3,55.8,18.8,33.6,3.3,103.2,155.0,13.0,1.0,0.0,4.0,82.0,11.6,17.3,232.0
313_4_2,313,4,2,ciprofloxacin,Repeat,29 day,0,mg/kg,Control,ciprofloxacin_Control_29 day,457,94,93.0,164,0.22,0.05,185,19.0,0.5,141.0,4.2,106.0,10.4,5.6,6.6,4.0,1.5,57.0,28.0,76.0,2.0,746.0,14.5,43.5,58.4,19.5,33.4,2.8,96.6,143.0,12.0,1.0,0.0,3.0,84.0,10.8,17.6,251.0
313_4_3,313,4,3,ciprofloxacin,Repeat,29 day,0,mg/kg,Control,ciprofloxacin_Control_29 day,681,74,125.0,144,0.27,0.05,192,20.0,0.4,140.0,4.5,105.0,11.0,6.9,6.4,4.1,1.8,59.0,31.0,104.0,1.0,762.0,14.9,43.4,56.9,19.5,34.3,2.8,101.8,107.0,7.0,1.0,0.0,3.0,89.0,11.4,16.5,215.0
313_4_4,313,4,4,ciprofloxacin,Repeat,29 day,0,mg/kg,Control,ciprofloxacin_Control_29 day,569,73,203.0,165,0.3,0.06,199,19.0,0.4,142.0,4.2,104.0,11.3,8.3,6.6,4.2,1.8,53.0,26.0,76.0,1.0,715.0,14.3,43.1,60.3,20.0,33.2,3.3,128.8,125.0,10.0,1.0,0.0,4.0,85.0,11.1,16.2,242.0
313_4_5,313,4,5,ciprofloxacin,Repeat,29 day,0,mg/kg,Control,ciprofloxacin_Control_29 day,509,61,65.0,125,0.32,0.06,204,16.0,0.3,139.0,3.7,107.0,10.3,7.6,6.5,3.9,1.5,57.0,31.0,106.0,2.0,794.0,15.2,45.7,57.5,19.2,33.4,1.9,106.9,134.0,13.0,1.0,0.0,3.0,84.0,11.5,18.3,236.0
315_1_1,315,1,1,tacrine,Repeat,4 day,0,mg/kg,Control,tacrine_Control_4 day,1668,79,162.0,173,0.02,0.0,208,18.0,0.2,142.0,4.3,105.0,11.2,7.2,5.6,3.2,1.3,78.0,48.0,284.0,1.0,606.0,13.1,37.3,61.6,21.6,35.0,7.3,143.4,107.9,16.0,1.0,0.0,3.0,78.0,16.5,21.5,310.0
315_1_2,315,1,2,tacrine,Repeat,4 day,0,mg/kg,Control,tacrine_Control_4 day,1566,79,125.0,166,0.01,0.0,171,17.0,0.2,143.0,4.4,107.0,10.7,6.5,5.4,3.1,1.3,87.0,56.0,275.0,1.0,676.0,13.6,39.0,57.8,20.1,34.8,5.4,110.7,109.8,15.0,1.0,0.0,2.0,81.0,17.0,21.4,280.0
315_1_3,315,1,3,tacrine,Repeat,4 day,0,mg/kg,Control,tacrine_Control_4 day,1516,80,89.0,154,0.01,0.0,219,17.0,0.2,143.0,4.2,108.0,10.6,7.3,5.4,2.9,1.2,84.0,58.0,196.0,1.0,623.0,13.7,38.7,62.0,22.0,35.5,6.7,125.4,101.7,14.0,1.0,0.0,3.0,81.0,17.1,21.2,315.0
315_1_4,315,1,4,tacrine,Repeat,4 day,0,mg/kg,Control,tacrine_Control_4 day,2400,62,155.0,160,0.01,0.01,206,19.0,0.2,144.0,4.5,108.0,11.1,7.8,5.8,3.4,1.4,75.0,52.0,214.0,1.0,654.0,13.8,39.8,60.9,21.1,34.7,5.9,123.5,100.8,16.0,1.0,0.0,4.0,79.0,16.3,20.1,303.0
315_1_5,315,1,5,tacrine,Repeat,4 day,0,mg/kg,Control,tacrine_Control_4 day,1179,64,133.0,139,0.0,0.0,197,16.0,0.2,142.0,4.8,108.0,10.8,8.0,5.7,3.0,1.1,71.0,44.0,351.0,1.0,650.0,13.6,38.9,59.8,20.9,34.9,6.7,126.1,121.8,13.0,2.0,0.0,3.0,81.0,17.0,21.3,312.0
315_2_1,315,2,1,tacrine,Repeat,8 day,0,mg/kg,Control,tacrine_Control_8 day,1600,84,128.0,156,0.01,0.0,196,21.0,0.2,141.0,4.4,105.0,10.7,7.1,5.6,3.0,1.2,70.0,35.0,205.0,1.0,634.0,13.4,38.3,60.3,21.1,34.9,6.5,123.5,167.7,14.0,1.0,0.0,2.0,82.0,16.1,23.2,271.0
315_2_2,315,2,2,tacrine,Repeat,8 day,0,mg/kg,Control,tacrine_Control_8 day,1376,79,83.0,143,0.01,0.0,185,14.0,0.2,143.0,4.0,108.0,10.5,7.0,5.4,2.8,1.1,66.0,35.0,147.0,1.0,653.0,13.8,39.1,59.8,21.2,35.4,5.4,121.4,123.8,10.0,1.0,0.0,3.0,85.0,17.2,20.6,300.0
315_2_3,315,2,3,tacrine,Repeat,8 day,0,mg/kg,Control,tacrine_Control_8 day,1133,60,112.0,126,0.02,0.0,192,15.0,0.2,142.0,4.2,108.0,10.3,7.5,5.1,2.7,1.1,64.0,29.0,133.0,1.0,608.0,13.3,38.0,62.4,21.9,35.0,5.3,124.3,97.9,11.0,1.0,0.0,2.0,85.0,16.5,22.3,254.0
315_2_4,315,2,4,tacrine,Repeat,8 day,0,mg/kg,Control,tacrine_Control_8 day,1771,67,114.0,156,0.02,0.0,188,18.0,0.2,143.0,4.0,108.0,10.7,7.2,5.5,3.1,1.3,76.0,45.0,207.0,1.0,675.0,13.5,38.1,56.3,19.9,35.4,4.2,121.1,196.7,12.0,1.0,0.0,2.0,85.0,16.3,20.2,291.0
315_2_5,315,2,5,tacrine,Repeat,8 day,0,mg/kg,Control,tacrine_Control_8 day,1660,98,113.0,188,0.02,0.0,197,16.0,0.2,141.0,4.3,108.0,10.5,6.7,5.6,2.9,1.1,62.0,36.0,172.0,1.0,627.0,13.6,38.6,61.6,21.7,35.2,6.2,122.6,126.4,8.0,1.0,0.0,2.0,88.0,15.4,21.5,329.0
315_3_1,315,3,1,tacrine,Repeat,15 day,0,mg/kg,Control,tacrine_Control_15 day,2416,79,154.0,155,0.02,0.0,186,23.0,0.2,142.0,4.2,109.0,10.6,6.5,6.2,3.4,1.3,75.0,50.0,240.0,1.0,716.0,14.7,42.1,58.9,20.6,34.9,4.2,114.4,91.8,11.0,0.0,0.0,2.0,86.0,16.0,23.4,334.0
315_3_3,315,3,3,tacrine,Repeat,15 day,0,mg/kg,Control,tacrine_Control_15 day,1139,88,110.0,165,0.01,0.0,189,20.0,0.2,143.0,3.7,108.0,10.7,5.8,5.9,3.3,1.3,70.0,32.0,177.0,1.0,734.0,15.7,43.5,59.2,21.4,36.1,3.2,116.2,77.6,17.0,1.0,0.0,3.0,79.0,15.7,23.0,315.0
315_3_4,315,3,4,tacrine,Repeat,15 day,0,mg/kg,Control,tacrine_Control_15 day,1365,89,107.0,181,0.03,0.0,222,20.0,0.2,142.0,3.6,105.0,10.7,7.1,6.0,3.4,1.3,77.0,49.0,182.0,1.0,711.0,14.8,42.4,59.6,20.8,34.9,4.7,110.9,88.9,15.0,1.0,0.0,3.0,81.0,15.2,22.8,314.0
315_3_5,315,3,5,tacrine,Repeat,15 day,0,mg/kg,Control,tacrine_Control_15 day,1390,82,81.0,155,0.0,0.0,184,18.0,0.2,143.0,4.1,110.0,10.6,6.9,6.0,3.3,1.3,77.0,42.0,151.0,2.0,744.0,15.1,43.8,58.9,20.3,34.5,4.3,112.7,88.7,21.0,1.0,0.0,3.0,74.0,15.6,22.9,329.0
315_4_1,315,4,1,tacrine,Repeat,29 day,0,mg/kg,Control,tacrine_Control_29 day,874,65,151.0,146,0.01,0.0,176,21.0,0.3,142.0,4.0,104.0,10.7,6.3,6.2,3.3,1.2,67.0,44.0,207.0,1.0,775.0,16.5,41.7,53.8,21.3,39.6,2.9,126.4,112.9,16.0,1.0,0.0,1.0,80.0,15.6,24.3,306.0
315_4_2,315,4,2,tacrine,Repeat,29 day,0,mg/kg,Control,tacrine_Control_29 day,1055,72,176.0,148,0.0,0.0,198,17.0,0.2,141.0,3.9,105.0,10.7,5.9,6.2,3.0,0.9,53.0,35.0,121.0,1.0,738.0,15.9,41.5,56.2,21.5,38.2,3.1,114.1,74.6,17.0,1.0,0.0,2.0,80.0,16.5,21.7,346.0
315_4_3,315,4,3,tacrine,Repeat,29 day,0,mg/kg,Control,tacrine_Control_29 day,1103,75,100.0,153,0.02,0.0,185,18.0,0.2,142.0,4.1,105.0,10.4,6.0,6.0,3.2,1.1,58.0,29.0,107.0,1.0,753.0,14.8,40.7,54.1,19.7,36.4,3.1,98.0,131.0,8.0,0.0,0.0,1.0,89.0,16.1,20.2,348.0
315_4_4,315,4,4,tacrine,Repeat,29 day,0,mg/kg,Control,tacrine_Control_29 day,1618,83,132.0,172,0.0,0.0,204,18.0,0.2,142.0,4.2,107.0,10.9,5.3,6.2,3.2,1.1,61.0,39.0,123.0,1.0,777.0,15.3,41.5,53.5,19.7,36.9,1.9,106.3,124.3,8.0,1.0,0.0,2.0,88.0,16.2,23.6,310.0
315_4_5,315,4,5,tacrine,Repeat,29 day,0,mg/kg,Control,tacrine_Control_29 day,1247,82,164.0,169,0.0,0.0,196,19.0,0.2,141.0,4.3,105.0,10.8,5.8,6.3,3.2,1.0,69.0,46.0,268.0,1.0,717.0,15.6,42.3,59.0,21.8,36.9,3.5,130.4,98.5,16.0,2.0,0.0,2.0,80.0,15.5,25.7,295.0
317_1_1,317,1,1,moxisylyte,Repeat,4 day,0,mg/kg,Control,moxisylyte_Control_4 day,1378,83,108.0,168,0.03,0.0,184,14.0,0.1,142.0,3.7,105.0,11.0,8.0,5.8,3.2,1.3,65.0,51.0,148.0,1.0,649.0,13.6,39.4,60.8,21.0,34.6,7.8,107.8,104.7,11.0,1.0,0.0,2.0,85.0,16.7,22.1,329.0
317_1_2,317,1,2,moxisylyte,Repeat,4 day,0,mg/kg,Control,moxisylyte_Control_4 day,1378,75,118.0,164,0.01,0.01,171,18.0,0.2,142.0,4.5,106.0,10.6,6.0,5.6,3.1,1.2,68.0,36.0,218.0,1.0,650.0,13.9,39.0,60.0,21.3,35.6,4.5,102.5,86.1,11.0,1.0,0.0,2.0,84.0,16.8,21.7,317.0
317_1_3,317,1,3,moxisylyte,Repeat,4 day,0,mg/kg,Control,moxisylyte_Control_4 day,1876,68,83.0,148,0.01,0.0,155,20.0,0.2,143.0,4.3,109.0,10.7,6.5,5.9,3.1,1.2,77.0,40.0,258.0,1.0,683.0,14.0,39.7,58.2,20.5,35.2,4.3,108.8,71.6,15.0,1.0,0.0,3.0,80.0,17.0,21.9,340.0
317_1_4,317,1,4,moxisylyte,Repeat,4 day,0,mg/kg,Control,moxisylyte_Control_4 day,1325,83,73.0,147,0.02,0.0,196,15.0,0.2,142.0,4.3,106.0,11.0,6.7,5.5,2.9,1.1,73.0,50.0,176.0,1.0,652.0,13.6,39.4,60.4,20.9,34.6,8.6,123.1,126.9,23.0,1.0,0.0,3.0,71.0,15.6,18.0,327.0
317_1_5,317,1,5,moxisylyte,Repeat,4 day,0,mg/kg,Control,moxisylyte_Control_4 day,1406,70,103.0,144,0.0,0.01,201,19.0,0.2,143.0,4.2,107.0,10.7,7.6,5.6,3.1,1.3,69.0,37.0,213.0,1.0,643.0,13.3,38.7,60.1,20.7,34.4,5.7,139.8,121.3,11.0,1.0,0.0,2.0,86.0,16.5,22.3,324.0
317_2_1,317,2,1,moxisylyte,Repeat,8 day,0,mg/kg,Control,moxisylyte_Control_8 day,1583,71,174.0,158,0.0,0.0,190,18.0,0.2,143.0,3.8,107.0,10.6,6.7,5.5,3.0,1.2,64.0,32.0,161.0,1.0,732.0,14.7,42.1,57.5,20.1,34.9,3.2,108.0,78.9,16.0,1.0,0.0,2.0,80.0,15.9,22.5,278.0
317_2_2,317,2,2,moxisylyte,Repeat,8 day,0,mg/kg,Control,moxisylyte_Control_8 day,2315,76,133.0,155,0.0,0.0,192,18.0,0.2,141.0,4.6,104.0,10.8,6.7,5.1,2.8,1.3,81.0,48.0,263.0,2.0,614.0,12.9,36.8,60.0,20.9,34.9,6.2,126.0,79.3,8.0,0.0,0.0,1.0,89.0,15.7,21.8,277.0
317_2_3,317,2,3,moxisylyte,Repeat,8 day,0,mg/kg,Control,moxisylyte_Control_8 day,1905,79,109.0,160,0.01,0.0,185,18.0,0.2,143.0,4.4,108.0,10.8,6.4,5.6,3.2,1.3,82.0,42.0,218.0,2.0,602.0,13.0,37.1,61.6,21.5,34.9,6.6,123.7,61.7,12.0,1.0,0.0,2.0,84.0,15.3,22.7,340.0
317_2_4,317,2,4,moxisylyte,Repeat,8 day,0,mg/kg,Control,moxisylyte_Control_8 day,1171,60,158.0,148,0.0,0.0,192,18.0,0.2,143.0,4.0,106.0,10.6,6.4,5.7,3.0,1.1,68.0,43.0,296.0,1.0,708.0,14.5,41.2,58.2,20.4,35.1,4.6,128.5,75.7,25.0,1.0,0.0,3.0,71.0,15.8,25.6,298.0
317_2_5,317,2,5,moxisylyte,Repeat,8 day,0,mg/kg,Control,moxisylyte_Control_8 day,1326,75,116.0,155,0.01,0.0,187,18.0,0.2,143.0,3.8,108.0,10.7,7.3,5.3,3.1,1.4,61.0,37.0,158.0,1.0,628.0,12.9,37.8,60.2,20.6,34.1,5.0,111.9,83.9,14.0,0.0,0.0,2.0,83.0,15.3,21.8,280.0
317_3_1,317,3,1,moxisylyte,Repeat,15 day,0,mg/kg,Control,moxisylyte_Control_15 day,2371,85,162.0,174,0.03,0.0,217,19.0,0.2,141.0,4.2,105.0,10.7,6.4,5.8,3.2,1.2,76.0,44.0,191.0,1.0,695.0,14.7,41.6,59.8,21.1,35.3,5.0,126.4,102.9,17.0,1.0,0.0,2.0,79.0,16.0,21.3,342.0
317_3_2,317,3,2,moxisylyte,Repeat,15 day,0,mg/kg,Control,moxisylyte_Control_15 day,1332,65,137.0,138,0.0,0.0,190,16.0,0.2,140.0,4.6,104.0,10.4,7.4,5.7,2.8,1.0,63.0,39.0,175.0,2.0,733.0,16.4,42.2,57.6,22.4,38.9,5.2,119.7,132.1,9.0,1.0,0.0,2.0,87.0,16.2,23.6,294.0
317_3_3,317,3,3,moxisylyte,Repeat,15 day,0,mg/kg,Control,moxisylyte_Control_15 day,1268,68,97.0,143,0.0,0.0,196,22.0,0.2,143.0,3.9,108.0,10.6,4.9,5.8,3.2,1.2,66.0,38.0,157.0,1.0,739.0,15.9,43.0,58.2,21.5,36.9,4.4,112.0,150.0,21.0,1.0,0.0,2.0,75.0,16.2,24.2,293.0
317_3_4,317,3,4,moxisylyte,Repeat,15 day,0,mg/kg,Control,moxisylyte_Control_15 day,2301,65,74.0,122,0.0,0.0,190,21.0,0.2,142.0,4.3,107.0,10.9,6.0,5.6,3.0,1.2,78.0,41.0,168.0,2.0,679.0,14.6,40.3,59.4,21.5,36.2,4.4,114.4,98.7,18.0,1.0,0.0,2.0,77.0,16.2,22.7,298.0
317_3_5,317,3,5,moxisylyte,Repeat,15 day,0,mg/kg,Control,moxisylyte_Control_15 day,1274,94,103.0,165,0.01,0.0,195,22.0,0.2,141.0,4.0,107.0,10.7,5.5,5.8,3.1,1.1,74.0,38.0,163.0,1.0,650.0,13.9,38.9,59.8,21.4,35.8,6.0,117.6,141.2,17.0,1.0,0.0,2.0,79.0,15.8,21.3,314.0
317_4_1,317,4,1,moxisylyte,Repeat,29 day,0,mg/kg,Control,moxisylyte_Control_29 day,989,53,73.0,113,0.0,0.01,205,16.0,0.2,141.0,4.1,106.0,10.0,5.9,5.7,2.8,1.0,76.0,41.0,200.0,1.0,718.0,14.0,39.4,55.0,19.6,35.6,3.0,93.5,104.6,14.0,1.0,0.0,2.0,81.0,16.3,23.0,322.0
317_4_3,317,4,3,moxisylyte,Repeat,29 day,0,mg/kg,Control,moxisylyte_Control_29 day,1146,87,182.0,178,0.0,0.0,225,23.0,0.3,140.0,4.5,102.0,10.5,7.3,6.1,3.2,1.1,101.0,59.0,561.0,2.0,750.0,14.6,40.9,54.5,19.5,35.7,3.6,99.4,134.4,11.0,1.0,0.0,1.0,86.0,15.6,25.0,317.0
317_4_4,317,4,4,moxisylyte,Repeat,29 day,0,mg/kg,Control,moxisylyte_Control_29 day,876,61,141.0,131,0.0,0.0,186,16.0,0.3,142.0,4.1,107.0,10.2,6.7,6.1,3.0,1.0,66.0,36.0,136.0,1.0,766.0,14.7,41.2,53.8,19.2,35.6,2.9,118.1,98.2,12.0,1.0,0.0,2.0,84.0,16.3,25.8,317.0
317_4_5,317,4,5,moxisylyte,Repeat,29 day,0,mg/kg,Control,moxisylyte_Control_29 day,1115,57,70.0,115,0.01,0.0,190,15.0,0.2,141.0,3.8,103.0,10.5,7.6,5.8,3.1,1.1,83.0,54.0,147.0,2.0,730.0,14.2,40.6,55.6,19.4,34.9,2.9,91.0,139.6,17.0,1.0,0.0,2.0,78.0,15.6,22.2,327.0
324_1_1,324,1,1,chloramphenicol,Repeat,4 day,0,mg/kg,Control,chloramphenicol_Control_4 day,1748,84,96.0,159,0.05,0.02,208,16.0,0.2,139.0,3.8,103.0,11.2,7.6,5.6,2.6,0.9,72.0,43.0,77.0,1.0,624.0,13.2,40.6,65.1,21.1,32.4,7.4,94.9,83.6,20.0,1.0,0.0,3.0,75.0,14.4,18.6,255.0
324_1_2,324,1,2,chloramphenicol,Repeat,4 day,0,mg/kg,Control,chloramphenicol_Control_4 day,1403,63,137.0,128,0.05,0.03,185,17.0,0.2,139.0,4.7,106.0,11.3,6.6,5.8,2.7,0.9,60.0,36.0,61.0,1.0,607.0,13.0,39.7,65.4,21.4,32.7,6.4,108.4,81.2,17.0,1.0,0.0,2.0,80.0,14.4,17.5,269.0
324_1_3,324,1,3,chloramphenicol,Repeat,4 day,0,mg/kg,Control,chloramphenicol_Control_4 day,1397,86,111.0,159,0.05,0.02,186,14.0,0.2,139.0,4.2,105.0,11.4,5.9,5.8,2.7,0.9,68.0,54.0,64.0,1.0,612.0,13.3,41.4,67.7,21.8,32.1,7.5,118.4,80.6,25.0,1.0,0.0,5.0,69.0,14.3,17.3,270.0
324_1_4,324,1,4,chloramphenicol,Repeat,4 day,0,mg/kg,Control,chloramphenicol_Control_4 day,2065,81,156.0,163,0.05,0.02,185,14.0,0.2,143.0,3.9,107.0,11.3,7.0,5.8,2.6,0.8,62.0,39.0,72.0,1.0,565.0,12.7,39.1,69.3,22.5,32.5,7.4,107.0,63.5,33.0,1.0,0.0,3.0,62.0,14.5,16.2,280.0
324_1_5,324,1,5,chloramphenicol,Repeat,4 day,0,mg/kg,Control,chloramphenicol_Control_4 day,1897,78,138.0,161,0.04,0.02,170,14.0,0.2,142.0,4.1,104.0,11.3,8.2,5.7,2.7,0.9,70.0,48.0,130.0,2.0,648.0,13.4,41.3,63.7,20.7,32.5,6.3,120.4,82.5,24.0,2.0,0.0,2.0,72.0,14.6,16.0,278.0
324_2_1,324,2,1,chloramphenicol,Repeat,8 day,0,mg/kg,Control,chloramphenicol_Control_8 day,2075,86,176.0,173,0.06,0.03,193,15.0,0.2,142.0,3.7,105.0,11.3,7.4,6.0,2.8,0.9,72.0,49.0,68.0,1.0,628.0,13.6,42.2,67.3,21.7,32.3,6.1,145.8,130.7,13.0,0.0,0.0,2.0,84.0,13.7,19.2,320.0
324_2_2,324,2,2,chloramphenicol,Repeat,8 day,0,mg/kg,Control,chloramphenicol_Control_8 day,1729,94,229.0,189,0.05,0.03,197,16.0,0.2,143.0,4.1,108.0,11.2,7.4,5.7,2.6,0.8,73.0,42.0,51.0,1.0,660.0,13.7,41.4,62.8,20.7,33.0,5.7,134.4,67.5,18.0,1.0,0.0,2.0,78.0,13.5,16.2,254.0
324_2_3,324,2,3,chloramphenicol,Repeat,8 day,0,mg/kg,Control,chloramphenicol_Control_8 day,1567,73,87.0,154,0.04,0.02,181,16.0,0.2,143.0,4.0,106.0,11.2,7.7,5.9,2.7,0.8,67.0,40.0,91.0,2.0,652.0,14.6,43.9,67.3,22.4,33.2,5.0,130.8,120.6,15.0,1.0,0.0,3.0,80.0,14.3,18.1,268.0
324_2_4,324,2,4,chloramphenicol,Repeat,8 day,0,mg/kg,Control,chloramphenicol_Control_8 day,1727,67,105.0,142,0.05,0.02,172,14.0,0.2,144.0,3.9,107.0,11.2,7.5,5.8,2.7,0.9,70.0,48.0,54.0,1.0,678.0,13.9,43.3,63.8,20.5,32.2,5.2,132.1,86.6,27.0,1.0,0.0,3.0,69.0,14.4,17.8,249.0
324_2_5,324,2,5,chloramphenicol,Repeat,8 day,0,mg/kg,Control,chloramphenicol_Control_8 day,2098,75,105.0,153,0.06,0.02,201,16.0,0.2,144.0,3.8,106.0,11.6,7.4,6.0,2.8,0.9,65.0,43.0,57.0,1.0,585.0,12.8,39.4,67.3,21.8,32.4,6.1,115.6,55.0,18.0,1.0,0.0,3.0,78.0,14.5,16.7,283.0
324_3_1,324,3,1,chloramphenicol,Repeat,15 day,0,mg/kg,Control,chloramphenicol_Control_15 day,1598,54,160.0,134,0.05,0.02,190,18.0,0.2,141.0,4.6,107.0,10.7,5.6,5.7,2.6,0.8,62.0,30.0,52.0,1.0,760.0,15.3,46.5,61.1,20.1,32.8,3.1,136.9,92.3,16.0,1.0,0.0,2.0,81.0,14.8,16.4,270.0
324_3_2,324,3,2,chloramphenicol,Repeat,15 day,0,mg/kg,Control,chloramphenicol_Control_15 day,1209,73,121.0,152,0.04,0.02,203,19.0,0.2,143.0,4.8,107.0,11.3,6.4,6.0,2.7,0.8,64.0,44.0,55.0,1.0,710.0,14.2,43.8,61.7,20.0,32.4,4.2,115.8,88.0,18.0,1.0,0.0,3.0,76.0,14.4,16.9,303.0
324_3_3,324,3,3,chloramphenicol,Repeat,15 day,0,mg/kg,Control,chloramphenicol_Control_15 day,1215,60,125.0,150,0.06,0.02,190,17.0,0.2,144.0,4.4,108.0,10.9,7.3,5.8,2.6,0.8,67.0,39.0,69.0,1.0,715.0,14.7,45.8,64.1,20.5,32.0,3.8,95.9,112.3,16.0,1.0,0.0,2.0,81.0,14.7,18.2,233.0
324_3_4,324,3,4,chloramphenicol,Repeat,15 day,0,mg/kg,Control,chloramphenicol_Control_15 day,1444,70,164.0,152,0.05,0.02,163,17.0,0.2,142.0,4.7,107.0,11.4,6.7,6.1,2.7,0.8,62.0,36.0,57.0,1.0,698.0,14.4,42.9,61.4,20.6,33.5,4.2,122.1,67.6,20.0,1.0,0.0,2.0,77.0,14.9,16.4,259.0
324_3_5,324,3,5,chloramphenicol,Repeat,15 day,0,mg/kg,Control,chloramphenicol_Control_15 day,1865,61,378.0,170,0.05,0.04,192,15.0,0.2,145.0,4.1,107.0,11.4,6.6,6.2,2.7,0.8,63.0,37.0,62.0,1.0,694.0,14.2,43.7,63.0,20.4,32.4,3.8,141.2,92.4,20.0,1.0,0.0,2.0,77.0,15.0,16.5,295.0
324_4_1,324,4,1,chloramphenicol,Repeat,29 day,0,mg/kg,Control,chloramphenicol_Control_29 day,1309,60,151.0,130,0.06,0.01,199,13.0,0.2,143.0,3.3,103.0,10.7,5.9,6.4,2.8,0.8,57.0,31.0,42.0,1.0,814.0,16.4,48.9,60.1,20.2,33.6,2.1,100.2,68.4,12.0,1.0,0.0,1.0,85.0,15.2,19.7,246.0
324_4_2,324,4,2,chloramphenicol,Repeat,29 day,0,mg/kg,Control,chloramphenicol_Control_29 day,1115,65,128.0,132,0.05,0.02,174,19.0,0.3,144.0,4.0,106.0,11.1,6.3,6.4,2.7,0.7,70.0,38.0,65.0,1.0,804.0,16.1,46.7,58.0,20.0,34.4,2.0,83.5,83.7,21.0,2.0,0.0,2.0,75.0,15.0,17.6,271.0
324_4_3,324,4,3,chloramphenicol,Repeat,29 day,0,mg/kg,Control,chloramphenicol_Control_29 day,942,58,152.0,137,0.06,0.02,173,19.0,0.2,143.0,3.6,104.0,11.0,6.3,6.2,2.7,0.8,57.0,36.0,42.0,1.0,747.0,15.5,44.9,60.1,20.8,34.6,2.0,96.1,77.9,20.0,1.0,0.0,2.0,75.0,14.6,18.7,246.0
324_4_4,324,4,4,chloramphenicol,Repeat,29 day,0,mg/kg,Control,chloramphenicol_Control_29 day,974,65,91.0,134,0.04,0.02,232,15.0,0.3,146.0,3.7,105.0,11.2,6.4,6.2,2.8,0.8,55.0,40.0,35.0,1.0,759.0,14.5,42.4,55.8,19.1,34.1,2.3,105.4,73.3,18.0,2.0,0.0,2.0,78.0,14.6,18.0,275.0
324_4_5,324,4,5,chloramphenicol,Repeat,29 day,0,mg/kg,Control,chloramphenicol_Control_29 day,1108,82,161.0,174,0.06,0.02,189,19.0,0.2,143.0,4.1,104.0,11.1,6.0,6.3,2.7,0.8,61.0,37.0,52.0,1.0,741.0,14.8,42.5,57.4,20.0,34.9,2.4,84.4,93.6,21.0,2.0,0.0,2.0,74.0,14.7,17.3,257.0
326_1_1,326,1,1,nitrofurazone,Repeat,4 day,0,mg/kg,Control,nitrofurazone_Control_4 day,1773,106,44.0,155,0.04,0.01,186,14.0,0.2,137.0,4.3,105.0,10.9,7.4,5.3,2.5,0.9,83.0,45.0,89.0,1.0,626.0,12.5,38.3,61.1,19.9,32.6,8.7,105.7,110.0,15.0,1.0,0.0,3.0,80.0,14.8,14.8,287.0
326_1_2,326,1,2,nitrofurazone,Repeat,4 day,0,mg/kg,Control,nitrofurazone_Control_4 day,1900,87,232.0,182,0.05,0.02,187,16.0,0.2,141.0,4.1,105.0,11.7,8.9,5.6,2.5,0.8,77.0,57.0,68.0,1.0,600.0,12.9,39.4,65.7,21.5,32.7,10.1,99.8,84.9,17.0,0.0,0.0,2.0,80.0,14.4,14.7,281.0
326_1_3,326,1,3,nitrofurazone,Repeat,4 day,0,mg/kg,Control,nitrofurazone_Control_4 day,2093,89,75.0,153,0.05,0.02,169,17.0,0.2,143.0,4.4,106.0,11.5,7.6,5.5,2.6,0.9,76.0,50.0,90.0,1.0,624.0,13.0,39.9,63.9,20.9,32.7,8.7,111.2,65.9,12.0,1.0,0.0,3.0,84.0,14.6,16.0,243.0
326_1_4,326,1,4,nitrofurazone,Repeat,4 day,0,mg/kg,Control,nitrofurazone_Control_4 day,2265,96,75.0,162,0.05,0.01,180,17.0,0.2,143.0,4.4,108.0,11.3,7.4,5.6,2.6,0.9,70.0,44.0,70.0,1.0,608.0,13.1,39.5,65.0,21.5,33.0,8.8,103.0,56.7,16.0,1.0,0.0,3.0,80.0,14.1,15.1,278.0
326_1_5,326,1,5,nitrofurazone,Repeat,4 day,0,mg/kg,Control,nitrofurazone_Control_4 day,2704,84,78.0,154,0.04,0.02,169,16.0,0.2,144.0,4.7,107.0,11.8,8.4,5.8,2.7,0.9,85.0,60.0,78.0,1.0,615.0,13.1,40.7,66.1,21.3,32.2,8.1,136.4,67.0,15.0,0.0,0.0,2.0,81.0,14.7,12.3,308.0
326_2_1,326,2,1,nitrofurazone,Repeat,8 day,0,mg/kg,Control,nitrofurazone_Control_8 day,1633,86,81.0,148,0.05,0.03,193,15.0,0.2,141.0,3.8,105.0,10.9,7.1,5.7,2.7,0.9,76.0,53.0,100.0,1.0,659.0,13.5,39.8,60.3,20.5,34.0,5.8,105.5,167.8,18.0,1.0,1.0,2.0,78.0,14.4,16.1,285.0
326_2_2,326,2,2,nitrofurazone,Repeat,8 day,0,mg/kg,Control,nitrofurazone_Control_8 day,1525,71,104.0,134,0.05,0.02,179,15.0,0.2,140.0,3.8,102.0,11.0,7.4,5.5,2.5,0.8,62.0,39.0,54.0,1.0,645.0,13.3,39.2,60.9,20.6,33.9,6.5,121.6,82.1,23.0,1.0,0.0,3.0,73.0,14.5,18.9,251.0
326_2_3,326,2,3,nitrofurazone,Repeat,8 day,0,mg/kg,Control,nitrofurazone_Control_8 day,1521,68,147.0,156,0.05,0.02,188,18.0,0.2,141.0,3.9,105.0,11.1,7.4,5.7,2.7,0.9,68.0,47.0,69.0,1.0,620.0,13.4,39.7,64.0,21.7,33.9,7.4,115.0,96.3,20.0,1.0,0.0,4.0,74.0,14.5,17.1,255.0
326_2_4,326,2,4,nitrofurazone,Repeat,8 day,0,mg/kg,Control,nitrofurazone_Control_8 day,2483,82,68.0,152,0.06,0.02,208,15.0,0.2,143.0,3.4,102.0,11.7,7.4,5.7,2.6,0.8,69.0,47.0,58.0,1.0,618.0,13.0,39.4,63.7,21.0,32.9,7.9,112.8,55.5,23.0,1.0,0.0,5.0,71.0,14.3,16.0,291.0
326_2_5,326,2,5,nitrofurazone,Repeat,8 day,0,mg/kg,Control,nitrofurazone_Control_8 day,2000,74,66.0,142,0.06,0.02,213,15.0,0.2,143.0,3.3,106.0,11.5,8.0,5.6,2.5,0.8,70.0,43.0,64.0,1.0,640.0,13.7,41.6,65.0,21.5,33.0,7.6,107.9,79.0,17.0,1.0,0.0,2.0,79.0,14.4,16.3,258.0
326_3_1,326,3,1,nitrofurazone,Repeat,15 day,0,mg/kg,Control,nitrofurazone_Control_15 day,1283,75,143.0,153,0.05,0.01,209,19.0,0.2,141.0,4.3,104.0,10.8,7.4,5.8,2.6,0.8,72.0,46.0,66.0,1.0,642.0,13.0,40.0,62.3,20.3,32.5,6.4,119.8,110.4,21.0,1.0,0.0,2.0,75.0,14.2,11.8,310.0
326_3_2,326,3,2,nitrofurazone,Repeat,15 day,0,mg/kg,Control,nitrofurazone_Control_15 day,1295,88,102.0,173,0.04,0.01,231,19.0,0.2,143.0,3.9,105.0,10.9,8.4,5.9,2.7,0.8,53.0,40.0,68.0,1.0,638.0,13.7,41.9,65.7,21.5,32.8,6.1,105.5,98.6,14.0,0.0,0.0,2.0,82.0,14.1,14.9,291.0
326_3_3,326,3,3,nitrofurazone,Repeat,15 day,0,mg/kg,Control,nitrofurazone_Control_15 day,1488,77,134.0,151,0.06,0.02,187,15.0,0.2,143.0,3.7,106.0,11.0,6.7,5.9,2.6,0.8,67.0,43.0,59.0,1.0,658.0,13.7,42.6,64.8,20.9,32.2,5.6,106.8,58.0,19.0,1.0,0.0,2.0,77.0,14.5,16.0,305.0
326_3_4,326,3,4,nitrofurazone,Repeat,15 day,0,mg/kg,Control,nitrofurazone_Control_15 day,1436,73,109.0,157,0.04,0.01,186,16.0,0.2,143.0,3.7,104.0,11.4,8.3,5.8,2.7,0.9,68.0,41.0,68.0,2.0,623.0,13.1,39.6,63.5,20.9,33.0,5.8,120.0,128.2,20.0,1.0,1.0,2.0,76.0,14.5,15.0,287.0
326_3_5,326,3,5,nitrofurazone,Repeat,15 day,0,mg/kg,Control,nitrofurazone_Control_15 day,1548,83,107.0,165,0.04,0.01,164,18.0,0.2,144.0,4.4,108.0,10.9,6.8,5.8,2.6,0.8,68.0,47.0,89.0,1.0,725.0,14.5,43.1,59.5,20.0,33.7,4.6,155.7,61.5,17.0,1.0,0.0,2.0,79.0,14.7,14.0,322.0
326_4_1,326,4,1,nitrofurazone,Repeat,29 day,0,mg/kg,Control,nitrofurazone_Control_29 day,1099,54,159.0,129,0.06,0.01,203,18.0,0.2,146.0,3.4,100.0,10.8,6.2,5.9,2.6,0.8,53.0,30.0,66.0,1.0,752.0,14.6,43.3,57.6,19.4,33.6,2.6,117.4,92.8,16.0,2.0,0.0,2.0,80.0,15.3,15.3,279.0
326_4_2,326,4,2,nitrofurazone,Repeat,29 day,0,mg/kg,Control,nitrofurazone_Control_29 day,1136,58,181.0,145,0.07,0.02,195,19.0,0.2,145.0,3.4,103.0,11.1,7.5,6.4,2.9,0.8,63.0,41.0,89.0,1.0,743.0,14.8,43.8,59.0,19.9,33.7,3.7,122.0,70.7,20.0,1.0,0.0,2.0,76.0,14.9,16.6,307.0
326_4_3,326,4,3,nitrofurazone,Repeat,29 day,0,mg/kg,Control,nitrofurazone_Control_29 day,1180,70,98.0,145,0.07,0.01,166,14.0,0.3,144.0,3.5,106.0,10.6,6.2,6.2,2.8,0.8,66.0,35.0,44.0,1.0,767.0,15.3,45.4,59.2,19.9,33.7,2.8,83.5,78.2,18.0,1.0,0.0,1.0,79.0,14.5,16.1,264.0
326_4_4,326,4,4,nitrofurazone,Repeat,29 day,0,mg/kg,Control,nitrofurazone_Control_29 day,1135,59,191.0,146,0.07,0.02,187,16.0,0.2,145.0,3.8,106.0,10.8,7.0,6.0,2.7,0.8,60.0,36.0,53.0,1.0,804.0,15.1,44.5,55.4,18.7,33.8,1.7,106.0,74.4,18.0,1.0,0.0,2.0,78.0,14.9,16.2,276.0
326_4_5,326,4,5,nitrofurazone,Repeat,29 day,0,mg/kg,Control,nitrofurazone_Control_29 day,999,62,98.0,133,0.07,0.01,209,16.0,0.2,146.0,2.9,105.0,11.2,7.8,6.1,2.7,0.8,70.0,48.0,54.0,0.0,770.0,15.3,45.3,58.9,19.8,33.7,2.3,96.1,57.6,25.0,1.0,0.0,2.0,72.0,15.1,16.6,252.0
346_1_1,346,1,1,ibuprofen,Repeat,4 day,0,mg/kg,Control,ibuprofen_Control_4 day,1740,62,121.0,128,0.01,0.0,183,15.0,0.2,143.0,3.7,107.0,11.0,6.7,5.7,3.1,1.2,84.0,47.0,179.0,1.0,601.0,13.4,38.4,63.8,22.3,34.9,5.6,101.7,123.7,10.0,1.0,0.0,2.0,87.0,15.8,18.8,312.0
346_1_2,346,1,2,ibuprofen,Repeat,4 day,0,mg/kg,Control,ibuprofen_Control_4 day,2160,71,72.0,140,0.0,0.0,196,19.0,0.2,140.0,4.6,105.0,10.8,6.8,5.3,3.0,1.3,77.0,40.0,157.0,1.0,602.0,13.4,38.9,64.5,22.2,34.4,6.0,102.6,85.7,12.0,1.0,0.0,3.0,83.0,16.1,22.2,259.0
346_1_3,346,1,3,ibuprofen,Repeat,4 day,0,mg/kg,Control,ibuprofen_Control_4 day,1337,77,89.0,148,0.0,0.0,206,18.0,0.2,141.0,4.5,106.0,10.8,7.9,5.4,3.1,1.3,78.0,40.0,336.0,1.0,620.0,13.8,39.3,63.4,22.3,35.1,6.3,115.5,134.8,24.0,1.0,0.0,4.0,70.0,15.3,20.7,275.0
346_1_4,346,1,4,ibuprofen,Repeat,4 day,0,mg/kg,Control,ibuprofen_Control_4 day,1898,90,68.0,158,0.02,0.0,215,17.0,0.2,142.0,3.7,106.0,11.2,8.8,5.6,3.1,1.3,72.0,45.0,196.0,1.0,560.0,12.7,37.1,66.2,22.6,34.2,8.4,115.3,101.2,22.0,1.0,0.0,3.0,73.0,15.3,21.5,287.0
346_1_5,346,1,5,ibuprofen,Repeat,4 day,0,mg/kg,Control,ibuprofen_Control_4 day,1353,85,70.0,144,0.0,0.0,200,17.0,0.1,141.0,4.1,104.0,11.1,8.2,5.3,2.9,1.2,72.0,52.0,172.0,2.0,582.0,12.9,38.3,65.8,22.2,33.8,7.1,123.2,105.8,11.0,1.0,0.0,2.0,86.0,15.1,18.9,284.0
346_2_1,346,2,1,ibuprofen,Repeat,8 day,0,mg/kg,Control,ibuprofen_Control_8 day,1641,69,74.0,126,0.01,0.0,172,18.0,0.2,140.0,3.6,104.0,10.6,7.1,5.6,3.2,1.3,78.0,48.0,161.0,3.0,614.0,13.2,37.5,61.0,21.5,35.3,6.3,123.4,85.1,16.0,1.0,0.0,2.0,81.0,15.7,20.9,303.0
346_2_2,346,2,2,ibuprofen,Repeat,8 day,0,mg/kg,Control,ibuprofen_Control_8 day,1588,74,138.0,154,0.0,0.0,180,20.0,0.2,139.0,4.2,102.0,10.9,8.1,5.7,3.2,1.3,71.0,40.0,167.0,3.0,609.0,13.3,37.5,61.5,21.7,35.3,6.7,113.9,143.0,15.0,1.0,0.0,3.0,80.0,16.3,22.2,301.0
346_2_3,346,2,3,ibuprofen,Repeat,8 day,0,mg/kg,Control,ibuprofen_Control_8 day,1580,77,93.0,141,0.0,0.0,175,18.0,0.2,139.0,4.6,104.0,10.2,8.5,5.4,3.0,1.2,82.0,55.0,172.0,3.0,616.0,12.4,35.9,58.2,20.2,34.7,6.6,108.3,115.9,20.0,1.0,0.0,3.0,74.0,16.0,22.2,301.0
346_2_4,346,2,4,ibuprofen,Repeat,8 day,0,mg/kg,Control,ibuprofen_Control_8 day,1987,60,93.0,113,0.0,0.0,188,18.0,0.2,138.0,4.4,104.0,10.2,7.0,5.2,2.9,1.3,81.0,55.0,199.0,1.0,575.0,13.1,37.8,65.7,22.8,34.8,6.9,144.2,169.7,16.0,0.0,0.0,2.0,81.0,16.5,19.4,287.0
346_2_5,346,2,5,ibuprofen,Repeat,8 day,0,mg/kg,Control,ibuprofen_Control_8 day,2919,76,106.0,147,0.01,0.0,181,19.0,0.2,137.0,4.4,102.0,10.7,7.5,5.7,3.3,1.3,71.0,36.0,152.0,3.0,609.0,13.3,37.9,62.3,21.9,35.1,7.0,129.2,116.1,12.0,1.0,0.0,2.0,84.0,15.8,22.6,272.0
346_3_1,346,3,1,ibuprofen,Repeat,15 day,0,mg/kg,Control,ibuprofen_Control_15 day,1170,77,105.0,162,0.01,0.0,203,21.0,0.2,141.0,3.9,102.0,10.8,8.3,6.0,3.2,1.2,62.0,34.0,126.0,2.0,685.0,14.1,40.9,59.6,20.6,34.6,4.9,121.5,133.1,8.0,1.0,0.0,1.0,88.0,15.3,23.5,348.0
346_3_2,346,3,2,ibuprofen,Repeat,15 day,0,mg/kg,Control,ibuprofen_Control_15 day,1603,94,158.0,196,0.02,0.0,199,20.0,0.2,139.0,4.2,104.0,11.2,8.1,6.1,3.2,1.1,58.0,40.0,128.0,2.0,664.0,14.4,41.9,63.1,21.7,34.3,5.5,116.5,91.6,14.0,0.0,0.0,3.0,81.0,16.0,24.7,376.0
346_3_3,346,3,3,ibuprofen,Repeat,15 day,0,mg/kg,Control,ibuprofen_Control_15 day,1565,72,62.0,131,0.01,0.0,172,15.0,0.2,141.0,3.9,105.0,10.5,7.4,5.8,3.0,1.1,71.0,36.0,130.0,2.0,719.0,14.5,41.1,57.3,20.2,35.4,3.6,93.0,82.3,16.0,1.0,0.0,1.0,81.0,16.5,23.0,325.0
346_3_4,346,3,4,ibuprofen,Repeat,15 day,0,mg/kg,Control,ibuprofen_Control_15 day,1246,60,88.0,125,0.01,0.0,219,21.0,0.2,141.0,4.4,107.0,10.4,7.3,5.5,2.8,1.0,71.0,36.0,103.0,2.0,701.0,14.5,42.1,60.0,20.7,34.5,4.6,100.9,103.5,7.0,1.0,0.0,2.0,88.0,16.4,23.9,356.0
346_3_5,346,3,5,ibuprofen,Repeat,15 day,0,mg/kg,Control,ibuprofen_Control_15 day,1542,64,104.0,131,0.01,0.0,209,19.0,0.2,141.0,4.1,107.0,10.8,7.2,5.5,2.9,1.1,67.0,41.0,105.0,3.0,662.0,13.6,39.5,59.7,20.6,34.5,5.9,147.0,111.8,13.0,0.0,0.0,3.0,81.0,15.7,25.4,371.0
346_4_1,346,4,1,ibuprofen,Repeat,29 day,0,mg/kg,Control,ibuprofen_Control_29 day,1168,71,180.0,149,0.0,0.0,190,23.0,0.2,141.0,4.4,103.0,11.0,7.0,6.2,3.0,0.9,79.0,42.0,235.0,2.0,726.0,14.2,41.5,57.2,19.5,34.1,2.9,101.7,108.7,10.0,1.0,0.0,2.0,87.0,16.1,21.2,378.0
346_4_2,346,4,2,ibuprofen,Repeat,29 day,0,mg/kg,Control,ibuprofen_Control_29 day,1236,67,111.0,142,0.01,0.0,202,19.0,0.2,142.0,4.0,105.0,10.4,6.6,6.2,3.4,1.2,66.0,34.0,140.0,4.0,789.0,15.1,44.3,56.2,19.2,34.1,2.9,104.9,133.4,12.0,1.0,0.0,2.0,84.0,17.3,22.2,331.0
346_4_3,346,4,3,ibuprofen,Repeat,29 day,0,mg/kg,Control,ibuprofen_Control_29 day,1114,62,192.0,150,0.0,0.0,182,22.0,0.2,142.0,3.7,105.0,10.9,5.7,6.2,3.2,1.1,59.0,33.0,156.0,3.0,789.0,15.4,44.5,56.3,19.6,34.7,2.3,126.4,110.3,7.0,1.0,0.0,1.0,89.0,17.4,20.5,336.0
346_4_4,346,4,4,ibuprofen,Repeat,29 day,0,mg/kg,Control,ibuprofen_Control_29 day,1299,63,147.0,139,0.0,0.0,202,19.0,0.2,139.0,4.6,106.0,10.8,5.8,5.9,3.1,1.1,60.0,32.0,169.0,3.0,752.0,14.4,41.7,55.4,19.1,34.5,2.8,106.4,95.7,13.0,1.0,0.0,3.0,81.0,17.0,20.9,324.0
346_4_5,346,4,5,ibuprofen,Repeat,29 day,0,mg/kg,Control,ibuprofen_Control_29 day,1138,70,89.0,143,0.0,0.0,204,23.0,0.2,140.0,3.9,105.0,10.6,6.4,6.1,3.3,1.2,67.0,35.0,153.0,3.0,785.0,14.8,42.8,54.6,18.8,34.5,2.8,103.5,88.2,14.0,2.0,0.0,3.0,81.0,16.5,24.5,332.0
348_1_1,348,1,1,naproxen,Repeat,4 day,0,mg/kg,Control,naproxen_Control_4 day,1532,89,108.0,168,0.01,0.0,192,19.0,0.2,141.0,4.8,105.0,11.0,8.1,5.7,3.2,1.3,61.0,34.0,204.0,1.0,614.0,13.3,38.6,62.8,21.6,34.4,5.5,113.7,90.8,13.0,1.0,0.0,1.0,84.0,15.1,22.2,294.0
348_1_2,348,1,2,naproxen,Repeat,4 day,0,mg/kg,Control,naproxen_Control_4 day,1541,86,99.0,147,0.01,0.0,186,17.0,0.1,141.0,4.5,108.0,10.5,7.4,5.6,3.2,1.4,71.0,40.0,236.0,2.0,624.0,13.3,39.2,62.8,21.4,34.0,6.1,148.2,152.1,12.0,1.0,0.0,1.0,85.0,15.3,21.9,297.0
348_1_3,348,1,3,naproxen,Repeat,4 day,0,mg/kg,Control,naproxen_Control_4 day,1303,67,88.0,131,0.0,0.0,193,14.0,0.2,143.0,4.2,106.0,10.5,7.8,5.5,3.1,1.3,73.0,44.0,188.0,2.0,636.0,13.8,39.6,62.1,21.6,34.8,6.7,115.7,110.4,7.0,1.0,0.0,2.0,89.0,15.2,21.8,294.0
348_1_4,348,1,4,naproxen,Repeat,4 day,0,mg/kg,Control,naproxen_Control_4 day,1274,94,91.0,158,0.02,0.0,220,18.0,0.2,140.0,4.3,104.0,11.3,8.3,5.6,3.1,1.3,67.0,36.0,193.0,2.0,603.0,12.5,37.8,62.7,20.8,33.2,7.6,119.9,108.3,9.0,1.0,0.0,2.0,86.0,15.3,20.1,329.0
348_1_5,348,1,5,naproxen,Repeat,4 day,0,mg/kg,Control,naproxen_Control_4 day,1715,77,73.0,136,0.0,0.0,199,17.0,0.2,141.0,4.2,106.0,10.5,8.4,5.7,3.0,1.1,85.0,48.0,224.0,1.0,671.0,14.6,42.9,63.9,21.8,34.1,6.3,109.7,90.6,13.0,1.0,0.0,3.0,82.0,15.9,22.0,322.0
348_2_1,348,2,1,naproxen,Repeat,8 day,0,mg/kg,Control,naproxen_Control_8 day,1724,79,98.0,150,0.0,0.0,205,19.0,0.2,140.0,4.2,105.0,10.7,7.7,5.6,2.9,1.1,72.0,38.0,214.0,3.0,658.0,13.5,39.1,59.5,20.5,34.5,4.8,139.4,83.9,10.0,0.0,0.0,2.0,87.0,16.1,19.5,312.0
348_2_2,348,2,2,naproxen,Repeat,8 day,0,mg/kg,Control,naproxen_Control_8 day,1616,73,109.0,149,0.0,0.0,194,19.0,0.1,141.0,4.0,107.0,11.0,7.3,5.8,3.2,1.3,67.0,45.0,166.0,3.0,611.0,13.2,38.5,63.0,21.6,34.4,6.8,118.3,128.6,15.0,1.0,0.0,3.0,80.0,16.3,20.2,373.0
348_2_3,348,2,3,naproxen,Repeat,8 day,0,mg/kg,Control,naproxen_Control_8 day,1653,59,121.0,131,0.0,0.0,193,19.0,0.2,140.0,4.3,108.0,10.7,6.5,5.8,3.2,1.2,77.0,41.0,211.0,2.0,660.0,13.8,39.8,60.3,21.0,34.8,4.9,122.2,106.5,23.0,1.0,0.0,4.0,72.0,17.0,18.5,334.0
348_2_4,348,2,4,naproxen,Repeat,8 day,0,mg/kg,Control,naproxen_Control_8 day,1536,64,111.0,145,0.01,0.0,210,20.0,0.1,140.0,4.5,109.0,10.9,6.9,5.3,3.0,1.3,71.0,32.0,198.0,2.0,661.0,13.8,39.2,59.3,20.9,35.2,4.8,109.6,113.9,24.0,1.0,0.0,3.0,72.0,16.0,19.6,312.0
348_2_5,348,2,5,naproxen,Repeat,8 day,0,mg/kg,Control,naproxen_Control_8 day,1413,92,124.0,173,0.01,0.0,201,19.0,0.1,140.0,4.2,106.0,11.2,6.6,5.9,3.4,1.3,72.0,43.0,175.0,2.0,634.0,14.3,41.0,64.7,22.5,34.8,6.1,117.3,108.6,18.0,1.0,0.0,2.0,79.0,16.3,19.8,342.0
348_3_1,348,3,1,naproxen,Repeat,15 day,0,mg/kg,Control,naproxen_Control_15 day,1242,65,225.0,156,0.01,0.0,208,16.0,0.2,141.0,4.2,105.0,10.7,7.6,5.7,3.1,1.2,57.0,31.0,166.0,4.0,652.0,14.2,40.8,62.5,21.8,34.9,4.9,116.0,83.2,12.0,1.0,0.0,3.0,83.0,16.2,23.8,354.0
348_3_2,348,3,2,naproxen,Repeat,15 day,0,mg/kg,Control,naproxen_Control_15 day,1386,69,82.0,136,0.0,0.0,192,18.0,0.2,143.0,3.9,107.0,10.6,7.4,5.4,2.8,1.1,66.0,39.0,164.0,3.0,681.0,14.8,43.4,63.8,21.7,34.1,4.2,114.4,154.0,18.0,1.0,0.0,2.0,78.0,16.5,23.3,277.0
348_3_3,348,3,3,naproxen,Repeat,15 day,0,mg/kg,Control,naproxen_Control_15 day,1157,74,99.0,140,0.0,0.0,187,15.0,0.2,140.0,4.1,105.0,10.6,7.2,5.6,3.1,1.2,73.0,40.0,187.0,3.0,652.0,13.6,39.1,59.9,20.8,34.7,5.1,115.4,66.2,12.0,1.0,0.0,2.0,85.0,16.3,21.3,380.0
348_3_4,348,3,4,naproxen,Repeat,15 day,0,mg/kg,Control,naproxen_Control_15 day,1210,66,111.0,134,0.0,0.0,202,19.0,0.2,140.0,3.8,106.0,10.9,6.9,5.7,3.0,1.1,78.0,45.0,312.0,3.0,688.0,14.4,41.6,60.4,20.9,34.6,4.7,105.8,95.2,17.0,1.0,0.0,3.0,78.0,15.9,21.9,325.0
348_3_5,348,3,5,naproxen,Repeat,15 day,0,mg/kg,Control,naproxen_Control_15 day,1596,54,93.0,117,0.0,0.0,189,20.0,0.2,141.0,3.7,106.0,10.9,6.7,5.8,3.3,1.3,68.0,30.0,190.0,2.0,707.0,14.7,42.4,59.9,20.8,34.7,3.2,113.9,82.1,11.0,1.0,0.0,1.0,86.0,16.6,18.8,301.0
348_4_1,348,4,1,naproxen,Repeat,29 day,0,mg/kg,Control,naproxen_Control_29 day,723,65,183.0,144,0.01,0.0,201,17.0,0.2,141.0,4.2,104.0,10.4,6.5,6.1,3.2,1.1,53.0,33.0,110.0,3.0,763.0,14.6,42.9,56.2,19.1,34.0,2.5,101.4,124.2,12.0,1.0,0.0,2.0,84.0,16.9,22.3,346.0
348_4_2,348,4,2,naproxen,Repeat,29 day,0,mg/kg,Control,naproxen_Control_29 day,1193,65,221.0,158,0.0,0.0,235,22.0,0.2,141.0,4.3,104.0,10.6,6.4,6.1,3.2,1.1,67.0,38.0,149.0,3.0,799.0,15.4,44.8,56.1,19.2,34.3,2.6,101.8,123.1,11.0,1.0,0.0,2.0,86.0,16.7,20.7,367.0
348_4_3,348,4,3,naproxen,Repeat,29 day,0,mg/kg,Control,naproxen_Control_29 day,1546,69,97.0,131,0.03,0.0,245,18.0,0.2,142.0,3.6,105.0,10.3,6.9,5.9,3.1,1.2,64.0,38.0,174.0,3.0,802.0,14.6,43.1,53.7,18.2,33.9,3.2,124.6,110.2,15.0,1.0,0.0,2.0,82.0,16.9,27.5,342.0
348_4_4,348,4,4,naproxen,Repeat,29 day,0,mg/kg,Control,naproxen_Control_29 day,1038,64,173.0,145,0.0,0.0,179,22.0,0.2,141.0,4.4,105.0,10.2,6.5,5.8,3.1,1.2,66.0,36.0,182.0,3.0,724.0,14.7,42.6,58.9,20.3,34.5,2.7,97.2,91.4,10.0,1.0,0.0,2.0,86.0,17.2,25.9,298.0
348_4_5,348,4,5,naproxen,Repeat,29 day,0,mg/kg,Control,naproxen_Control_29 day,1257,81,107.0,158,0.02,0.0,258,20.0,0.1,143.0,4.3,104.0,10.5,6.7,6.1,3.2,1.1,63.0,49.0,158.0,2.0,843.0,15.4,46.1,54.7,18.3,33.4,2.7,106.6,102.3,9.0,1.0,0.0,2.0,86.0,15.7,23.4,320.0
350_1_1,350,1,1,quinidine,Repeat,4 day,0,mg/kg,Control,quinidine_Control_4 day,2092,78,125.0,152,0.0,0.0,196,18.0,0.1,141.0,4.4,107.0,10.8,7.3,5.2,2.8,1.2,71.0,44.0,156.0,2.0,623.0,13.3,39.8,63.9,21.4,33.5,7.4,113.0,117.9,15.0,1.0,0.0,3.0,79.0,15.7,18.6,279.0
350_1_2,350,1,2,quinidine,Repeat,4 day,0,mg/kg,Control,quinidine_Control_4 day,1338,71,118.0,144,0.0,0.0,206,19.0,0.1,139.0,4.6,106.0,10.5,6.4,5.3,3.0,1.2,73.0,39.0,178.0,1.0,622.0,12.6,37.8,60.7,20.2,33.3,7.0,144.8,82.3,17.0,1.0,0.0,2.0,78.0,16.4,21.5,277.0
350_1_3,350,1,3,quinidine,Repeat,4 day,0,mg/kg,Control,quinidine_Control_4 day,1540,65,118.0,139,0.0,0.0,213,17.0,0.1,138.0,4.6,104.0,10.7,7.3,5.4,3.1,1.3,72.0,47.0,251.0,1.0,582.0,12.3,37.0,63.6,21.1,33.2,8.9,132.8,106.6,13.0,1.0,0.0,2.0,83.0,16.3,20.0,280.0
350_1_4,350,1,4,quinidine,Repeat,4 day,0,mg/kg,Control,quinidine_Control_4 day,1372,80,56.0,139,0.02,0.0,204,16.0,0.1,140.0,4.0,104.0,10.7,7.3,5.6,2.9,1.0,89.0,56.0,233.0,2.0,607.0,12.3,37.1,61.1,20.3,33.1,5.4,131.8,179.3,13.0,1.0,0.0,3.0,83.0,16.0,24.3,286.0
350_1_5,350,1,5,quinidine,Repeat,4 day,0,mg/kg,Control,quinidine_Control_4 day,2188,54,65.0,113,0.03,0.01,185,16.0,0.2,141.0,3.9,105.0,10.6,7.7,5.6,3.1,1.2,73.0,43.0,220.0,1.0,606.0,13.3,39.4,65.1,21.9,33.6,6.8,116.8,76.4,14.0,1.0,0.0,2.0,82.0,16.3,20.9,294.0
350_2_1,350,2,1,quinidine,Repeat,8 day,0,mg/kg,Control,quinidine_Control_8 day,1688,104,126.0,200,0.0,0.0,194,19.0,0.1,141.0,4.6,105.0,10.7,8.0,5.6,2.9,1.1,75.0,46.0,231.0,3.0,670.0,14.0,41.4,61.8,20.8,33.7,6.8,130.5,95.4,27.0,1.0,0.0,3.0,67.0,15.7,23.2,284.0
350_2_2,350,2,2,quinidine,Repeat,8 day,0,mg/kg,Control,quinidine_Control_8 day,1529,61,121.0,131,0.0,0.0,196,18.0,0.1,140.0,4.5,104.0,10.7,7.9,5.6,3.2,1.3,73.0,40.0,198.0,3.0,598.0,13.2,39.6,66.3,22.1,33.4,7.6,116.0,87.0,11.0,1.0,0.0,2.0,86.0,15.9,20.6,282.0
350_2_3,350,2,3,quinidine,Repeat,8 day,0,mg/kg,Control,quinidine_Control_8 day,1695,63,130.0,138,0.0,0.0,206,14.0,0.1,142.0,3.9,107.0,10.4,6.7,5.7,3.0,1.1,71.0,40.0,174.0,2.0,615.0,13.7,39.9,64.9,22.3,34.4,6.4,132.2,72.7,16.0,1.0,0.0,2.0,80.0,16.4,20.0,295.0
350_2_4,350,2,4,quinidine,Repeat,8 day,0,mg/kg,Control,quinidine_Control_8 day,1624,76,110.0,149,0.0,0.0,218,13.0,0.1,142.0,4.1,107.0,10.4,7.3,5.5,2.9,1.1,68.0,43.0,275.0,2.0,628.0,13.3,40.5,64.5,21.2,32.8,6.1,128.1,148.4,8.0,0.0,0.0,2.0,88.0,15.7,22.9,297.0
350_2_5,350,2,5,quinidine,Repeat,8 day,0,mg/kg,Control,quinidine_Control_8 day,1823,81,132.0,152,0.01,0.0,215,18.0,0.1,141.0,4.7,107.0,10.0,6.8,5.8,3.0,1.0,73.0,44.0,183.0,2.0,655.0,13.1,39.5,60.3,20.0,33.2,6.1,143.9,68.4,17.0,1.0,0.0,2.0,79.0,15.6,20.7,297.0
350_3_1,350,3,1,quinidine,Repeat,15 day,0,mg/kg,Control,quinidine_Control_15 day,1694,72,139.0,149,0.0,0.0,187,15.0,0.2,145.0,4.2,110.0,10.4,6.6,5.6,3.0,1.1,72.0,45.0,161.0,2.0,679.0,14.2,41.3,60.8,20.9,34.3,4.9,117.4,99.7,12.0,0.0,0.0,2.0,84.0,15.9,24.1,293.0
350_3_2,350,3,2,quinidine,Repeat,15 day,0,mg/kg,Control,quinidine_Control_15 day,2149,86,115.0,170,0.0,0.0,198,19.0,0.1,142.0,4.6,104.0,10.7,8.6,5.9,2.9,1.0,78.0,49.0,205.0,3.0,634.0,13.3,39.1,61.7,21.1,34.2,5.4,111.7,124.1,11.0,1.0,0.0,2.0,85.0,16.3,22.4,301.0
350_3_3,350,3,3,quinidine,Repeat,15 day,0,mg/kg,Control,quinidine_Control_15 day,1914,54,106.0,120,0.0,0.0,188,16.0,0.1,142.0,4.0,110.0,10.5,7.1,5.7,3.0,1.1,73.0,42.0,159.0,3.0,729.0,14.4,43.1,59.1,19.7,33.3,4.2,116.5,129.0,15.0,1.0,0.0,2.0,79.0,16.4,23.1,295.0
350_3_4,350,3,4,quinidine,Repeat,15 day,0,mg/kg,Control,quinidine_Control_15 day,1225,74,139.0,143,0.0,0.0,195,19.0,0.1,142.0,4.7,110.0,10.6,7.4,5.7,3.1,1.2,78.0,41.0,396.0,3.0,623.0,12.9,38.1,61.2,20.7,33.9,5.3,130.0,124.0,13.0,0.0,0.0,2.0,83.0,16.2,24.5,334.0
350_3_5,350,3,5,quinidine,Repeat,15 day,0,mg/kg,Control,quinidine_Control_15 day,1152,76,94.0,139,0.0,0.0,186,23.0,0.2,141.0,4.2,108.0,10.7,6.8,6.0,2.9,0.9,64.0,38.0,127.0,2.0,631.0,13.1,37.6,59.7,20.7,34.7,4.9,135.6,105.8,20.0,1.0,0.0,4.0,74.0,16.2,22.4,317.0
350_4_1,350,4,1,quinidine,Repeat,29 day,0,mg/kg,Control,quinidine_Control_29 day,1023,71,256.0,164,0.0,0.0,220,21.0,0.2,140.0,4.4,103.0,10.7,6.8,6.2,3.2,1.0,57.0,36.0,125.0,3.0,718.0,14.4,42.3,59.0,20.0,33.9,3.2,92.8,100.0,17.0,1.0,0.0,3.0,78.0,16.5,23.9,322.0
350_4_2,350,4,2,quinidine,Repeat,29 day,0,mg/kg,Control,quinidine_Control_29 day,1324,73,208.0,164,0.0,0.0,213,19.0,0.2,139.0,4.3,102.0,10.5,7.3,5.9,2.9,1.0,58.0,47.0,136.0,3.0,754.0,14.6,42.8,56.7,19.3,34.1,3.4,108.4,154.8,18.0,1.0,0.0,3.0,77.0,16.0,24.5,329.0
350_4_3,350,4,3,quinidine,Repeat,29 day,0,mg/kg,Control,quinidine_Control_29 day,1649,60,195.0,134,0.0,0.0,191,20.0,0.2,140.0,4.3,106.0,10.1,6.9,5.8,2.8,0.9,69.0,45.0,260.0,3.0,740.0,14.1,40.2,54.4,19.1,35.1,3.0,88.1,141.3,14.0,1.0,0.0,3.0,81.0,16.5,22.3,340.0
350_4_4,350,4,4,quinidine,Repeat,29 day,0,mg/kg,Control,quinidine_Control_29 day,1171,74,261.0,174,0.0,0.0,212,20.0,0.2,140.0,3.9,104.0,10.2,7.0,6.0,3.0,1.0,74.0,51.0,353.0,3.0,769.0,15.0,43.3,56.2,19.6,34.8,2.9,85.0,172.0,12.0,0.0,0.0,1.0,86.0,16.8,26.2,340.0
350_4_5,350,4,5,quinidine,Repeat,29 day,0,mg/kg,Control,quinidine_Control_29 day,1087,106,116.0,182,0.03,0.0,191,18.0,0.2,140.0,3.8,102.0,10.5,7.1,6.2,3.1,1.0,84.0,46.0,303.0,2.0,726.0,14.1,40.4,55.7,19.4,34.9,2.3,92.5,140.0,16.0,1.0,0.0,3.0,79.0,15.8,24.5,309.0
370_1_1,370,1,1,hydroxyzine,Repeat,4 day,0,mg/kg,Control,hydroxyzine_Control_4 day,1474,76,95.0,160,0.06,0.01,178,15.0,0.2,140.0,4.2,104.0,10.8,7.1,5.7,2.6,0.8,64.0,52.0,86.0,0.0,599.0,13.1,39.3,65.5,21.9,33.5,8.8,118.6,84.5,20.0,1.0,0.0,3.0,75.0,15.2,15.9,281.0
370_1_2,370,1,2,hydroxyzine,Repeat,4 day,0,mg/kg,Control,hydroxyzine_Control_4 day,1583,72,121.0,143,0.05,0.02,186,17.0,0.2,142.0,4.1,105.0,11.0,7.4,5.6,2.6,0.9,68.0,39.0,69.0,1.0,598.0,12.4,37.7,63.0,20.8,33.0,8.2,122.8,76.4,15.0,1.0,0.0,3.0,80.0,15.8,16.5,252.0
370_1_3,370,1,3,hydroxyzine,Repeat,4 day,0,mg/kg,Control,hydroxyzine_Control_4 day,2124,75,90.0,152,0.05,0.01,192,15.0,0.2,145.0,4.1,108.0,10.9,8.1,5.8,2.7,0.9,64.0,36.0,181.0,1.0,620.0,13.1,40.3,65.0,21.2,32.6,7.4,138.4,76.6,20.0,1.0,0.0,4.0,74.0,15.5,15.9,281.0
370_1_4,370,1,4,hydroxyzine,Repeat,4 day,0,mg/kg,Control,hydroxyzine_Control_4 day,1682,71,86.0,152,0.05,0.01,199,17.0,0.2,144.0,3.9,105.0,11.1,9.3,6.0,2.8,0.9,74.0,51.0,74.0,1.0,619.0,13.2,39.6,64.1,21.3,33.2,6.8,107.5,93.2,27.0,1.0,0.0,4.0,68.0,16.3,15.7,249.0
370_1_5,370,1,5,hydroxyzine,Repeat,4 day,0,mg/kg,Control,hydroxyzine_Control_4 day,1401,71,58.0,135,0.05,0.01,179,17.0,0.2,145.0,3.9,107.0,10.5,8.8,5.6,2.6,0.9,74.0,53.0,49.0,1.0,616.0,12.6,38.0,61.7,20.5,33.2,6.2,99.5,57.0,21.0,1.0,0.0,2.0,76.0,15.7,13.7,255.0
370_2_1,370,2,1,hydroxyzine,Repeat,8 day,0,mg/kg,Control,hydroxyzine_Control_8 day,2001,79,118.0,169,0.05,0.02,203,17.0,0.2,142.0,3.9,103.0,11.0,7.7,5.7,2.6,0.8,64.0,40.0,83.0,1.0,660.0,14.1,42.9,65.0,21.4,32.8,6.2,114.1,97.7,13.0,1.0,0.0,3.0,83.0,15.4,16.1,242.0
370_2_2,370,2,2,hydroxyzine,Repeat,8 day,0,mg/kg,Control,hydroxyzine_Control_8 day,1922,73,113.0,154,0.05,0.02,194,16.0,0.2,143.0,3.8,106.0,11.0,7.5,5.9,2.8,0.9,71.0,44.0,62.0,1.0,667.0,13.9,41.0,61.4,20.8,33.8,6.0,109.4,66.6,17.0,1.0,0.0,2.0,79.0,15.0,15.9,252.0
370_2_3,370,2,3,hydroxyzine,Repeat,8 day,0,mg/kg,Control,hydroxyzine_Control_8 day,1094,86,101.0,171,0.06,0.02,187,16.0,0.2,142.0,4.2,105.0,11.2,7.6,5.7,2.6,0.8,66.0,35.0,67.0,1.0,648.0,13.2,40.2,62.1,20.4,32.8,6.4,110.8,95.9,18.0,1.0,0.0,3.0,76.0,15.6,19.1,290.0
370_2_4,370,2,4,hydroxyzine,Repeat,8 day,0,mg/kg,Control,hydroxyzine_Control_8 day,1460,89,125.0,172,0.06,0.01,198,15.0,0.2,145.0,3.9,105.0,11.0,9.2,5.7,2.6,0.8,71.0,42.0,81.0,0.0,616.0,13.4,40.2,65.2,21.8,33.4,6.1,108.8,72.4,10.0,1.0,0.0,2.0,86.0,15.7,16.3,288.0
370_2_5,370,2,5,hydroxyzine,Repeat,8 day,0,mg/kg,Control,hydroxyzine_Control_8 day,1646,93,58.0,167,0.05,0.01,183,19.0,0.2,144.0,4.1,107.0,10.9,8.0,5.9,2.7,0.8,70.0,47.0,49.0,1.0,606.0,13.5,40.0,66.0,22.2,33.7,5.8,123.2,77.8,24.0,1.0,0.0,2.0,72.0,15.5,16.7,339.0
370_3_1,370,3,1,hydroxyzine,Repeat,15 day,0,mg/kg,Control,hydroxyzine_Control_15 day,1594,74,172.0,160,0.06,0.03,172,16.0,0.2,140.0,4.1,102.0,10.7,8.0,6.0,2.7,0.8,68.0,42.0,79.0,0.0,691.0,14.3,42.5,61.4,20.6,33.6,6.0,116.4,147.2,14.0,1.0,0.0,2.0,82.0,15.3,15.8,288.0
370_3_2,370,3,2,hydroxyzine,Repeat,15 day,0,mg/kg,Control,hydroxyzine_Control_15 day,1373,82,128.0,163,0.05,0.02,210,15.0,0.2,143.0,4.4,105.0,10.5,6.6,6.0,2.7,0.8,56.0,33.0,120.0,1.0,656.0,14.2,41.9,64.0,21.6,33.8,4.1,101.2,102.9,19.0,1.0,0.0,3.0,76.0,15.3,15.3,289.0
370_3_3,370,3,3,hydroxyzine,Repeat,15 day,0,mg/kg,Control,hydroxyzine_Control_15 day,1409,69,141.0,138,0.05,0.02,187,17.0,0.2,142.0,3.7,105.0,10.6,6.8,6.1,2.7,0.8,62.0,42.0,73.0,0.0,713.0,14.5,42.8,60.0,20.3,33.8,4.1,120.9,95.6,19.0,1.0,0.0,3.0,77.0,15.3,17.3,300.0
370_3_4,370,3,4,hydroxyzine,Repeat,15 day,0,mg/kg,Control,hydroxyzine_Control_15 day,1546,69,65.0,134,0.07,0.01,203,16.0,0.2,142.0,3.5,104.0,10.6,7.8,6.0,2.7,0.8,72.0,38.0,82.0,1.0,641.0,13.5,38.2,59.7,21.1,35.4,5.5,129.2,99.3,28.0,1.0,0.0,3.0,67.0,15.9,17.4,258.0
370_3_5,370,3,5,hydroxyzine,Repeat,15 day,0,mg/kg,Control,hydroxyzine_Control_15 day,1328,71,126.0,161,0.05,0.02,179,17.0,0.2,142.0,4.2,103.0,10.8,7.6,6.5,2.9,0.8,55.0,48.0,119.0,1.0,710.0,14.2,42.3,59.5,20.0,33.6,4.1,115.4,80.4,21.0,1.0,0.0,3.0,75.0,15.6,18.7,325.0
370_4_1,370,4,1,hydroxyzine,Repeat,29 day,0,mg/kg,Control,hydroxyzine_Control_29 day,896,68,184.0,150,0.05,0.02,214,18.0,0.3,141.0,3.8,104.0,10.3,6.7,6.0,2.7,0.8,71.0,43.0,86.0,1.0,767.0,14.6,42.4,55.3,19.0,34.3,2.4,125.4,106.0,18.0,1.0,0.0,2.0,78.0,15.5,15.6,291.0
370_4_2,370,4,2,hydroxyzine,Repeat,29 day,0,mg/kg,Control,hydroxyzine_Control_29 day,904,71,159.0,142,0.05,0.02,179,17.0,0.2,145.0,3.9,106.0,10.8,6.7,6.3,2.7,0.8,61.0,37.0,64.0,1.0,729.0,14.3,41.1,56.4,19.6,34.8,2.6,108.2,92.9,15.0,1.0,0.0,2.0,81.0,16.2,18.0,275.0
370_4_3,370,4,3,hydroxyzine,Repeat,29 day,0,mg/kg,Control,hydroxyzine_Control_29 day,1288,78,121.0,156,0.05,0.02,169,15.0,0.2,143.0,4.4,107.0,10.6,6.3,6.3,2.8,0.8,58.0,31.0,192.0,0.0,761.0,15.0,43.4,57.0,19.6,34.5,2.8,114.2,75.9,19.0,2.0,0.0,2.0,77.0,15.4,39.7,295.0
370_4_4,370,4,4,hydroxyzine,Repeat,29 day,0,mg/kg,Control,hydroxyzine_Control_29 day,879,67,179.0,158,0.05,0.01,183,19.0,0.2,144.0,4.3,107.0,10.7,6.4,6.2,2.7,0.8,60.0,36.0,202.0,0.0,779.0,15.5,44.1,56.6,19.9,35.1,1.6,88.8,126.4,15.0,1.0,0.0,2.0,81.0,15.8,34.0,314.0
370_4_5,370,4,5,hydroxyzine,Repeat,29 day,0,mg/kg,Control,hydroxyzine_Control_29 day,996,57,163.0,140,0.06,0.01,188,15.0,0.2,141.0,4.3,106.0,10.7,6.8,6.5,2.9,0.8,56.0,33.0,50.0,0.0,796.0,16.1,46.2,58.1,20.2,34.8,2.4,91.5,98.3,15.0,1.0,1.0,2.0,81.0,16.6,25.8,304.0
380_1_1,380,1,1,famotidine,Repeat,4 day,0,mg/kg,Control,famotidine_Control_4 day,1166,83,85.0,146,0.14,0.09,217,14.0,0.4,138.0,4.1,101.0,10.6,7.5,5.4,3.1,1.3,64.0,31.0,192.0,1.0,638.0,13.7,38.6,60.5,21.4,35.4,5.9,138.1,102.1,20.0,1.0,0.0,3.0,75.0,12.0,19.9,205.0
380_1_2,380,1,2,famotidine,Repeat,4 day,0,mg/kg,Control,famotidine_Control_4 day,842,68,118.0,140,0.17,0.13,180,17.0,0.4,139.0,4.1,103.0,10.6,6.2,5.6,3.4,1.5,63.0,32.0,164.0,1.0,596.0,13.4,37.0,62.1,22.5,36.2,5.8,119.7,96.7,16.0,1.0,0.0,2.0,79.0,11.5,19.7,212.0
380_1_3,380,1,3,famotidine,Repeat,4 day,0,mg/kg,Control,famotidine_Control_4 day,1156,77,89.0,138,0.15,0.08,178,14.0,0.4,139.0,4.1,101.0,10.7,7.6,5.4,3.3,1.6,72.0,42.0,274.0,1.0,562.0,13.2,36.0,64.0,23.5,36.7,6.5,117.3,64.9,17.0,1.0,0.0,5.0,75.0,12.0,18.3,249.0
380_1_4,380,1,4,famotidine,Repeat,4 day,0,mg/kg,Control,famotidine_Control_4 day,754,92,49.0,155,0.13,0.07,191,11.0,0.4,142.0,3.6,106.0,10.6,7.3,5.7,3.6,1.7,58.0,22.0,180.0,1.0,627.0,13.6,38.2,60.9,21.7,35.6,4.9,118.5,41.3,24.0,1.0,0.0,3.0,70.0,11.8,20.5,219.0
380_1_5,380,1,5,famotidine,Repeat,4 day,0,mg/kg,Control,famotidine_Control_4 day,1080,63,51.0,119,0.12,0.06,187,13.0,0.4,141.0,3.7,105.0,10.9,7.2,5.6,3.4,1.5,64.0,30.0,160.0,1.0,600.0,13.6,37.1,61.8,22.7,36.7,5.6,132.0,70.7,26.0,1.0,0.0,3.0,70.0,11.7,18.9,222.0
380_2_1,380,2,1,famotidine,Repeat,8 day,0,mg/kg,Control,famotidine_Control_8 day,1160,81,136.0,176,0.16,0.11,229,20.0,0.4,139.0,4.8,101.0,11.0,7.0,5.6,3.3,1.4,85.0,45.0,255.0,1.0,613.0,13.6,38.4,62.7,22.2,35.4,4.6,133.6,88.9,17.0,1.0,0.0,3.0,78.0,11.5,20.6,234.0
380_2_2,380,2,2,famotidine,Repeat,8 day,0,mg/kg,Control,famotidine_Control_8 day,1108,87,116.0,168,0.16,0.1,187,17.0,0.4,140.0,4.4,101.0,10.8,7.5,5.7,3.5,1.6,66.0,40.0,189.0,1.0,558.0,12.6,35.4,63.5,22.5,35.4,6.0,123.7,92.3,17.0,1.0,0.0,2.0,78.0,11.9,20.4,228.0
380_2_3,380,2,3,famotidine,Repeat,8 day,0,mg/kg,Control,famotidine_Control_8 day,1270,72,115.0,146,0.17,0.11,185,15.0,0.4,141.0,3.7,104.0,10.8,6.8,5.9,3.6,1.6,67.0,41.0,129.0,1.0,631.0,14.0,38.6,61.1,22.2,36.4,5.3,127.9,92.6,12.0,0.0,0.0,1.0,85.0,11.8,20.5,257.0
380_2_4,380,2,4,famotidine,Repeat,8 day,0,mg/kg,Control,famotidine_Control_8 day,1136,76,73.0,149,0.14,0.07,222,14.0,0.4,141.0,4.2,103.0,10.6,8.4,5.6,3.4,1.5,68.0,37.0,163.0,0.0,628.0,13.8,38.8,61.7,22.1,35.7,5.3,116.8,71.5,13.0,1.0,0.0,4.0,80.0,11.7,19.9,219.0
380_2_5,380,2,5,famotidine,Repeat,8 day,0,mg/kg,Control,famotidine_Control_8 day,871,74,69.0,144,0.14,0.08,180,17.0,0.5,142.0,3.8,105.0,10.5,7.7,5.7,3.5,1.6,71.0,35.0,145.0,1.0,661.0,14.5,40.3,61.0,21.9,35.9,3.9,128.8,65.5,15.0,1.0,0.0,2.0,81.0,11.9,19.3,212.0
380_3_1,380,3,1,famotidine,Repeat,15 day,0,mg/kg,Control,famotidine_Control_15 day,795,72,120.0,155,0.18,0.11,238,19.0,0.5,139.0,4.7,100.0,10.8,7.6,5.5,3.3,1.5,71.0,43.0,186.0,1.0,700.0,14.5,42.9,61.3,20.7,33.7,4.3,111.7,129.3,17.0,1.0,0.0,2.0,79.0,12.1,20.9,225.0
380_3_2,380,3,2,famotidine,Repeat,15 day,0,mg/kg,Control,famotidine_Control_15 day,881,79,107.0,141,0.18,0.11,207,16.0,0.5,140.0,3.5,103.0,10.7,7.0,5.7,3.4,1.5,64.0,34.0,131.0,2.0,667.0,14.0,41.0,61.5,20.9,34.0,4.1,119.4,165.6,11.0,1.0,0.0,2.0,84.0,12.3,22.0,249.0
380_3_3,380,3,3,famotidine,Repeat,15 day,0,mg/kg,Control,famotidine_Control_15 day,841,72,96.0,148,0.17,0.1,195,15.0,0.5,141.0,3.8,104.0,11.1,6.7,5.9,3.5,1.5,64.0,34.0,189.0,1.0,678.0,14.7,43.1,63.6,21.7,34.1,5.3,115.2,101.3,13.0,1.0,0.0,2.0,83.0,12.5,27.6,231.0
380_3_4,380,3,4,famotidine,Repeat,15 day,0,mg/kg,Control,famotidine_Control_15 day,665,78,87.0,148,0.15,0.09,218,17.0,0.5,141.0,3.7,105.0,10.7,7.2,5.8,3.6,1.6,56.0,28.0,125.0,2.0,671.0,14.4,41.0,61.1,21.5,35.1,5.3,112.9,70.4,9.0,1.0,0.0,1.0,88.0,12.1,19.8,225.0
380_3_5,380,3,5,famotidine,Repeat,15 day,0,mg/kg,Control,famotidine_Control_15 day,791,74,72.0,141,0.13,0.07,182,12.0,0.4,141.0,4.1,104.0,10.7,7.5,5.7,3.4,1.5,55.0,28.0,135.0,1.0,729.0,14.0,41.5,57.0,19.2,33.8,3.7,132.7,95.1,21.0,1.0,0.0,1.0,75.0,12.4,21.0,217.0
380_4_1,380,4,1,famotidine,Repeat,29 day,0,mg/kg,Control,famotidine_Control_29 day,632,93,133.0,169,0.18,0.11,211,22.0,0.6,141.0,4.0,103.0,10.5,6.4,6.3,3.6,1.3,55.0,37.0,140.0,1.0,766.0,15.3,43.9,57.3,20.0,34.8,2.6,96.6,89.5,19.0,1.0,0.0,3.0,76.0,11.6,20.2,249.0
380_4_2,380,4,2,famotidine,Repeat,29 day,0,mg/kg,Control,famotidine_Control_29 day,606,68,84.0,132,0.13,0.06,231,17.0,0.6,142.0,3.7,104.0,10.4,6.2,6.0,3.2,1.1,63.0,38.0,143.0,1.0,759.0,14.9,42.5,55.9,19.6,35.1,2.3,113.7,89.2,11.0,1.0,0.0,1.0,85.0,12.3,21.8,238.0
380_4_3,380,4,3,famotidine,Repeat,29 day,0,mg/kg,Control,famotidine_Control_29 day,754,83,76.0,155,0.13,0.06,232,20.0,0.5,140.0,4.3,103.0,9.6,7.3,5.9,3.4,1.4,57.0,31.0,130.0,1.0,734.0,14.9,42.5,58.0,20.3,35.0,2.3,101.6,82.6,18.0,1.0,0.0,2.0,77.0,12.0,21.8,231.0
380_4_4,380,4,4,famotidine,Repeat,29 day,0,mg/kg,Control,famotidine_Control_29 day,669,69,89.0,135,0.14,0.06,187,18.0,0.6,141.0,3.7,104.0,10.5,6.6,6.4,3.6,1.3,61.0,25.0,98.0,1.0,837.0,16.4,45.5,54.4,19.6,36.0,2.0,95.9,85.4,13.0,1.0,0.0,3.0,83.0,12.6,21.4,241.0
380_4_5,380,4,5,famotidine,Repeat,29 day,0,mg/kg,Control,famotidine_Control_29 day,662,60,32.0,118,0.13,0.06,226,16.0,0.5,141.0,3.9,104.0,10.2,6.9,5.9,3.5,1.5,59.0,31.0,104.0,1.0,749.0,15.4,43.1,57.5,20.6,35.8,2.3,84.4,73.9,12.0,1.0,0.0,2.0,83.0,12.6,21.5,209.0
382_1_1,382,1,1,ranitidine,Repeat,4 day,0,mg/kg,Control,ranitidine_Control_4 day,872,83,121.0,168,0.17,0.12,229,20.0,0.4,139.0,4.5,103.0,10.7,6.2,5.7,3.4,1.5,63.0,41.0,183.0,1.0,667.0,14.3,42.3,63.4,21.4,33.8,4.3,108.4,102.7,8.0,1.0,0.0,2.0,87.0,12.1,18.8,249.0
382_1_2,382,1,2,ranitidine,Repeat,4 day,0,mg/kg,Control,ranitidine_Control_4 day,842,70,75.0,136,0.14,0.09,196,15.0,0.4,140.0,4.1,104.0,10.4,7.6,5.6,3.3,1.4,61.0,31.0,161.0,1.0,569.0,13.1,37.6,66.0,23.1,35.0,6.1,105.0,94.2,13.0,1.0,0.0,3.0,82.0,12.1,18.5,238.0
382_1_3,382,1,3,ranitidine,Repeat,4 day,0,mg/kg,Control,ranitidine_Control_4 day,1120,89,63.0,159,0.15,0.09,183,16.0,0.5,141.0,4.1,105.0,11.0,7.2,5.9,3.7,1.7,63.0,35.0,167.0,1.0,658.0,14.7,42.2,64.1,22.4,34.9,5.0,120.4,82.0,17.0,1.0,0.0,3.0,78.0,11.8,19.9,228.0
382_1_4,382,1,4,ranitidine,Repeat,4 day,0,mg/kg,Control,ranitidine_Control_4 day,1114,111,125.0,204,0.18,0.13,184,15.0,0.4,141.0,4.3,104.0,11.3,7.7,5.9,3.7,1.7,75.0,37.0,206.0,1.0,632.0,13.9,40.5,64.1,22.0,34.3,5.0,113.9,59.2,16.0,1.0,0.0,3.0,78.0,11.6,18.2,257.0
382_1_5,382,1,5,ranitidine,Repeat,4 day,0,mg/kg,Control,ranitidine_Control_4 day,672,109,78.0,181,0.15,0.09,202,17.0,0.4,141.0,3.8,103.0,10.9,8.5,5.6,3.4,1.5,71.0,32.0,175.0,2.0,621.0,13.3,39.4,63.5,21.5,33.8,5.3,112.4,138.5,22.0,1.0,0.0,2.0,74.0,12.0,18.5,245.0
382_2_1,382,2,1,ranitidine,Repeat,8 day,0,mg/kg,Control,ranitidine_Control_8 day,854,75,90.0,145,0.15,0.1,266,19.0,0.4,139.0,4.1,104.0,9.9,8.7,5.3,3.2,1.5,59.0,36.0,192.0,1.0,616.0,13.1,38.2,61.9,21.3,34.4,5.4,131.8,186.0,19.0,1.0,0.0,2.0,76.0,11.9,19.6,214.0
382_2_2,382,2,2,ranitidine,Repeat,8 day,0,mg/kg,Control,ranitidine_Control_8 day,884,66,114.0,145,0.16,0.1,207,14.0,0.4,142.0,3.6,104.0,10.4,6.3,5.8,3.6,1.6,65.0,29.0,198.0,1.0,710.0,15.3,42.9,60.4,21.5,35.6,3.9,105.2,71.8,18.0,1.0,0.0,2.0,77.0,12.0,19.4,214.0
382_2_3,382,2,3,ranitidine,Repeat,8 day,0,mg/kg,Control,ranitidine_Control_8 day,1119,67,125.0,145,0.14,0.1,237,15.0,0.4,141.0,3.6,104.0,10.5,7.6,5.7,3.2,1.3,61.0,34.0,135.0,1.0,621.0,13.9,38.9,62.6,22.4,35.7,5.1,134.0,88.2,12.0,1.0,0.0,2.0,84.0,11.9,20.5,245.0
382_2_4,382,2,4,ranitidine,Repeat,8 day,0,mg/kg,Control,ranitidine_Control_8 day,1099,67,105.0,143,0.15,0.1,204,14.0,0.4,141.0,3.6,104.0,11.0,7.2,5.8,3.6,1.6,61.0,29.0,162.0,1.0,645.0,13.9,39.0,60.4,21.5,35.6,4.7,110.6,63.1,21.0,1.0,0.0,3.0,74.0,12.5,18.2,222.0
382_2_5,382,2,5,ranitidine,Repeat,8 day,0,mg/kg,Control,ranitidine_Control_8 day,883,91,84.0,159,0.13,0.08,182,15.0,0.4,141.0,4.0,103.0,11.2,7.3,5.9,3.4,1.4,73.0,30.0,137.0,1.0,603.0,13.5,38.2,63.3,22.4,35.4,5.6,120.4,45.0,22.0,2.0,0.0,3.0,72.0,12.1,19.0,234.0
382_3_1,382,3,1,ranitidine,Repeat,15 day,0,mg/kg,Control,ranitidine_Control_15 day,895,56,145.0,129,0.19,0.14,240,17.0,0.5,139.0,4.5,102.0,10.7,7.3,5.6,3.5,1.7,64.0,33.0,248.0,1.0,730.0,14.6,42.2,57.7,20.1,34.7,4.3,126.3,125.2,9.0,1.0,0.0,2.0,87.0,11.7,19.9,219.0
382_3_2,382,3,2,ranitidine,Repeat,15 day,0,mg/kg,Control,ranitidine_Control_15 day,772,63,122.0,130,0.14,0.07,209,16.0,0.5,142.0,3.6,104.0,10.4,7.3,6.0,3.3,1.2,66.0,46.0,204.0,1.0,703.0,14.6,41.8,59.4,20.8,35.1,3.9,107.4,106.2,22.0,1.0,0.0,1.0,74.0,12.2,19.0,228.0
382_3_3,382,3,3,ranitidine,Repeat,15 day,0,mg/kg,Control,ranitidine_Control_15 day,1145,65,208.0,151,0.18,0.11,179,17.0,0.4,143.0,4.0,104.0,10.7,7.2,6.3,3.5,1.2,62.0,43.0,145.0,1.0,737.0,15.2,43.2,58.6,20.6,35.2,2.9,120.4,84.2,21.0,1.0,0.0,3.0,73.0,12.2,19.1,245.0
382_3_4,382,3,4,ranitidine,Repeat,15 day,0,mg/kg,Control,ranitidine_Control_15 day,632,82,65.0,145,0.13,0.06,201,14.0,0.5,141.0,3.9,103.0,10.6,6.3,6.2,3.7,1.5,60.0,32.0,124.0,1.0,704.0,14.9,41.5,59.0,21.2,35.9,3.8,114.9,107.1,22.0,1.0,0.0,3.0,72.0,12.3,21.3,249.0
382_3_5,382,3,5,ranitidine,Repeat,15 day,0,mg/kg,Control,ranitidine_Control_15 day,985,70,84.0,149,0.12,0.06,197,17.0,0.4,141.0,3.5,102.0,10.8,7.7,6.0,3.5,1.4,69.0,37.0,164.0,1.0,729.0,14.9,42.4,58.1,20.4,35.2,3.8,106.7,83.3,22.0,1.0,0.0,3.0,72.0,11.5,21.1,253.0
382_4_1,382,4,1,ranitidine,Repeat,29 day,0,mg/kg,Control,ranitidine_Control_29 day,633,57,106.0,127,0.17,0.11,257,18.0,0.5,141.0,4.4,103.0,10.1,6.8,6.0,3.4,1.3,64.0,36.0,179.0,1.0,754.0,16.0,44.8,59.5,21.2,35.7,2.1,98.5,89.4,23.0,1.0,1.0,3.0,71.0,12.5,22.3,205.0
382_4_2,382,4,2,ranitidine,Repeat,29 day,0,mg/kg,Control,ranitidine_Control_29 day,904,82,96.0,154,0.15,0.1,193,18.0,0.5,141.0,4.0,103.0,10.6,6.2,6.4,3.7,1.4,59.0,29.0,174.0,1.0,742.0,15.3,42.4,57.1,20.6,36.2,2.3,114.8,133.6,12.0,1.0,1.0,2.0,83.0,12.1,21.6,231.0
382_4_3,382,4,3,ranitidine,Repeat,29 day,0,mg/kg,Control,ranitidine_Control_29 day,602,57,75.0,123,0.12,0.07,204,17.0,0.4,141.0,3.3,102.0,10.5,7.0,6.2,3.2,1.1,61.0,29.0,70.0,0.0,794.0,15.3,43.5,54.8,19.3,35.2,2.0,120.7,90.3,17.0,2.0,0.0,3.0,78.0,12.6,22.5,217.0
382_4_4,382,4,4,ranitidine,Repeat,29 day,0,mg/kg,Control,ranitidine_Control_29 day,686,62,105.0,132,0.17,0.11,237,17.0,0.5,140.0,4.2,104.0,10.4,6.6,6.2,3.5,1.3,70.0,34.0,139.0,1.0,811.0,15.8,44.7,55.1,19.5,35.4,1.6,93.2,88.4,18.0,2.0,0.0,3.0,75.0,12.5,18.4,228.0
382_4_5,382,4,5,ranitidine,Repeat,29 day,0,mg/kg,Control,ranitidine_Control_29 day,563,63,47.0,128,0.13,0.07,182,16.0,0.5,141.0,3.7,103.0,10.2,6.5,6.0,3.3,1.2,53.0,30.0,72.0,1.0,795.0,15.5,43.3,54.5,19.6,35.9,2.1,104.5,57.7,14.0,1.0,0.0,2.0,82.0,12.1,19.9,238.0
387_1_1,387,1,1,nicotinic acid,Repeat,4 day,0,mg/kg,Control,nicotinic acid_Control_4 day,1684,95,125.0,179,0.0,0.0,205,18.0,0.2,141.0,4.3,104.0,10.9,9.0,5.8,3.1,1.2,67.0,50.0,143.0,1.0,676.0,13.6,40.9,60.5,20.2,33.3,7.3,103.9,72.7,17.0,0.0,0.0,4.0,78.0,15.4,21.6,331.0
387_1_2,387,1,2,nicotinic acid,Repeat,4 day,0,mg/kg,Control,nicotinic acid_Control_4 day,1682,76,104.0,156,0.0,0.0,201,19.0,0.1,138.0,4.8,105.0,10.8,7.3,5.5,3.1,1.3,72.0,40.0,154.0,2.0,605.0,12.3,37.3,61.6,20.3,33.0,8.2,134.3,143.3,13.0,1.0,0.0,4.0,82.0,15.9,17.3,314.0
387_1_3,387,1,3,nicotinic acid,Repeat,4 day,0,mg/kg,Control,nicotinic acid_Control_4 day,2097,68,62.0,127,0.0,0.0,203,17.0,0.2,141.0,4.4,103.0,10.5,8.0,5.6,3.0,1.2,89.0,60.0,181.0,1.0,589.0,12.9,38.3,64.9,21.8,33.6,8.6,128.0,114.3,10.0,1.0,0.0,2.0,87.0,16.3,22.0,307.0
387_1_4,387,1,4,nicotinic acid,Repeat,4 day,0,mg/kg,Control,nicotinic acid_Control_4 day,2135,86,94.0,160,0.0,0.0,204,21.0,0.1,137.0,4.6,104.0,10.8,6.5,5.7,3.1,1.2,72.0,45.0,180.0,2.0,576.0,12.2,36.2,62.8,21.1,33.7,8.3,134.8,159.3,20.0,1.0,0.0,3.0,75.0,15.6,21.6,329.0
387_1_5,387,1,5,nicotinic acid,Repeat,4 day,0,mg/kg,Control,nicotinic acid_Control_4 day,1440,75,79.0,136,0.0,0.0,196,18.0,0.2,139.0,3.9,105.0,10.7,7.5,5.6,3.0,1.1,66.0,45.0,149.0,1.0,616.0,13.0,38.3,62.2,21.1,34.0,6.8,127.6,91.6,12.0,1.0,0.0,2.0,84.0,16.2,22.1,324.0
387_2_1,387,2,1,nicotinic acid,Repeat,8 day,0,mg/kg,Control,nicotinic acid_Control_8 day,2006,77,136.0,158,0.0,0.0,215,17.0,0.2,140.0,4.4,106.0,10.6,6.7,5.6,2.9,1.1,75.0,42.0,174.0,2.0,672.0,14.3,42.3,62.9,21.3,33.8,5.6,116.3,113.6,23.0,1.0,0.0,3.0,71.0,16.2,20.5,336.0
387_2_2,387,2,2,nicotinic acid,Repeat,8 day,0,mg/kg,Control,nicotinic acid_Control_8 day,1246,65,143.0,148,0.0,0.0,197,18.0,0.1,139.0,4.3,106.0,10.5,7.2,5.5,2.9,1.1,65.0,40.0,161.0,1.0,726.0,15.2,43.3,59.7,20.9,35.1,3.8,108.6,87.9,10.0,1.0,0.0,3.0,86.0,16.4,23.7,325.0
387_2_3,387,2,3,nicotinic acid,Repeat,8 day,0,mg/kg,Control,nicotinic acid_Control_8 day,1258,65,138.0,148,0.0,0.0,180,21.0,0.1,139.0,4.2,106.0,10.8,6.7,5.7,3.1,1.2,63.0,34.0,153.0,1.0,697.0,14.2,41.4,59.5,20.4,34.2,4.1,112.6,149.6,14.0,1.0,0.0,2.0,82.0,16.8,21.1,304.0
387_2_4,387,2,4,nicotinic acid,Repeat,8 day,0,mg/kg,Control,nicotinic acid_Control_8 day,1394,83,136.0,166,0.0,0.0,189,18.0,0.1,139.0,3.6,103.0,11.0,8.0,5.7,3.1,1.2,76.0,39.0,167.0,2.0,632.0,13.3,39.0,61.7,21.0,34.0,7.4,123.1,138.3,15.0,1.0,0.0,3.0,81.0,17.1,28.3,336.0
387_2_5,387,2,5,nicotinic acid,Repeat,8 day,0,mg/kg,Control,nicotinic acid_Control_8 day,1253,103,97.0,182,0.0,0.0,171,20.0,0.2,142.0,4.4,105.0,11.1,8.3,6.1,3.1,1.0,56.0,31.0,123.0,2.0,678.0,14.0,40.6,59.9,20.6,34.5,6.6,120.1,114.5,22.0,1.0,0.0,5.0,71.0,15.8,22.4,373.0
387_3_1,387,3,1,nicotinic acid,Repeat,15 day,0,mg/kg,Control,nicotinic acid_Control_15 day,1709,89,174.0,182,0.0,0.0,197,19.0,0.2,138.0,4.0,103.0,10.8,7.2,6.2,3.1,1.0,62.0,32.0,230.0,1.0,661.0,14.4,42.7,64.6,21.7,33.6,5.7,114.6,108.7,18.0,1.0,0.0,3.0,76.0,15.8,22.8,346.0
387_3_2,387,3,2,nicotinic acid,Repeat,15 day,0,mg/kg,Control,nicotinic acid_Control_15 day,1277,90,148.0,177,0.0,0.0,207,20.0,0.2,139.0,3.9,103.0,10.5,7.6,5.9,3.0,1.0,69.0,50.0,119.0,1.0,722.0,14.2,42.5,58.8,19.7,33.4,4.4,114.2,101.2,19.0,1.0,0.0,3.0,76.0,15.8,23.7,331.0
387_3_3,387,3,3,nicotinic acid,Repeat,15 day,0,mg/kg,Control,nicotinic acid_Control_15 day,1449,74,219.0,161,0.0,0.0,204,19.0,0.2,137.0,4.6,103.0,10.7,6.3,5.9,3.1,1.1,69.0,37.0,140.0,1.0,683.0,13.5,39.6,57.9,19.7,34.0,5.3,101.7,136.3,12.0,1.0,0.0,2.0,83.0,16.3,22.9,329.0
387_3_4,387,3,4,nicotinic acid,Repeat,15 day,0,mg/kg,Control,nicotinic acid_Control_15 day,1492,56,58.0,111,0.03,0.0,184,17.0,0.2,138.0,3.4,106.0,10.6,7.4,5.6,3.1,1.2,67.0,34.0,150.0,1.0,696.0,14.8,42.2,60.7,21.2,35.0,6.5,131.6,162.1,19.0,1.0,0.0,2.0,77.0,16.1,21.9,332.0
387_3_5,387,3,5,nicotinic acid,Repeat,15 day,0,mg/kg,Control,nicotinic acid_Control_15 day,2051,69,122.0,149,0.0,0.0,199,19.0,0.2,138.0,3.9,106.0,10.4,7.2,5.7,3.1,1.2,73.0,49.0,179.0,1.0,682.0,14.2,40.7,59.8,20.8,34.9,3.8,116.3,129.1,17.0,1.0,0.0,3.0,77.0,15.7,23.1,307.0
387_4_1,387,4,1,nicotinic acid,Repeat,29 day,0,mg/kg,Control,nicotinic acid_Control_29 day,1371,98,206.0,193,0.01,0.0,219,17.0,0.2,143.0,4.4,108.0,10.3,7.0,6.0,3.1,1.1,70.0,43.0,140.0,2.0,736.0,14.7,40.8,55.5,20.0,36.0,3.7,88.7,122.7,19.0,1.0,0.0,3.0,75.0,16.0,21.6,371.0
387_4_2,387,4,2,nicotinic acid,Repeat,29 day,0,mg/kg,Control,nicotinic acid_Control_29 day,1219,55,108.0,112,0.01,0.0,203,17.0,0.2,143.0,4.4,107.0,9.9,6.2,5.6,3.1,1.2,81.0,38.0,218.0,2.0,757.0,15.1,42.7,56.4,20.0,35.4,2.9,86.1,85.3,15.0,1.0,0.0,1.0,82.0,17.0,22.6,362.0
387_4_3,387,4,3,nicotinic acid,Repeat,29 day,0,mg/kg,Control,nicotinic acid_Control_29 day,1007,84,148.0,172,0.01,0.0,218,21.0,0.3,143.0,4.7,104.0,10.4,7.3,6.2,3.2,1.0,51.0,35.0,122.0,3.0,757.0,14.9,43.7,57.7,19.6,34.0,2.9,90.7,98.6,12.0,2.0,0.0,2.0,82.0,16.3,27.9,346.0
387_4_4,387,4,4,nicotinic acid,Repeat,29 day,0,mg/kg,Control,nicotinic acid_Control_29 day,943,75,85.0,139,0.01,0.0,200,17.0,0.2,143.0,4.3,108.0,10.0,6.3,5.8,3.0,1.0,59.0,31.0,152.0,3.0,771.0,15.4,43.5,56.4,19.9,35.3,2.9,92.4,117.1,17.0,1.0,0.0,2.0,79.0,16.5,26.8,295.0
387_4_5,387,4,5,nicotinic acid,Repeat,29 day,0,mg/kg,Control,nicotinic acid_Control_29 day,893,71,58.0,131,0.02,0.0,232,17.0,0.2,142.0,3.3,105.0,10.1,7.5,5.8,3.1,1.1,58.0,40.0,121.0,2.0,751.0,15.1,42.8,57.0,20.1,35.3,2.8,90.3,171.7,12.0,1.0,0.0,2.0,85.0,16.5,23.3,283.0
389_1_1,389,1,1,erythromycin ethylsuccinate,Repeat,4 day,0,mg/kg,Control,erythromycin ethylsuccinate_Control_4 day,1643,69,62.0,137,0.02,0.0,193,18.0,0.2,141.0,4.4,106.0,10.0,7.6,5.2,2.7,1.1,70.0,39.0,139.0,1.0,622.0,13.0,38.8,62.4,20.9,33.4,5.2,112.4,105.8,17.0,1.0,0.0,4.0,77.0,16.9,19.5,304.0
389_1_2,389,1,2,erythromycin ethylsuccinate,Repeat,4 day,0,mg/kg,Control,erythromycin ethylsuccinate_Control_4 day,1424,55,58.0,110,0.02,0.0,206,17.0,0.1,140.0,4.4,107.0,10.4,6.9,5.6,3.0,1.2,67.0,39.0,183.0,1.0,619.0,13.6,40.3,65.2,21.9,33.6,6.4,129.0,100.4,19.0,1.0,0.0,4.0,75.0,16.3,22.1,315.0
389_1_3,389,1,3,erythromycin ethylsuccinate,Repeat,4 day,0,mg/kg,Control,erythromycin ethylsuccinate_Control_4 day,1460,69,123.0,143,0.0,0.0,192,19.0,0.2,141.0,4.2,108.0,10.2,7.0,5.4,3.0,1.2,68.0,37.0,210.0,1.0,634.0,13.4,39.0,61.6,21.1,34.2,6.0,120.7,88.5,15.0,1.0,0.0,3.0,80.0,16.3,20.9,279.0
389_1_4,389,1,4,erythromycin ethylsuccinate,Repeat,4 day,0,mg/kg,Control,erythromycin ethylsuccinate_Control_4 day,1878,98,100.0,178,0.02,0.0,191,18.0,0.2,142.0,4.3,109.0,9.9,5.8,5.4,2.9,1.2,70.0,37.0,224.0,1.0,643.0,13.6,40.5,63.0,21.2,33.6,6.5,125.3,75.4,19.0,1.0,0.0,3.0,76.0,15.7,22.5,297.0
389_1_5,389,1,5,erythromycin ethylsuccinate,Repeat,4 day,0,mg/kg,Control,erythromycin ethylsuccinate_Control_4 day,1471,66,112.0,131,0.02,0.0,209,17.0,0.2,141.0,4.2,108.0,10.1,5.7,5.4,2.9,1.2,68.0,39.0,153.0,2.0,626.0,13.3,39.3,62.8,21.3,33.9,6.7,134.0,112.8,11.0,1.0,0.0,3.0,85.0,16.1,21.5,282.0
389_2_1,389,2,1,erythromycin ethylsuccinate,Repeat,8 day,0,mg/kg,Control,erythromycin ethylsuccinate_Control_8 day,1334,75,186.0,168,0.0,0.0,219,19.0,0.2,141.0,4.4,106.0,11.0,7.3,5.6,3.0,1.1,65.0,38.0,139.0,2.0,633.0,13.7,40.1,63.4,21.6,34.1,6.9,124.4,66.6,18.0,1.0,0.0,2.0,78.0,16.4,19.2,309.0
389_2_2,389,2,2,erythromycin ethylsuccinate,Repeat,8 day,0,mg/kg,Control,erythromycin ethylsuccinate_Control_8 day,1520,69,98.0,154,0.0,0.0,211,21.0,0.2,142.0,4.5,108.0,10.6,6.6,5.6,2.9,1.1,85.0,46.0,316.0,1.0,672.0,14.3,42.3,63.0,21.3,33.8,4.7,94.7,85.3,17.0,1.0,0.0,3.0,78.0,17.2,19.7,304.0
389_2_3,389,2,3,erythromycin ethylsuccinate,Repeat,8 day,0,mg/kg,Control,erythromycin ethylsuccinate_Control_8 day,1819,58,126.0,133,0.0,0.0,216,19.0,0.1,140.0,4.7,109.0,10.5,8.5,5.4,2.9,1.2,62.0,43.0,160.0,2.0,662.0,13.9,40.6,61.3,20.9,34.1,6.7,133.2,145.3,12.0,1.0,0.0,2.0,84.0,16.6,21.6,290.0
389_2_4,389,2,4,erythromycin ethylsuccinate,Repeat,8 day,0,mg/kg,Control,erythromycin ethylsuccinate_Control_8 day,2013,81,151.0,172,0.0,0.0,202,20.0,0.2,142.0,3.7,107.0,10.9,7.7,5.9,3.0,1.0,77.0,46.0,204.0,1.0,687.0,14.3,43.4,63.3,20.8,32.9,7.2,120.4,182.0,22.0,1.0,0.0,2.0,73.0,16.6,20.2,350.0
389_2_5,389,2,5,erythromycin ethylsuccinate,Repeat,8 day,0,mg/kg,Control,erythromycin ethylsuccinate_Control_8 day,1666,71,106.0,149,0.0,0.0,236,23.0,0.2,141.0,4.3,108.0,10.3,6.6,5.4,2.9,1.2,72.0,42.0,190.0,1.0,712.0,14.4,43.3,60.8,20.2,33.3,5.6,124.2,128.5,18.0,1.0,0.0,3.0,78.0,16.4,21.9,283.0
389_3_1,389,3,1,erythromycin ethylsuccinate,Repeat,15 day,0,mg/kg,Control,erythromycin ethylsuccinate_Control_15 day,1353,70,111.0,147,0.0,0.0,190,22.0,0.2,142.0,4.4,107.0,10.3,6.2,5.3,2.8,1.2,75.0,53.0,153.0,2.0,662.0,14.2,40.3,60.8,21.5,35.4,4.7,84.4,95.3,11.0,1.0,0.0,3.0,84.0,16.0,21.7,324.0
389_3_2,389,3,2,erythromycin ethylsuccinate,Repeat,15 day,0,mg/kg,Control,erythromycin ethylsuccinate_Control_15 day,1624,64,112.0,142,0.0,0.0,223,23.0,0.2,141.0,4.8,105.0,10.5,7.5,5.6,2.9,1.1,76.0,40.0,249.0,2.0,645.0,13.4,39.9,61.8,20.8,33.6,6.7,111.3,123.9,22.0,1.0,0.0,2.0,74.0,16.8,24.6,290.0
389_3_3,389,3,3,erythromycin ethylsuccinate,Repeat,15 day,0,mg/kg,Control,erythromycin ethylsuccinate_Control_15 day,1272,74,189.0,172,0.0,0.0,208,22.0,0.2,141.0,4.4,104.0,10.7,7.3,5.7,3.0,1.1,76.0,38.0,244.0,3.0,634.0,13.8,39.8,62.7,21.8,34.7,5.0,111.2,105.8,15.0,1.0,0.0,2.0,79.0,16.6,19.8,315.0
389_3_4,389,3,4,erythromycin ethylsuccinate,Repeat,15 day,0,mg/kg,Control,erythromycin ethylsuccinate_Control_15 day,1047,84,123.0,161,0.0,0.0,209,19.0,0.2,141.0,4.3,104.0,10.7,6.9,5.9,2.9,1.0,62.0,47.0,138.0,2.0,663.0,14.3,41.1,62.0,21.5,34.7,5.0,119.5,118.2,15.0,1.0,0.0,3.0,80.0,16.1,24.6,312.0
389_3_5,389,3,5,erythromycin ethylsuccinate,Repeat,15 day,0,mg/kg,Control,erythromycin ethylsuccinate_Control_15 day,1356,73,141.0,145,0.0,0.0,206,19.0,0.2,142.0,4.6,106.0,10.5,7.5,5.8,2.9,1.0,91.0,55.0,259.0,2.0,679.0,13.9,41.0,60.3,20.5,33.9,4.4,95.3,110.6,11.0,1.0,0.0,2.0,84.0,16.2,20.8,348.0
389_4_1,389,4,1,erythromycin ethylsuccinate,Repeat,29 day,0,mg/kg,Control,erythromycin ethylsuccinate_Control_29 day,992,56,133.0,129,0.02,0.0,184,17.0,0.2,141.0,4.2,107.0,10.6,7.1,6.0,3.1,1.1,70.0,49.0,106.0,3.0,754.0,14.7,42.7,56.6,19.5,34.5,2.7,93.7,84.3,15.0,1.0,0.0,3.0,79.0,16.4,23.8,291.0
389_4_2,389,4,2,erythromycin ethylsuccinate,Repeat,29 day,0,mg/kg,Control,erythromycin ethylsuccinate_Control_29 day,1024,73,165.0,160,0.01,0.0,180,19.0,0.2,141.0,4.0,107.0,10.6,6.6,6.0,3.1,1.1,62.0,39.0,102.0,3.0,790.0,15.1,43.9,55.5,19.2,34.5,3.0,117.8,109.4,15.0,1.0,0.0,3.0,79.0,16.3,25.2,373.0
389_4_3,389,4,3,erythromycin ethylsuccinate,Repeat,29 day,0,mg/kg,Control,erythromycin ethylsuccinate_Control_29 day,1241,66,83.0,126,0.0,0.0,192,21.0,0.2,141.0,4.2,107.0,10.2,6.0,5.9,2.9,1.0,72.0,42.0,136.0,3.0,814.0,15.4,44.7,54.9,19.0,34.6,2.3,95.9,104.5,9.0,1.0,0.0,2.0,87.0,16.5,21.9,304.0
389_4_4,389,4,4,erythromycin ethylsuccinate,Repeat,29 day,0,mg/kg,Control,erythromycin ethylsuccinate_Control_29 day,1134,61,123.0,144,0.0,0.0,204,23.0,0.2,141.0,4.3,106.0,10.4,5.1,6.0,3.0,1.0,81.0,54.0,191.0,3.0,745.0,15.1,43.5,58.4,20.2,34.7,2.8,98.0,125.8,16.0,1.0,0.0,3.0,79.0,16.3,24.2,332.0
389_4_5,389,4,5,erythromycin ethylsuccinate,Repeat,29 day,0,mg/kg,Control,erythromycin ethylsuccinate_Control_29 day,1673,54,88.0,120,0.02,0.0,187,18.0,0.2,141.0,3.7,106.0,10.1,6.4,5.8,3.1,1.1,73.0,45.0,118.0,2.0,816.0,15.8,45.3,55.5,19.3,34.8,2.5,92.8,125.7,10.0,1.0,0.0,3.0,85.0,16.7,26.7,286.0
391_1_1,391,1,1,ethambutol,Repeat,4 day,0,mg/kg,Control,ethambutol_Control_4 day,1197,82,200.0,180,0.0,0.0,212,16.0,0.2,141.0,4.2,107.0,10.9,8.3,5.9,3.1,1.1,64.0,40.0,162.0,1.0,640.0,13.6,39.3,61.4,21.2,34.5,5.8,123.4,104.7,12.0,1.0,0.0,3.0,82.0,16.0,22.1,327.0
391_1_2,391,1,2,ethambutol,Repeat,4 day,0,mg/kg,Control,ethambutol_Control_4 day,1491,75,134.0,152,0.0,0.0,198,20.0,0.2,139.0,4.4,106.0,10.8,7.7,5.6,2.9,1.1,68.0,39.0,175.0,2.0,600.0,13.2,36.8,61.4,21.9,35.7,6.6,137.6,105.8,14.0,1.0,0.0,4.0,80.0,16.2,20.8,307.0
391_1_3,391,1,3,ethambutol,Repeat,4 day,0,mg/kg,Control,ethambutol_Control_4 day,1456,77,95.0,142,0.0,0.0,197,18.0,0.2,140.0,4.5,108.0,10.8,6.7,5.6,3.0,1.1,70.0,51.0,173.0,1.0,628.0,14.1,40.4,64.2,22.4,34.9,6.8,118.6,93.7,11.0,1.0,0.0,2.0,85.0,16.2,21.8,275.0
391_1_4,391,1,4,ethambutol,Repeat,4 day,0,mg/kg,Control,ethambutol_Control_4 day,1649,68,76.0,132,0.01,0.0,189,23.0,0.2,140.0,4.4,107.0,11.3,7.9,5.6,3.1,1.3,75.0,45.0,174.0,2.0,600.0,13.1,38.3,63.8,21.9,34.3,7.6,135.8,163.0,18.0,1.0,0.0,3.0,76.0,16.1,21.0,334.0
391_1_5,391,1,5,ethambutol,Repeat,4 day,0,mg/kg,Control,ethambutol_Control_4 day,1457,90,111.0,172,0.01,0.0,177,19.0,0.2,141.0,4.5,107.0,10.7,7.4,5.7,3.0,1.1,66.0,52.0,178.0,1.0,631.0,13.8,39.3,62.2,21.9,35.2,5.5,120.7,80.8,14.0,1.0,0.0,4.0,80.0,15.9,23.9,298.0
391_2_1,391,2,1,ethambutol,Repeat,8 day,0,mg/kg,Control,ethambutol_Control_8 day,1538,75,38.0,128,0.01,0.0,203,17.0,0.2,142.0,4.4,106.0,10.7,7.1,5.6,3.0,1.1,60.0,44.0,115.0,2.0,654.0,13.5,39.8,60.8,20.7,34.1,5.3,93.7,44.4,20.0,1.0,0.0,2.0,77.0,15.5,20.5,307.0
391_2_2,391,2,2,ethambutol,Repeat,8 day,0,mg/kg,Control,ethambutol_Control_8 day,1735,69,108.0,149,0.01,0.0,206,16.0,0.2,144.0,3.8,109.0,10.6,7.6,5.5,3.0,1.2,73.0,45.0,186.0,2.0,654.0,13.9,41.1,62.9,21.3,33.8,5.5,114.0,113.1,12.0,1.0,0.0,3.0,83.0,15.3,26.6,329.0
391_2_3,391,2,3,ethambutol,Repeat,8 day,0,mg/kg,Control,ethambutol_Control_8 day,1312,81,73.0,154,0.01,0.0,195,19.0,0.3,142.0,4.4,106.0,10.3,6.9,5.7,3.0,1.2,91.0,47.0,386.0,1.0,664.0,14.3,41.3,62.2,21.5,34.6,5.2,105.8,172.6,11.0,1.0,0.0,2.0,85.0,15.5,21.7,360.0
391_2_4,391,2,4,ethambutol,Repeat,8 day,0,mg/kg,Control,ethambutol_Control_8 day,1620,75,187.0,163,0.0,0.0,188,20.0,0.2,142.0,3.9,106.0,10.9,7.6,5.9,3.1,1.1,63.0,39.0,137.0,2.0,661.0,14.0,40.7,61.6,21.2,34.4,5.3,123.3,139.4,7.0,1.0,0.0,2.0,88.0,15.4,22.3,358.0
391_2_5,391,2,5,ethambutol,Repeat,8 day,0,mg/kg,Control,ethambutol_Control_8 day,1412,77,52.0,144,0.0,0.0,198,17.0,0.2,141.0,4.2,107.0,10.0,7.4,5.5,2.8,1.0,61.0,40.0,177.0,2.0,722.0,14.9,42.8,59.3,20.6,34.7,4.0,113.6,95.3,14.0,1.0,0.0,2.0,82.0,15.3,24.7,338.0
391_3_1,391,3,1,ethambutol,Repeat,15 day,0,mg/kg,Control,ethambutol_Control_15 day,1242,59,73.0,115,0.0,0.0,174,21.0,0.2,141.0,3.7,106.0,10.6,7.2,5.4,2.8,1.1,74.0,40.0,253.0,2.0,683.0,14.5,43.6,63.8,21.2,33.3,5.6,99.1,115.6,16.0,1.0,0.0,2.0,80.0,16.3,17.9,300.0
391_3_2,391,3,2,ethambutol,Repeat,15 day,0,mg/kg,Control,ethambutol_Control_15 day,1225,71,161.0,162,0.0,0.0,212,17.0,0.2,141.0,4.3,105.0,10.6,8.2,5.9,3.2,1.2,69.0,46.0,127.0,2.0,689.0,14.1,41.7,60.6,20.4,33.7,5.7,100.7,85.5,14.0,1.0,0.0,3.0,81.0,16.2,22.5,356.0
391_3_3,391,3,3,ethambutol,Repeat,15 day,0,mg/kg,Control,ethambutol_Control_15 day,1196,76,80.0,147,0.0,0.0,203,22.0,0.2,141.0,4.3,106.0,10.1,7.0,5.6,3.0,1.2,84.0,42.0,280.0,1.0,723.0,14.1,40.3,55.8,19.5,35.0,3.8,99.6,135.1,17.0,0.0,0.0,3.0,78.0,15.9,23.6,310.0
391_3_4,391,3,4,ethambutol,Repeat,15 day,0,mg/kg,Control,ethambutol_Control_15 day,1362,53,166.0,138,0.0,0.0,192,20.0,0.2,141.0,3.8,106.0,10.9,6.9,5.9,3.2,1.1,63.0,40.0,147.0,2.0,689.0,14.8,42.5,61.6,21.6,35.0,4.0,107.9,136.3,16.0,1.0,0.0,2.0,79.0,16.6,22.3,332.0
391_3_5,391,3,5,ethambutol,Repeat,15 day,0,mg/kg,Control,ethambutol_Control_15 day,1681,62,102.0,136,0.0,0.0,202,18.0,0.2,144.0,3.7,109.0,10.1,6.6,5.6,3.0,1.2,73.0,37.0,149.0,1.0,724.0,14.4,42.4,58.6,19.9,34.0,3.0,110.0,109.5,12.0,1.0,0.0,2.0,82.0,16.3,21.6,310.0
391_4_1,391,4,1,ethambutol,Repeat,29 day,0,mg/kg,Control,ethambutol_Control_29 day,897,74,112.0,148,0.02,0.0,230,18.0,0.2,141.0,4.2,105.0,10.4,6.9,6.1,3.1,1.0,65.0,41.0,115.0,3.0,762.0,14.2,41.3,54.2,18.6,34.4,2.8,101.9,123.7,9.0,1.0,0.0,2.0,87.0,15.1,25.4,306.0
391_4_2,391,4,2,ethambutol,Repeat,29 day,0,mg/kg,Control,ethambutol_Control_29 day,948,75,69.0,132,0.01,0.0,217,20.0,0.3,143.0,4.0,105.0,10.1,7.0,6.3,3.2,1.0,66.0,39.0,151.0,2.0,707.0,14.4,42.5,60.2,20.3,33.8,3.0,99.5,117.2,13.0,1.0,0.0,2.0,83.0,15.7,25.9,308.0
391_4_3,391,4,3,ethambutol,Repeat,29 day,0,mg/kg,Control,ethambutol_Control_29 day,1144,81,137.0,162,0.0,0.0,217,20.0,0.2,142.0,4.6,107.0,10.3,6.7,6.1,3.0,1.0,72.0,42.0,172.0,3.0,764.0,14.4,41.7,54.6,18.8,34.5,3.9,107.2,142.4,9.0,1.0,0.0,3.0,85.0,15.7,23.8,339.0
391_4_4,391,4,4,ethambutol,Repeat,29 day,0,mg/kg,Control,ethambutol_Control_29 day,1030,72,83.0,144,0.01,0.0,187,18.0,0.3,142.0,4.0,106.0,10.3,7.3,6.1,3.2,1.1,65.0,40.0,210.0,2.0,809.0,15.3,44.1,54.5,19.0,34.8,3.0,118.1,133.1,15.0,2.0,0.0,4.0,78.0,15.8,25.4,321.0
391_4_5,391,4,5,ethambutol,Repeat,29 day,0,mg/kg,Control,ethambutol_Control_29 day,867,62,103.0,132,0.0,0.0,189,21.0,0.3,143.0,3.8,106.0,10.3,6.3,6.2,3.2,1.0,67.0,43.0,132.0,2.0,764.0,15.0,43.3,56.7,19.6,34.6,2.6,103.5,140.9,11.0,1.0,0.0,2.0,84.0,15.7,30.7,305.0
393_1_1,393,1,1,furosemide,Repeat,4 day,0,mg/kg,Control,furosemide_Control_4 day,1364,84,171.0,176,0.07,0.02,177,15.0,0.2,141.0,3.9,104.0,10.9,8.0,5.9,2.6,0.8,66.0,49.0,78.0,1.0,628.0,13.5,40.2,63.9,21.5,33.7,6.7,128.9,92.9,24.0,1.0,0.0,3.0,72.0,14.9,16.1,268.0
393_1_2,393,1,2,furosemide,Repeat,4 day,0,mg/kg,Control,furosemide_Control_4 day,1299,87,104.0,173,0.05,0.01,187,13.0,0.2,143.0,3.4,105.0,10.7,7.0,5.7,2.6,0.8,72.0,46.0,63.0,0.0,632.0,13.9,41.8,66.1,22.0,33.3,6.2,117.4,70.0,15.0,1.0,0.0,2.0,80.0,14.7,18.0,267.0
393_1_3,393,1,3,furosemide,Repeat,4 day,0,mg/kg,Control,furosemide_Control_4 day,1730,106,185.0,215,0.05,0.02,198,19.0,0.2,142.0,3.6,102.0,11.5,8.1,5.9,2.7,0.8,56.0,41.0,74.0,1.0,602.0,13.7,40.9,68.0,22.8,33.6,7.8,111.4,79.5,17.0,1.0,0.0,3.0,78.0,14.2,14.8,328.0
393_1_4,393,1,4,furosemide,Repeat,4 day,0,mg/kg,Control,furosemide_Control_4 day,1228,100,115.0,192,0.06,0.02,166,14.0,0.2,143.0,4.1,106.0,11.0,7.9,6.0,2.8,0.9,69.0,37.0,94.0,0.0,661.0,13.5,40.4,61.1,20.5,33.6,5.7,104.9,105.8,27.0,1.0,1.0,6.0,65.0,15.0,14.7,352.0
393_1_5,393,1,5,furosemide,Repeat,4 day,0,mg/kg,Control,furosemide_Control_4 day,1360,78,75.0,154,0.05,0.01,173,11.0,0.2,144.0,3.8,106.0,10.7,7.3,5.7,2.6,0.8,68.0,37.0,68.0,0.0,623.0,13.0,38.2,61.3,20.9,34.0,6.3,111.2,115.3,23.0,1.0,0.0,2.0,74.0,15.4,15.2,315.0
393_2_1,393,2,1,furosemide,Repeat,8 day,0,mg/kg,Control,furosemide_Control_8 day,1386,80,147.0,173,0.05,0.02,185,14.0,0.2,140.0,3.8,102.0,10.8,7.3,6.1,2.7,0.8,58.0,32.0,73.0,1.0,679.0,14.5,42.4,62.4,21.4,34.3,5.1,136.1,70.4,17.0,1.0,0.0,4.0,76.0,14.5,18.6,312.0
393_2_2,393,2,2,furosemide,Repeat,8 day,0,mg/kg,Control,furosemide_Control_8 day,1065,104,109.0,193,0.05,0.01,176,17.0,0.2,142.0,4.2,104.0,10.9,7.5,5.9,2.7,0.8,56.0,32.0,119.0,1.0,618.0,12.8,36.7,59.4,20.7,34.8,5.9,140.6,119.2,17.0,1.0,1.0,3.0,79.0,15.2,17.7,271.0
393_2_3,393,2,3,furosemide,Repeat,8 day,0,mg/kg,Control,furosemide_Control_8 day,1217,77,121.0,146,0.04,0.02,178,16.0,0.2,142.0,4.2,105.0,10.6,8.0,5.8,2.6,0.8,65.0,41.0,104.0,0.0,632.0,13.4,38.9,61.6,21.2,34.5,5.7,112.9,125.0,16.0,1.0,1.0,2.0,80.0,15.9,18.7,296.0
393_2_4,393,2,4,furosemide,Repeat,8 day,0,mg/kg,Control,furosemide_Control_8 day,1364,77,151.0,161,0.06,0.03,186,15.0,0.2,145.0,3.7,103.0,11.1,8.1,5.9,2.7,0.8,62.0,42.0,117.0,1.0,641.0,14.1,41.4,64.5,22.0,34.1,5.0,119.8,119.6,12.0,1.0,1.0,2.0,83.0,16.0,17.0,333.0
393_2_5,393,2,5,furosemide,Repeat,8 day,0,mg/kg,Control,furosemide_Control_8 day,1354,90,71.0,167,0.05,0.01,172,16.0,0.2,144.0,3.9,105.0,10.8,8.2,6.0,2.8,0.9,66.0,44.0,60.0,1.0,673.0,13.9,40.2,59.8,20.7,34.6,4.5,119.4,69.7,12.0,1.0,0.0,2.0,83.0,15.9,17.2,259.0
393_3_1,393,3,1,furosemide,Repeat,15 day,0,mg/kg,Control,furosemide_Control_15 day,1271,56,79.0,129,0.05,0.01,166,14.0,0.3,142.0,4.0,106.0,10.3,7.2,6.0,2.8,0.9,64.0,35.0,58.0,1.0,700.0,14.9,43.0,61.4,21.2,34.5,3.5,104.3,135.1,13.0,1.0,0.0,3.0,82.0,15.3,20.3,296.0
393_3_2,393,3,2,furosemide,Repeat,15 day,0,mg/kg,Control,furosemide_Control_15 day,1482,61,172.0,145,0.04,0.02,191,14.0,0.2,144.0,4.1,105.0,10.4,6.8,6.2,2.8,0.8,68.0,49.0,80.0,0.0,705.0,15.3,44.1,62.5,21.6,34.6,4.4,109.0,102.9,14.0,1.0,0.0,2.0,82.0,15.6,20.0,294.0
393_3_3,393,3,3,furosemide,Repeat,15 day,0,mg/kg,Control,furosemide_Control_15 day,1549,92,207.0,187,0.05,0.02,187,17.0,0.2,144.0,3.6,105.0,10.8,7.5,6.2,2.8,0.8,64.0,55.0,66.0,1.0,704.0,15.1,42.6,60.5,21.4,35.4,4.9,120.7,162.7,13.0,1.0,1.0,2.0,83.0,14.7,22.5,290.0
393_3_4,393,3,4,furosemide,Repeat,15 day,0,mg/kg,Control,furosemide_Control_15 day,1731,70,160.0,172,0.05,0.01,170,17.0,0.3,144.0,4.3,104.0,10.8,7.6,6.2,2.9,0.9,63.0,38.0,55.0,1.0,737.0,14.9,43.1,58.5,20.2,34.6,4.1,123.6,94.6,13.0,1.0,0.0,3.0,82.0,15.1,17.3,271.0
393_3_5,393,3,5,furosemide,Repeat,15 day,0,mg/kg,Control,furosemide_Control_15 day,1251,70,168.0,170,0.04,0.01,175,14.0,0.2,144.0,4.6,105.0,10.7,7.9,6.1,2.8,0.8,64.0,40.0,63.0,0.0,723.0,14.8,42.9,59.3,20.5,34.6,4.0,128.7,91.9,18.0,1.0,1.0,4.0,76.0,15.6,16.4,296.0
393_4_1,393,4,1,furosemide,Repeat,29 day,0,mg/kg,Control,furosemide_Control_29 day,1046,52,77.0,112,0.05,0.02,180,14.0,0.2,140.0,3.7,104.0,10.0,6.3,6.1,2.8,0.8,58.0,30.0,52.0,0.0,840.0,15.6,45.5,54.1,18.5,34.3,1.6,102.2,120.9,7.0,2.0,1.0,2.0,88.0,16.1,17.4,279.0
393_4_2,393,4,2,furosemide,Repeat,29 day,0,mg/kg,Control,furosemide_Control_29 day,1081,83,155.0,167,0.05,0.02,183,16.0,0.2,144.0,4.0,106.0,10.5,6.4,6.4,2.8,0.8,60.0,37.0,101.0,0.0,807.0,15.5,46.7,57.8,19.2,33.2,1.9,100.4,97.5,15.0,1.0,1.0,2.0,81.0,16.4,17.2,270.0
393_4_3,393,4,3,furosemide,Repeat,29 day,0,mg/kg,Control,furosemide_Control_29 day,1001,72,187.0,158,0.05,0.01,163,15.0,0.3,143.0,4.4,105.0,10.6,6.5,6.4,2.8,0.8,62.0,41.0,51.0,1.0,789.0,15.2,45.1,57.1,19.2,33.6,1.8,101.1,96.6,11.0,1.0,1.0,2.0,85.0,16.2,20.8,274.0
393_4_4,393,4,4,furosemide,Repeat,29 day,0,mg/kg,Control,furosemide_Control_29 day,1052,52,69.0,122,0.04,0.01,191,14.0,0.2,145.0,4.0,106.0,10.6,6.4,5.8,2.6,0.8,59.0,33.0,35.0,0.0,781.0,14.5,43.0,55.1,18.6,33.7,1.6,87.2,81.8,20.0,1.0,0.0,4.0,74.0,16.4,16.9,249.0
393_4_5,393,4,5,furosemide,Repeat,29 day,0,mg/kg,Control,furosemide_Control_29 day,989,65,95.0,127,0.05,0.02,200,13.0,0.3,147.0,3.6,107.0,10.6,5.9,6.3,2.8,0.8,84.0,41.0,121.0,1.0,721.0,14.5,42.8,59.4,20.1,33.9,2.3,112.4,97.2,14.0,1.0,0.0,1.0,83.0,16.9,16.8,261.0
409_1_1,409,1,1,chlorpheniramine,Repeat,4 day,0,mg/kg,Control,chlorpheniramine_Control_4 day,1676,71,90.0,138,0.03,0.01,174,14.0,0.2,140.0,4.8,105.0,10.1,6.1,5.7,2.6,0.8,74.0,51.0,83.0,1.0,651.0,13.3,40.3,61.9,20.4,33.0,6.0,127.2,82.5,12.0,0.0,0.0,4.0,83.0,14.4,25.6,300.0
409_1_2,409,1,2,chlorpheniramine,Repeat,4 day,0,mg/kg,Control,chlorpheniramine_Control_4 day,1407,68,56.0,123,0.03,0.01,194,14.0,0.2,142.0,4.6,107.0,10.5,7.7,5.4,2.6,0.9,68.0,40.0,83.0,1.0,626.0,12.9,40.8,65.3,20.6,31.5,8.1,119.0,61.1,16.0,2.0,0.0,2.0,80.0,14.7,15.0,253.0
409_1_3,409,1,3,chlorpheniramine,Repeat,4 day,0,mg/kg,Control,chlorpheniramine_Control_4 day,2027,86,164.0,182,0.04,0.02,180,16.0,0.2,142.0,4.2,106.0,10.7,8.1,6.4,2.9,0.8,57.0,44.0,123.0,1.0,661.0,13.5,41.7,63.0,20.5,32.5,6.4,176.8,107.6,14.0,1.0,0.0,2.0,81.0,14.2,40.1,328.0
409_1_4,409,1,4,chlorpheniramine,Repeat,4 day,0,mg/kg,Control,chlorpheniramine_Control_4 day,1820,98,73.0,180,0.03,0.02,189,15.0,0.2,143.0,4.5,108.0,10.9,9.0,6.0,2.8,0.9,68.0,36.0,139.0,2.0,627.0,13.5,42.7,68.2,21.5,31.5,7.3,100.3,70.8,20.0,1.0,0.0,3.0,75.0,14.8,16.7,296.0
409_1_5,409,1,5,chlorpheniramine,Repeat,4 day,0,mg/kg,Control,chlorpheniramine_Control_4 day,2190,72,56.0,135,0.04,0.01,175,14.0,0.2,144.0,4.5,110.0,10.2,7.7,5.6,2.6,0.9,80.0,50.0,119.0,2.0,689.0,13.9,43.1,62.5,20.1,32.2,6.5,114.2,59.9,25.0,2.0,0.0,3.0,69.0,14.4,18.7,299.0
409_2_1,409,2,1,chlorpheniramine,Repeat,8 day,0,mg/kg,Control,chlorpheniramine_Control_8 day,1452,76,119.0,145,0.04,0.02,194,15.0,0.2,141.0,4.1,103.0,11.4,7.8,6.0,2.7,0.8,70.0,43.0,84.0,1.0,691.0,13.9,42.6,61.7,20.2,32.7,5.9,114.9,103.2,16.0,1.0,0.0,2.0,80.0,14.1,15.3,308.0
409_2_2,409,2,2,chlorpheniramine,Repeat,8 day,0,mg/kg,Control,chlorpheniramine_Control_8 day,1650,93,193.0,190,0.03,0.01,199,17.0,0.3,144.0,3.9,105.0,11.6,8.1,6.3,2.9,0.9,63.0,49.0,97.0,1.0,712.0,14.2,44.2,62.1,20.0,32.2,5.7,116.1,90.8,15.0,0.0,0.0,3.0,81.0,13.5,22.9,339.0
409_2_3,409,2,3,chlorpheniramine,Repeat,8 day,0,mg/kg,Control,chlorpheniramine_Control_8 day,2033,81,100.0,151,0.03,0.02,194,14.0,0.2,144.0,4.0,105.0,11.8,8.2,6.1,2.8,0.8,72.0,46.0,93.0,1.0,717.0,14.7,45.7,63.8,20.5,32.1,5.0,102.8,60.2,13.0,1.0,0.0,3.0,81.0,14.2,16.2,287.0
409_2_4,409,2,4,chlorpheniramine,Repeat,8 day,0,mg/kg,Control,chlorpheniramine_Control_8 day,1224,92,133.0,171,0.03,0.02,180,14.0,0.2,142.0,4.6,104.0,11.7,8.4,5.9,2.7,0.8,61.0,42.0,91.0,1.0,623.0,13.3,40.3,64.7,21.4,33.0,6.8,127.6,94.4,22.0,1.0,0.0,4.0,72.0,13.9,20.0,357.0
409_2_5,409,2,5,chlorpheniramine,Repeat,8 day,0,mg/kg,Control,chlorpheniramine_Control_8 day,1232,91,153.0,175,0.04,0.02,202,17.0,0.2,145.0,4.2,107.0,11.7,7.9,6.0,2.7,0.8,63.0,36.0,89.0,1.0,681.0,14.0,43.6,64.0,20.6,32.1,5.9,108.2,66.9,17.0,1.0,0.0,2.0,79.0,13.9,18.9,326.0
409_3_1,409,3,1,chlorpheniramine,Repeat,15 day,0,mg/kg,Control,chlorpheniramine_Control_15 day,1603,79,104.0,156,0.03,0.01,195,14.0,0.2,142.0,4.0,103.0,10.9,6.5,6.4,2.9,0.8,57.0,31.0,81.0,1.0,728.0,14.5,44.6,61.2,19.9,32.6,4.4,110.5,107.5,13.0,1.0,1.0,2.0,83.0,13.9,17.8,317.0
409_3_2,409,3,2,chlorpheniramine,Repeat,15 day,0,mg/kg,Control,chlorpheniramine_Control_15 day,1564,80,204.0,182,0.03,0.02,183,18.0,0.2,143.0,4.4,106.0,11.0,7.3,6.2,2.9,0.9,73.0,51.0,86.0,1.0,716.0,15.1,45.3,63.3,21.1,33.3,4.1,115.9,107.2,18.0,1.0,0.0,3.0,76.0,14.4,17.5,295.0
409_3_3,409,3,3,chlorpheniramine,Repeat,15 day,0,mg/kg,Control,chlorpheniramine_Control_15 day,1321,59,117.0,131,0.04,0.01,172,16.0,0.2,141.0,4.8,108.0,10.5,5.9,5.9,2.7,0.8,59.0,33.0,70.0,1.0,785.0,15.4,46.7,59.4,19.6,33.0,2.9,93.2,86.1,29.0,1.0,0.0,1.0,67.0,14.5,16.7,312.0
409_3_4,409,3,4,chlorpheniramine,Repeat,15 day,0,mg/kg,Control,chlorpheniramine_Control_15 day,1964,68,118.0,145,0.05,0.02,198,15.0,0.2,147.0,3.9,108.0,11.1,7.2,6.1,2.8,0.8,65.0,37.0,71.0,1.0,708.0,14.4,45.4,64.1,20.4,31.8,4.1,117.6,96.7,16.0,1.0,1.0,2.0,80.0,15.2,20.6,305.0
409_3_5,409,3,5,chlorpheniramine,Repeat,15 day,0,mg/kg,Control,chlorpheniramine_Control_15 day,1709,77,87.0,153,0.04,0.02,188,15.0,0.2,144.0,3.9,107.0,11.1,7.5,6.0,2.8,0.9,78.0,39.0,77.0,1.0,699.0,14.5,44.0,63.1,20.8,32.9,3.6,117.8,54.3,18.0,1.0,0.0,3.0,78.0,14.5,28.8,312.0
409_4_1,409,4,1,chlorpheniramine,Repeat,29 day,0,mg/kg,Control,chlorpheniramine_Control_29 day,918,75,197.0,167,0.03,0.02,187,18.0,0.2,144.0,4.2,104.0,10.8,6.5,6.6,3.0,0.8,54.0,32.0,87.0,1.0,803.0,15.6,46.2,57.5,19.5,33.8,2.9,117.1,166.8,19.0,1.0,0.0,2.0,77.0,14.8,16.5,284.0
409_4_2,409,4,2,chlorpheniramine,Repeat,29 day,0,mg/kg,Control,chlorpheniramine_Control_29 day,935,64,195.0,150,0.03,0.01,188,17.0,0.3,144.0,4.5,108.0,10.5,5.2,6.1,2.8,0.8,59.0,37.0,106.0,0.0,772.0,14.5,43.3,56.1,18.8,33.6,2.9,134.9,80.6,19.0,1.0,0.0,2.0,77.0,14.5,19.2,271.0
409_4_3,409,4,3,chlorpheniramine,Repeat,29 day,0,mg/kg,Control,chlorpheniramine_Control_29 day,879,112,181.0,197,0.03,0.02,200,18.0,0.2,146.0,3.8,106.0,10.8,7.1,6.7,2.9,0.8,55.0,34.0,74.0,1.0,782.0,15.2,45.2,57.8,19.5,33.7,2.5,107.8,85.4,16.0,1.0,1.0,2.0,80.0,14.5,17.2,310.0
409_4_4,409,4,4,chlorpheniramine,Repeat,29 day,0,mg/kg,Control,chlorpheniramine_Control_29 day,1168,72,207.0,175,0.02,0.02,181,17.0,0.2,144.0,4.1,107.0,10.7,6.5,6.3,2.9,0.9,58.0,37.0,57.0,2.0,831.0,15.7,46.6,56.0,18.9,33.8,2.4,112.6,75.2,24.0,2.0,0.0,2.0,72.0,14.1,17.6,284.0
409_4_5,409,4,5,chlorpheniramine,Repeat,29 day,0,mg/kg,Control,chlorpheniramine_Control_29 day,1549,75,90.0,153,0.02,0.01,175,17.0,0.2,146.0,4.6,109.0,10.4,6.2,6.2,2.8,0.8,76.0,46.0,63.0,1.0,881.0,15.8,47.3,53.7,18.0,33.5,2.0,107.3,74.5,21.0,1.0,0.0,2.0,76.0,14.5,18.3,255.0
411_1_1,411,1,1,nifedipine,Repeat,4 day,0,mg/kg,Control,nifedipine_Control_4 day,1523,96,65.0,162,0.02,0.01,195,15.0,0.2,142.0,4.1,105.0,11.1,6.6,5.9,2.8,0.9,65.0,44.0,77.0,1.0,616.0,13.3,40.9,66.4,21.6,32.6,8.0,101.0,88.6,11.0,1.0,1.0,4.0,83.0,14.1,16.5,323.0
411_1_2,411,1,2,nifedipine,Repeat,4 day,0,mg/kg,Control,nifedipine_Control_4 day,1794,93,145.0,183,0.04,0.02,212,14.0,0.2,143.0,4.1,104.0,11.3,8.5,5.8,2.7,0.9,66.0,47.0,115.0,1.0,632.0,13.1,40.9,64.7,20.7,32.0,7.6,153.9,108.2,12.0,1.0,1.0,4.0,81.0,13.8,15.4,316.0
411_1_3,411,1,3,nifedipine,Repeat,4 day,0,mg/kg,Control,nifedipine_Control_4 day,1360,80,166.0,168,0.03,0.02,159,14.0,0.2,145.0,4.4,106.0,11.3,7.4,6.0,2.8,0.9,70.0,50.0,88.0,1.0,659.0,13.7,42.0,63.8,20.8,32.6,7.4,124.6,90.9,17.0,1.0,0.0,3.0,77.0,14.6,18.3,316.0
411_1_4,411,1,4,nifedipine,Repeat,4 day,0,mg/kg,Control,nifedipine_Control_4 day,1831,64,60.0,126,0.02,0.01,159,13.0,0.2,147.0,4.3,108.0,10.9,7.3,5.6,2.7,0.9,70.0,44.0,55.0,1.0,641.0,13.3,40.6,63.4,20.8,32.8,7.3,121.4,93.6,14.0,1.0,0.0,3.0,80.0,15.3,16.4,297.0
411_1_5,411,1,5,nifedipine,Repeat,4 day,0,mg/kg,Control,nifedipine_Control_4 day,1766,86,110.0,171,0.03,0.01,171,14.0,0.2,147.0,4.0,107.0,11.0,8.7,5.7,2.7,0.9,86.0,53.0,92.0,1.0,671.0,13.6,41.9,62.5,20.2,32.4,7.0,113.5,91.7,16.0,1.0,0.0,2.0,80.0,14.5,16.9,316.0
411_2_1,411,2,1,nifedipine,Repeat,8 day,0,mg/kg,Control,nifedipine_Control_8 day,1726,98,114.0,177,0.01,0.01,178,16.0,0.2,143.0,4.0,104.0,10.9,6.9,5.7,2.6,0.8,65.0,39.0,89.0,1.0,703.0,13.7,42.7,60.7,19.5,32.2,5.8,143.6,103.7,16.0,1.0,0.0,3.0,77.0,14.1,16.4,291.0
411_2_2,411,2,2,nifedipine,Repeat,8 day,0,mg/kg,Control,nifedipine_Control_8 day,2219,73,146.0,155,0.02,0.02,191,18.0,0.2,147.0,3.9,108.0,11.1,8.2,5.9,2.7,0.8,76.0,44.0,99.0,1.0,639.0,14.0,43.2,67.7,21.9,32.4,5.7,135.4,102.9,21.0,2.0,1.0,3.0,74.0,14.4,16.3,289.0
411_2_3,411,2,3,nifedipine,Repeat,8 day,0,mg/kg,Control,nifedipine_Control_8 day,966,90,120.0,170,0.04,0.02,179,14.0,0.2,146.0,3.7,106.0,11.4,7.8,6.1,2.8,0.8,61.0,41.0,105.0,1.0,621.0,13.4,40.8,65.7,21.6,33.0,5.7,135.8,93.2,13.0,2.0,0.0,3.0,80.0,13.9,15.7,307.0
411_2_4,411,2,4,nifedipine,Repeat,8 day,0,mg/kg,Control,nifedipine_Control_8 day,1603,73,111.0,148,0.02,0.01,200,16.0,0.2,145.0,4.4,108.0,10.8,7.4,6.0,2.8,0.9,76.0,44.0,130.0,1.0,655.0,13.9,42.2,64.4,21.3,33.0,5.4,131.7,101.6,24.0,1.0,0.0,3.0,71.0,14.4,16.0,276.0
411_2_5,411,2,5,nifedipine,Repeat,8 day,0,mg/kg,Control,nifedipine_Control_8 day,1388,78,68.0,146,0.04,0.01,170,13.0,0.2,145.0,4.1,106.0,10.6,6.6,5.6,2.6,0.9,65.0,45.0,68.0,1.0,664.0,13.6,41.2,62.0,20.6,33.1,6.0,121.3,100.0,17.0,1.0,1.0,3.0,77.0,14.1,16.3,270.0
411_3_1,411,3,1,nifedipine,Repeat,15 day,0,mg/kg,Control,nifedipine_Control_15 day,2080,63,143.0,146,0.04,0.01,190,15.0,0.2,144.0,3.7,107.0,10.8,6.4,5.7,2.7,0.9,69.0,46.0,54.0,1.0,774.0,15.3,45.0,58.1,19.8,34.1,3.2,113.0,108.6,10.0,1.0,0.0,2.0,85.0,13.9,20.7,259.0
411_3_2,411,3,2,nifedipine,Repeat,15 day,0,mg/kg,Control,nifedipine_Control_15 day,1332,87,240.0,193,0.01,0.02,173,16.0,0.2,142.0,4.2,104.0,11.3,6.6,6.3,2.9,0.9,54.0,37.0,58.0,1.0,712.0,14.9,43.3,60.9,21.0,34.4,4.5,117.7,83.9,13.0,1.0,0.0,4.0,81.0,14.0,17.1,286.0
411_3_3,411,3,3,nifedipine,Repeat,15 day,0,mg/kg,Control,nifedipine_Control_15 day,2240,83,137.0,157,0.03,0.01,201,16.0,0.2,145.0,4.1,105.0,11.3,7.7,5.8,2.8,0.9,63.0,34.0,61.0,1.0,683.0,14.4,43.7,64.0,21.1,33.0,4.5,122.8,113.8,17.0,1.0,0.0,3.0,78.0,14.3,17.0,285.0
411_3_4,411,3,4,nifedipine,Repeat,15 day,0,mg/kg,Control,nifedipine_Control_15 day,1868,70,115.0,139,0.02,0.01,177,15.0,0.2,146.0,3.9,106.0,11.2,8.5,6.0,2.8,0.9,65.0,46.0,57.0,1.0,740.0,14.8,45.0,60.9,20.1,33.0,4.0,111.9,80.9,23.0,1.0,0.0,4.0,71.0,14.4,17.7,492.0
411_3_5,411,3,5,nifedipine,Repeat,15 day,0,mg/kg,Control,nifedipine_Control_15 day,1754,74,119.0,159,0.02,0.01,179,18.0,0.2,144.0,4.2,106.0,11.2,7.4,6.0,2.8,0.9,74.0,46.0,59.0,1.0,692.0,14.4,43.4,62.7,20.8,33.2,4.7,123.8,117.7,15.0,1.0,0.0,2.0,81.0,14.2,17.8,282.0
411_4_1,411,4,1,nifedipine,Repeat,29 day,0,mg/kg,Control,nifedipine_Control_29 day,1496,71,115.0,151,0.03,0.0,224,19.0,0.3,143.0,3.4,102.0,10.5,6.0,6.4,2.9,0.8,65.0,39.0,69.0,1.0,616.0,13.3,40.9,66.4,21.6,32.6,8.0,101.0,88.6,11.0,1.0,1.0,4.0,83.0,14.1,16.5,323.0
411_4_2,411,4,2,nifedipine,Repeat,29 day,0,mg/kg,Control,nifedipine_Control_29 day,899,101,248.0,200,0.03,0.01,193,18.0,0.3,144.0,4.0,106.0,10.8,5.6,6.5,2.9,0.8,64.0,38.0,73.0,1.0,632.0,13.1,40.9,64.7,20.7,32.0,7.6,153.9,108.2,12.0,1.0,1.0,4.0,81.0,13.8,15.4,316.0
411_4_3,411,4,3,nifedipine,Repeat,29 day,0,mg/kg,Control,nifedipine_Control_29 day,931,75,145.0,152,0.02,0.01,167,18.0,0.2,143.0,3.9,104.0,10.6,6.3,6.2,2.7,0.8,63.0,36.0,62.0,0.0,659.0,13.7,42.0,63.8,20.8,32.6,7.4,124.6,90.9,17.0,1.0,0.0,3.0,77.0,14.6,18.3,316.0
411_4_4,411,4,4,nifedipine,Repeat,29 day,0,mg/kg,Control,nifedipine_Control_29 day,966,57,173.0,142,0.03,0.01,192,15.0,0.3,145.0,3.9,105.0,10.7,6.2,6.2,2.8,0.8,56.0,31.0,65.0,1.0,641.0,13.3,40.6,63.4,20.8,32.8,7.3,121.4,93.6,14.0,1.0,0.0,3.0,80.0,15.3,16.4,297.0
411_4_5,411,4,5,nifedipine,Repeat,29 day,0,mg/kg,Control,nifedipine_Control_29 day,1051,71,195.0,163,0.02,0.02,188,17.0,0.3,144.0,4.2,105.0,10.8,6.6,6.4,2.9,0.8,67.0,37.0,61.0,1.0,671.0,13.6,41.9,62.5,20.2,32.4,7.0,113.5,91.7,16.0,1.0,0.0,2.0,80.0,14.5,16.9,316.0
419_1_1,419,1,1,tannic acid,Repeat,4 day,0,mg/kg,Control,tannic acid_Control_4 day,867,69,124.0,144,0.23,0.0,217,18.0,0.5,139.0,5.6,104.0,10.7,7.8,5.8,4.1,2.4,65.0,34.0,67.0,1.0,636.0,13.6,40.4,63.6,21.4,33.7,9.0,133.9,80.0,11.0,1.0,0.0,8.0,80.0,11.7,18.1,258.0
419_1_2,419,1,2,tannic acid,Repeat,4 day,0,mg/kg,Control,tannic acid_Control_4 day,729,80,126.0,142,0.34,0.0,221,18.0,0.5,140.0,4.7,104.0,11.1,7.6,5.8,3.8,1.9,59.0,37.0,72.0,1.0,595.0,12.8,38.3,64.4,21.5,33.3,8.4,107.5,126.0,13.0,1.0,0.0,8.0,78.0,11.6,17.7,231.0
419_1_3,419,1,3,tannic acid,Repeat,4 day,0,mg/kg,Control,tannic acid_Control_4 day,663,83,85.0,154,0.16,0.0,188,19.0,0.5,140.0,4.5,104.0,10.9,7.9,5.7,4.0,2.4,67.0,34.0,68.0,0.0,604.0,13.2,39.6,65.6,21.9,33.3,7.4,96.1,89.9,20.0,1.0,0.0,7.0,72.0,11.9,16.4,233.0
419_1_4,419,1,4,tannic acid,Repeat,4 day,0,mg/kg,Control,tannic acid_Control_4 day,1207,71,160.0,150,0.34,0.0,191,17.0,0.4,140.0,4.7,105.0,11.0,8.3,5.6,3.6,1.8,59.0,41.0,53.0,2.0,599.0,13.3,39.7,66.2,22.2,33.6,9.1,132.8,81.2,17.0,1.0,0.0,6.0,76.0,11.9,17.4,259.0
419_1_5,419,1,5,tannic acid,Repeat,4 day,0,mg/kg,Control,tannic acid_Control_4 day,951,73,69.0,144,0.36,0.0,193,18.0,0.5,139.0,4.6,104.0,10.8,8.5,5.7,3.7,1.9,61.0,35.0,52.0,1.0,585.0,12.9,38.7,66.2,22.0,33.3,7.7,121.5,130.0,14.0,1.0,0.0,3.0,82.0,11.6,16.0,246.0
419_2_1,419,2,1,tannic acid,Repeat,8 day,0,mg/kg,Control,tannic acid_Control_8 day,781,81,131.0,154,0.37,0.0,209,20.0,0.5,139.0,4.4,103.0,10.9,8.7,5.8,3.6,1.6,64.0,45.0,63.0,1.0,607.0,12.8,38.3,63.0,21.0,33.4,6.4,112.1,132.0,12.0,1.0,0.0,12.0,74.0,11.0,16.9,230.0
419_2_2,419,2,2,tannic acid,Repeat,8 day,0,mg/kg,Control,tannic acid_Control_8 day,765,69,75.0,131,0.42,0.0,187,17.0,0.4,138.0,4.2,103.0,10.5,7.2,5.4,3.5,1.8,70.0,36.0,51.0,1.0,589.0,12.8,38.3,64.9,21.7,33.4,6.0,115.0,156.0,15.0,1.0,0.0,4.0,80.0,12.0,16.7,195.0
419_2_3,419,2,3,tannic acid,Repeat,8 day,0,mg/kg,Control,tannic acid_Control_8 day,737,92,121.0,172,0.42,0.01,201,20.0,0.5,137.0,4.8,103.0,10.7,7.4,5.8,3.6,1.6,48.0,27.0,67.0,1.0,586.0,12.5,36.9,63.0,21.4,33.9,7.8,40.8,124.0,10.0,1.0,0.0,3.0,87.0,10.8,17.7,224.0
419_2_4,419,2,4,tannic acid,Repeat,8 day,0,mg/kg,Control,tannic acid_Control_8 day,887,100,146.0,182,0.36,0.0,187,17.0,0.5,138.0,4.5,103.0,11.1,8.2,6.1,3.8,1.7,56.0,31.0,55.0,1.0,598.0,13.1,38.7,64.8,21.8,33.7,7.6,120.6,130.0,19.0,1.0,0.0,5.0,75.0,10.8,14.9,235.0
419_2_5,419,2,5,tannic acid,Repeat,8 day,0,mg/kg,Control,tannic acid_Control_8 day,897,85,125.0,162,0.54,0.02,242,21.0,0.3,137.0,4.3,104.0,11.0,9.2,5.6,3.4,1.6,65.0,33.0,49.0,1.0,610.0,12.9,38.8,63.6,21.2,33.3,6.2,116.5,117.0,16.0,1.0,0.0,10.0,73.0,10.9,17.5,213.0
419_3_1,419,3,1,tannic acid,Repeat,15 day,0,mg/kg,Control,tannic acid_Control_15 day,707,62,99.0,119,0.28,0.0,196,18.0,0.6,139.0,4.7,102.0,10.4,7.4,5.8,3.6,1.6,63.0,34.0,88.0,0.0,727.0,14.1,42.5,58.4,19.4,33.2,4.2,135.3,114.0,17.0,2.0,0.0,4.0,77.0,11.6,15.8,250.0
419_3_2,419,3,2,tannic acid,Repeat,15 day,0,mg/kg,Control,tannic acid_Control_15 day,1097,70,179.0,147,0.28,0.0,184,21.0,0.5,140.0,4.6,106.0,10.4,7.6,6.3,3.9,1.6,64.0,33.0,73.0,1.0,645.0,13.4,39.2,60.7,20.7,34.2,6.1,139.7,168.0,11.0,1.0,0.0,5.0,83.0,11.7,16.4,259.0
419_3_3,419,3,3,tannic acid,Repeat,15 day,0,mg/kg,Control,tannic acid_Control_15 day,713,79,106.0,158,0.37,0.02,216,20.0,0.6,139.0,4.7,105.0,10.8,7.2,5.9,3.9,2.0,43.0,28.0,69.0,1.0,676.0,14.2,42.8,63.3,21.0,33.2,5.7,115.8,152.0,12.0,1.0,0.0,4.0,84.0,11.4,16.5,237.0
419_3_4,419,3,4,tannic acid,Repeat,15 day,0,mg/kg,Control,tannic acid_Control_15 day,718,72,83.0,139,0.35,0.03,209,17.0,0.6,140.0,4.2,103.0,10.8,8.0,5.8,3.9,2.1,67.0,35.0,102.0,2.0,659.0,13.9,41.8,63.4,21.0,33.1,5.3,112.8,103.0,16.0,1.0,0.0,13.0,70.0,11.2,15.1,263.0
419_3_5,419,3,5,tannic acid,Repeat,15 day,0,mg/kg,Control,tannic acid_Control_15 day,796,68,109.0,138,0.29,0.04,185,16.0,0.5,140.0,4.9,103.0,11.0,9.0,5.9,3.7,1.7,57.0,26.0,73.0,1.0,642.0,13.9,41.5,64.7,21.6,33.4,5.1,123.5,106.0,14.0,1.0,0.0,9.0,76.0,11.6,16.4,250.0
419_4_1,419,4,1,tannic acid,Repeat,29 day,0,mg/kg,Control,tannic acid_Control_29 day,481,65,162.0,143,0.29,0.0,242,21.0,0.6,140.0,4.4,104.0,10.7,6.9,6.3,4.1,1.9,58.0,32.0,82.0,1.0,706.0,13.9,41.3,58.6,19.8,33.7,2.6,115.6,167.0,9.0,1.0,0.0,8.0,82.0,12.1,18.1,224.0
419_4_2,419,4,2,tannic acid,Repeat,29 day,0,mg/kg,Control,tannic acid_Control_29 day,596,74,108.0,145,0.17,0.0,210,23.0,0.7,142.0,4.4,106.0,10.8,7.3,6.0,3.8,1.7,59.0,34.0,56.0,1.0,699.0,15.0,44.1,63.1,21.4,34.0,3.0,98.5,184.0,9.0,1.0,0.0,2.0,88.0,11.7,16.2,229.0
419_4_3,419,4,3,tannic acid,Repeat,29 day,0,mg/kg,Control,tannic acid_Control_29 day,511,95,202.0,184,0.22,0.0,205,20.0,0.6,140.0,4.4,104.0,11.2,7.2,6.4,4.0,1.7,64.0,30.0,72.0,1.0,734.0,14.5,43.3,58.9,19.7,33.5,3.2,129.4,106.0,10.0,1.0,0.0,5.0,84.0,11.7,16.2,255.0
419_4_4,419,4,4,tannic acid,Repeat,29 day,0,mg/kg,Control,tannic acid_Control_29 day,619,77,135.0,159,0.3,0.0,227,20.0,0.6,137.0,4.6,107.0,10.7,6.8,6.2,4.0,1.8,54.0,28.0,67.0,0.0,795.0,15.7,46.3,58.3,19.7,33.9,2.9,97.6,126.0,12.0,1.0,0.0,6.0,81.0,11.7,18.7,231.0
419_4_5,419,4,5,tannic acid,Repeat,29 day,0,mg/kg,Control,tannic acid_Control_29 day,610,57,100.0,132,0.16,0.03,223,18.0,0.6,139.0,4.3,106.0,11.5,7.3,6.0,3.8,1.7,49.0,23.0,41.0,0.0,758.0,14.4,43.2,56.9,19.0,33.4,2.4,120.7,138.0,9.0,1.0,0.0,5.0,85.0,11.6,17.1,206.0
421_1_1,421,1,1,captopril,Repeat,4 day,0,mg/kg,Control,captopril_Control_4 day,1045,62,58.0,130,0.3,0.03,219,20.0,0.5,138.0,5.6,107.0,11.0,8.8,5.7,3.9,2.2,64.0,34.0,133.0,0.0,648.0,13.9,42.1,65.0,21.4,33.0,7.7,155.7,133.0,10.0,1.0,0.0,9.0,80.0,10.9,16.4,227.0
421_1_2,421,1,2,captopril,Repeat,4 day,0,mg/kg,Control,captopril_Control_4 day,981,92,143.0,175,0.33,0.0,195,18.0,0.5,140.0,4.4,107.0,11.3,9.1,5.9,3.8,1.8,72.0,49.0,94.0,2.0,624.0,13.1,40.0,64.1,21.1,32.8,7.0,108.6,119.0,8.0,1.0,0.0,5.0,86.0,10.8,15.2,224.0
421_1_3,421,1,3,captopril,Repeat,4 day,0,mg/kg,Control,captopril_Control_4 day,1255,66,118.0,131,0.39,0.02,194,18.0,0.5,139.0,4.9,107.0,11.2,8.2,5.6,3.8,2.1,69.0,42.0,79.0,2.0,652.0,13.9,43.2,66.3,21.3,32.1,7.4,107.6,150.0,10.0,1.0,0.0,6.0,83.0,11.6,15.6,193.0
421_1_4,421,1,4,captopril,Repeat,4 day,0,mg/kg,Control,captopril_Control_4 day,1077,74,129.0,159,0.4,0.03,203,16.0,0.4,139.0,4.5,106.0,11.8,9.2,5.8,3.8,1.9,56.0,39.0,51.0,1.0,612.0,12.9,39.6,64.6,21.1,32.6,6.9,108.7,60.4,17.0,2.0,0.0,7.0,74.0,11.2,16.3,247.0
421_1_5,421,1,5,captopril,Repeat,4 day,0,mg/kg,Control,captopril_Control_4 day,880,59,55.0,117,0.4,0.0,177,16.0,0.5,139.0,4.7,106.0,11.3,9.0,5.6,3.9,2.3,63.0,38.0,74.0,1.0,589.0,13.3,40.2,68.2,22.5,33.0,9.1,106.1,133.0,6.0,1.0,0.0,2.0,91.0,11.8,17.2,218.0
421_2_1,421,2,1,captopril,Repeat,8 day,0,mg/kg,Control,captopril_Control_8 day,1173,65,71.0,132,0.35,0.01,204,20.0,0.6,143.0,4.9,107.0,10.4,7.4,5.7,3.7,1.9,56.0,31.0,86.0,1.0,651.0,14.0,42.5,65.3,21.5,32.9,6.0,107.4,127.0,6.0,1.0,0.0,7.0,86.0,11.4,16.6,215.0
421_2_2,421,2,2,captopril,Repeat,8 day,0,mg/kg,Control,captopril_Control_8 day,910,64,71.0,126,0.27,0.0,200,18.0,0.5,142.0,4.8,105.0,10.8,8.5,5.9,4.0,2.1,59.0,35.0,67.0,1.0,664.0,13.6,41.0,61.8,20.5,33.1,6.6,106.0,212.0,11.0,1.0,0.0,2.0,86.0,11.7,15.8,212.0
421_2_3,421,2,3,captopril,Repeat,8 day,0,mg/kg,Control,captopril_Control_8 day,1007,69,91.0,144,0.22,0.0,192,19.0,0.6,140.0,5.1,108.0,11.1,8.4,5.8,3.9,2.1,66.0,40.0,72.0,1.0,624.0,13.9,41.6,66.7,22.2,33.4,6.9,130.4,151.0,17.0,1.0,0.0,3.0,80.0,10.2,16.2,200.0
421_2_4,421,2,4,captopril,Repeat,8 day,0,mg/kg,Control,captopril_Control_8 day,1174,56,70.0,125,0.28,0.0,194,18.0,0.5,142.0,5.1,110.0,10.6,7.5,5.8,4.0,2.2,68.0,42.0,69.0,1.0,683.0,14.0,42.3,61.9,20.5,33.1,3.9,112.7,86.7,11.0,0.0,0.0,3.0,85.0,10.1,18.0,204.0
421_2_5,421,2,5,captopril,Repeat,8 day,0,mg/kg,Control,captopril_Control_8 day,928,72,96.0,134,0.35,0.0,200,19.0,0.6,140.0,4.6,105.0,11.3,8.5,6.0,3.6,1.5,61.0,41.0,68.0,2.0,645.0,13.6,41.3,64.0,21.0,32.9,7.0,111.8,148.0,17.0,1.0,0.0,5.0,78.0,10.2,16.3,215.0
421_3_1,421,3,1,captopril,Repeat,15 day,0,mg/kg,Control,captopril_Control_15 day,909,69,169.0,143,0.29,0.0,211,17.0,0.5,139.0,4.8,108.0,10.1,7.3,6.1,3.8,1.7,65.0,35.0,97.0,1.0,717.0,14.7,44.1,61.6,20.5,33.4,4.1,113.4,156.0,11.0,1.0,0.0,11.0,78.0,12.0,17.7,216.0
421_3_2,421,3,2,captopril,Repeat,15 day,0,mg/kg,Control,captopril_Control_15 day,724,81,114.0,156,0.33,0.0,196,17.0,0.6,141.0,4.5,107.0,10.7,8.1,6.1,4.0,1.9,52.0,29.0,78.0,1.0,690.0,13.8,41.6,60.3,20.0,33.2,4.2,121.7,96.5,8.0,1.0,0.0,3.0,87.0,11.1,16.6,248.0
421_3_3,421,3,3,captopril,Repeat,15 day,0,mg/kg,Control,captopril_Control_15 day,953,83,202.0,175,0.32,0.0,205,20.0,0.6,140.0,4.3,108.0,10.7,8.0,6.0,3.9,1.9,62.0,32.0,73.0,1.0,656.0,13.8,42.4,64.6,21.1,32.6,4.0,107.0,131.0,10.0,1.0,0.0,5.0,84.0,11.6,15.9,245.0
421_3_4,421,3,4,captopril,Repeat,15 day,0,mg/kg,Control,captopril_Control_15 day,862,93,128.0,185,0.37,0.0,204,18.0,0.6,139.0,4.4,107.0,11.0,7.8,6.1,4.1,2.1,63.0,28.0,69.0,2.0,714.0,14.5,43.7,61.2,20.3,33.2,4.1,110.9,105.0,15.0,1.0,0.0,5.0,80.0,11.3,17.9,235.0
421_3_5,421,3,5,captopril,Repeat,15 day,0,mg/kg,Control,captopril_Control_15 day,1134,101,147.0,189,0.26,0.0,197,17.0,0.4,138.0,4.4,105.0,10.8,9.1,5.8,3.9,2.1,59.0,39.0,67.0,1.0,697.0,14.5,43.9,63.0,20.8,33.0,3.9,109.2,123.0,18.0,1.0,0.0,6.0,75.0,11.1,16.5,247.0
421_4_1,421,4,1,captopril,Repeat,29 day,0,mg/kg,Control,captopril_Control_29 day,805,89,147.0,177,0.15,0.0,211,20.0,0.6,140.0,4.2,106.0,10.6,8.0,6.5,4.2,1.8,73.0,34.0,175.0,0.0,788.0,14.8,44.3,56.2,18.8,33.4,2.5,121.1,182.0,4.0,1.0,0.0,4.0,91.0,11.8,15.0,246.0
421_4_2,421,4,2,captopril,Repeat,29 day,0,mg/kg,Control,captopril_Control_29 day,559,78,172.0,167,0.29,0.0,207,20.0,0.5,140.0,4.4,106.0,10.4,7.2,6.1,3.8,1.7,61.0,34.0,82.0,0.0,720.0,13.9,41.5,57.7,19.4,33.5,2.8,103.2,164.0,9.0,1.0,0.0,3.0,87.0,11.5,16.1,229.0
421_4_3,421,4,3,captopril,Repeat,29 day,0,mg/kg,Control,captopril_Control_29 day,696,55,97.0,119,0.24,0.03,216,20.0,0.6,140.0,4.3,106.0,10.6,8.0,6.0,4.0,2.0,52.0,33.0,95.0,1.0,752.0,14.9,44.8,59.6,19.8,33.2,2.6,109.1,104.0,9.0,1.0,0.0,3.0,87.0,12.0,17.7,210.0
421_4_4,421,4,4,captopril,Repeat,29 day,0,mg/kg,Control,captopril_Control_29 day,583,53,123.0,132,0.37,0.03,225,22.0,0.6,141.0,3.9,108.0,10.3,7.3,5.8,3.8,1.9,50.0,25.0,103.0,1.0,806.0,14.7,44.8,55.5,18.2,32.8,1.9,107.7,160.0,7.0,1.0,0.0,4.0,88.0,12.1,17.4,213.0
421_4_5,421,4,5,captopril,Repeat,29 day,0,mg/kg,Control,captopril_Control_29 day,522,71,173.0,155,0.45,0.07,209,20.0,0.6,138.0,4.5,105.0,10.6,7.8,6.0,3.8,1.7,54.0,31.0,96.0,1.0,743.0,14.0,43.1,58.0,18.9,32.6,2.9,93.5,161.0,10.0,1.0,0.0,8.0,81.0,12.0,17.4,251.0
428_1_1,428,1,1,theophylline,Repeat,4 day,0,mg/kg,Control,theophylline_Control_4 day,1559,91,82.0,159,0.0,0.0,202,18.0,0.3,141.0,4.0,106.0,10.7,8.2,5.5,3.0,1.2,60.0,40.0,150.0,1.0,639.0,13.7,40.7,63.7,21.5,33.7,7.2,104.5,78.9,10.0,0.0,0.0,4.0,83.0,14.9,23.8,350.0
428_1_2,428,1,2,theophylline,Repeat,4 day,0,mg/kg,Control,theophylline_Control_4 day,1731,76,100.0,154,0.0,0.0,218,20.0,0.2,140.0,4.4,108.0,10.7,8.7,5.4,3.0,1.3,85.0,70.0,208.0,1.0,630.0,13.1,39.6,62.9,20.9,33.2,7.2,121.4,125.6,13.0,1.0,0.0,3.0,82.0,15.1,22.7,313.0
428_1_3,428,1,3,theophylline,Repeat,4 day,0,mg/kg,Control,theophylline_Control_4 day,1326,76,101.0,140,0.0,0.0,196,15.0,0.2,141.0,4.5,105.0,10.9,9.1,5.6,3.0,1.2,62.0,43.0,187.0,2.0,629.0,13.3,38.7,61.6,21.1,34.2,6.9,122.9,90.5,17.0,1.0,0.0,3.0,78.0,15.0,23.9,326.0
428_1_4,428,1,4,theophylline,Repeat,4 day,0,mg/kg,Control,theophylline_Control_4 day,2283,106,78.0,175,0.0,0.0,212,19.0,0.2,142.0,4.2,106.0,10.7,7.8,5.8,3.1,1.1,81.0,49.0,225.0,2.0,633.0,13.0,39.3,62.0,20.5,33.1,7.1,109.6,110.9,24.0,1.0,0.0,4.0,70.0,14.7,21.9,313.0
428_1_5,428,1,5,theophylline,Repeat,4 day,0,mg/kg,Control,theophylline_Control_4 day,2105,76,120.0,155,0.0,0.0,191,16.0,0.2,141.0,4.3,104.0,10.5,8.8,5.3,2.8,1.1,69.0,40.0,148.0,2.0,596.0,13.1,39.2,65.7,22.0,33.5,8.0,115.3,138.9,12.0,1.0,0.0,2.0,84.0,15.4,23.1,270.0
428_2_1,428,2,1,theophylline,Repeat,8 day,0,mg/kg,Control,theophylline_Control_8 day,1602,71,73.0,140,0.0,0.0,203,21.0,0.2,141.0,4.3,107.0,10.2,7.1,5.6,3.1,1.2,78.0,40.0,184.0,2.0,684.0,13.9,41.0,59.9,20.3,33.9,4.8,109.9,82.2,18.0,1.0,0.0,3.0,77.0,15.9,21.0,302.0
428_2_2,428,2,2,theophylline,Repeat,8 day,0,mg/kg,Control,theophylline_Control_8 day,1668,55,95.0,120,0.0,0.0,221,21.0,0.2,140.0,4.4,106.0,10.3,7.8,5.3,2.9,1.2,91.0,51.0,331.0,2.0,657.0,13.7,40.2,61.3,20.8,34.0,6.4,107.8,116.3,14.0,1.0,0.0,2.0,81.0,16.3,22.0,308.0
428_2_3,428,2,3,theophylline,Repeat,8 day,0,mg/kg,Control,theophylline_Control_8 day,1492,66,138.0,154,0.0,0.0,216,19.0,0.2,141.0,4.9,105.0,10.6,7.6,5.7,2.9,1.1,72.0,42.0,184.0,2.0,630.0,13.6,39.6,62.9,21.5,34.2,7.6,104.6,80.4,23.0,1.0,0.0,3.0,72.0,15.5,21.5,297.0
428_2_4,428,2,4,theophylline,Repeat,8 day,0,mg/kg,Control,theophylline_Control_8 day,1629,72,107.0,145,0.0,0.0,181,18.0,0.2,143.0,4.7,110.0,10.2,7.4,5.5,3.1,1.3,76.0,39.0,192.0,1.0,705.0,14.4,41.8,59.3,20.4,34.4,4.2,123.0,185.0,11.0,1.0,0.0,2.0,86.0,16.3,20.9,281.0
428_2_5,428,2,5,theophylline,Repeat,8 day,0,mg/kg,Control,theophylline_Control_8 day,1443,83,118.0,167,0.0,0.0,240,21.0,0.2,142.0,4.5,105.0,10.3,7.5,6.1,3.0,1.0,85.0,47.0,375.0,2.0,634.0,13.7,39.8,62.8,21.6,34.5,6.8,114.8,104.9,21.0,1.0,0.0,4.0,73.0,15.1,23.4,339.0
428_3_1,428,3,1,theophylline,Repeat,15 day,0,mg/kg,Control,theophylline_Control_15 day,1041,50,116.0,124,0.01,0.0,198,19.0,0.2,143.0,4.5,108.0,10.0,7.0,5.8,3.1,1.2,76.0,41.0,286.0,2.0,734.0,14.8,44.0,60.0,20.1,33.5,3.8,104.9,118.1,11.0,1.0,0.0,1.0,85.0,15.6,23.6,300.0
428_3_2,428,3,2,theophylline,Repeat,15 day,0,mg/kg,Control,theophylline_Control_15 day,1263,67,137.0,141,0.0,0.0,183,17.0,0.2,142.0,4.5,109.0,10.2,5.9,6.0,3.0,1.0,70.0,40.0,159.0,3.0,724.0,15.2,45.3,62.6,21.0,33.6,4.1,106.4,140.7,21.0,1.0,0.0,4.0,73.0,15.6,27.1,319.0
428_3_3,428,3,3,theophylline,Repeat,15 day,0,mg/kg,Control,theophylline_Control_15 day,1452,70,100.0,141,0.0,0.0,179,19.0,0.2,142.0,4.4,107.0,10.5,8.5,5.9,3.0,1.1,75.0,42.0,153.0,4.0,708.0,14.7,42.6,60.1,20.8,34.6,4.0,134.1,115.8,13.0,0.0,0.0,2.0,83.0,15.9,23.6,317.0
428_3_4,428,3,4,theophylline,Repeat,15 day,0,mg/kg,Control,theophylline_Control_15 day,1827,71,110.0,137,0.01,0.0,195,18.0,0.2,140.0,4.5,105.0,10.5,7.4,5.8,3.0,1.1,64.0,36.0,146.0,2.0,639.0,13.9,40.3,63.0,21.8,34.5,5.0,101.0,180.5,16.0,1.0,0.0,4.0,77.0,15.6,22.7,337.0
428_3_5,428,3,5,theophylline,Repeat,15 day,0,mg/kg,Control,theophylline_Control_15 day,1590,99,214.0,203,0.0,0.0,186,20.0,0.2,143.0,4.1,106.0,10.5,7.9,6.2,3.2,1.1,57.0,32.0,178.0,2.0,654.0,13.8,40.3,61.6,21.1,34.2,5.3,126.5,136.1,15.0,1.0,0.0,4.0,78.0,15.5,24.2,350.0
428_4_1,428,4,1,theophylline,Repeat,29 day,0,mg/kg,Control,theophylline_Control_29 day,1209,72,182.0,155,0.02,0.0,198,18.0,0.2,142.0,4.0,106.0,10.5,6.4,6.3,3.2,1.0,60.0,33.0,109.0,4.0,833.0,15.4,44.3,53.2,18.5,34.8,2.7,102.9,141.2,16.0,1.0,0.0,2.0,79.0,16.4,25.1,352.0
428_4_2,428,4,2,theophylline,Repeat,29 day,0,mg/kg,Control,theophylline_Control_29 day,862,47,182.0,119,0.01,0.0,224,18.0,0.3,144.0,4.1,106.0,10.3,7.6,6.0,3.2,1.1,64.0,35.0,131.0,2.0,810.0,15.2,43.3,53.5,18.8,35.2,2.0,98.8,100.2,8.0,1.0,0.0,1.0,88.0,16.3,24.2,316.0
428_4_3,428,4,3,theophylline,Repeat,29 day,0,mg/kg,Control,theophylline_Control_29 day,1052,78,87.0,147,0.01,0.0,230,18.0,0.2,141.0,3.9,106.0,10.0,6.2,5.7,2.9,1.0,75.0,44.0,141.0,3.0,762.0,14.6,42.3,55.6,19.2,34.6,2.6,82.3,121.3,14.0,1.0,0.0,2.0,80.0,15.7,22.0,272.0
428_4_4,428,4,4,theophylline,Repeat,29 day,0,mg/kg,Control,theophylline_Control_29 day,1435,68,118.0,141,0.01,0.0,201,19.0,0.2,143.0,4.0,107.0,10.2,6.0,6.1,3.0,1.0,63.0,41.0,128.0,3.0,725.0,14.2,40.8,56.3,19.6,34.8,3.0,108.7,95.7,18.0,1.0,0.0,2.0,77.0,16.2,26.0,286.0
428_4_5,428,4,5,theophylline,Repeat,29 day,0,mg/kg,Control,theophylline_Control_29 day,1143,60,159.0,141,0.0,0.0,170,18.0,0.2,142.0,4.3,107.0,10.5,6.3,6.2,3.1,1.0,62.0,40.0,152.0,2.0,785.0,14.6,42.5,54.2,18.6,34.4,3.0,101.1,108.2,19.0,1.0,0.0,1.0,77.0,16.2,27.4,289.0
430_1_1,430,1,1,caffeine,Repeat,4 day,0,mg/kg,Control,caffeine_Control_4 day,1441,58,87.0,116,0.0,0.0,185,14.0,0.2,145.0,3.9,106.0,10.9,8.4,5.6,3.0,1.2,75.0,51.0,160.0,2.0,684.0,13.4,40.6,59.4,19.6,32.9,6.4,108.6,70.6,20.0,0.0,0.0,2.0,77.0,15.9,21.7,302.0
430_1_2,430,1,2,caffeine,Repeat,4 day,0,mg/kg,Control,caffeine_Control_4 day,1611,74,51.0,132,0.01,0.0,189,15.0,0.2,146.0,3.7,108.0,11.0,7.8,5.6,3.0,1.1,74.0,46.0,127.0,1.0,632.0,13.6,41.1,65.1,21.5,33.0,6.8,107.9,79.8,9.0,0.0,0.0,2.0,88.0,15.8,21.1,296.0
430_1_3,430,1,3,caffeine,Repeat,4 day,0,mg/kg,Control,caffeine_Control_4 day,1532,78,70.0,143,0.0,0.0,190,18.0,0.2,147.0,4.5,109.0,10.7,7.7,5.5,3.1,1.3,74.0,48.0,181.0,2.0,601.0,13.0,39.4,65.5,21.5,32.9,6.2,112.1,87.4,12.0,1.0,0.0,2.0,85.0,15.6,22.4,319.0
430_1_4,430,1,4,caffeine,Repeat,4 day,0,mg/kg,Control,caffeine_Control_4 day,1224,74,70.0,130,0.0,0.0,178,17.0,0.2,147.0,4.1,109.0,11.0,7.9,5.5,2.9,1.1,77.0,48.0,149.0,1.0,596.0,12.7,37.7,63.2,21.3,33.6,6.2,123.2,84.3,21.0,1.0,0.0,2.0,75.0,15.3,22.6,321.0
430_1_5,430,1,5,caffeine,Repeat,4 day,0,mg/kg,Control,caffeine_Control_4 day,1369,62,139.0,138,0.01,0.0,194,19.0,0.2,146.0,4.5,109.0,10.7,7.7,5.6,3.1,1.2,85.0,63.0,178.0,1.0,622.0,13.5,40.6,65.3,21.7,33.3,6.4,115.9,76.3,16.0,1.0,0.0,2.0,81.0,16.1,21.9,317.0
430_2_1,430,2,1,caffeine,Repeat,8 day,0,mg/kg,Control,caffeine_Control_8 day,1678,84,149.0,164,0.0,0.0,202,16.0,0.1,141.0,4.6,104.0,10.6,8.4,5.5,3.0,1.2,68.0,52.0,145.0,3.0,671.0,13.4,39.8,59.3,19.9,33.6,6.1,106.9,116.8,21.0,1.0,0.0,2.0,75.0,15.5,24.0,333.0
430_2_2,430,2,2,caffeine,Repeat,8 day,0,mg/kg,Control,caffeine_Control_8 day,1831,76,135.0,143,0.0,0.0,187,17.0,0.2,140.0,4.9,108.0,10.3,6.6,5.5,3.1,1.3,66.0,38.0,194.0,1.0,648.0,13.8,40.7,62.8,21.2,33.8,5.0,114.0,94.2,17.0,1.0,0.0,1.0,80.0,15.2,21.7,388.0
430_2_3,430,2,3,caffeine,Repeat,8 day,0,mg/kg,Control,caffeine_Control_8 day,2518,92,103.0,176,0.0,0.0,232,18.0,0.1,140.0,4.6,103.0,10.7,8.0,5.5,2.9,1.1,66.0,51.0,164.0,3.0,609.0,13.3,39.7,65.3,21.8,33.4,6.4,137.0,98.3,15.0,0.0,0.0,2.0,82.0,15.2,25.1,339.0
430_2_4,430,2,4,caffeine,Repeat,8 day,0,mg/kg,Control,caffeine_Control_8 day,1454,57,109.0,120,0.0,0.0,188,19.0,0.2,142.0,4.7,107.0,10.4,7.4,5.5,3.0,1.2,69.0,41.0,247.0,1.0,646.0,14.0,40.9,63.3,21.7,34.3,5.8,116.3,155.3,13.0,1.0,0.0,2.0,83.0,15.6,20.0,331.0
430_2_5,430,2,5,caffeine,Repeat,8 day,0,mg/kg,Control,caffeine_Control_8 day,2485,74,97.0,143,0.0,0.0,180,21.0,0.1,142.0,4.5,108.0,10.7,7.9,5.3,3.0,1.3,84.0,48.0,178.0,1.0,650.0,14.0,42.3,65.2,21.6,33.1,6.6,106.6,137.4,21.0,1.0,0.0,2.0,75.0,15.5,21.6,322.0
430_3_1,430,3,1,caffeine,Repeat,15 day,0,mg/kg,Control,caffeine_Control_15 day,1587,66,188.0,159,0.0,0.0,225,20.0,0.2,142.0,4.5,104.0,10.8,7.2,5.9,3.2,1.2,60.0,42.0,188.0,3.0,653.0,13.8,40.6,62.2,21.1,33.8,5.4,101.4,175.9,12.0,1.0,0.0,3.0,83.0,15.3,23.3,317.0
430_3_2,430,3,2,caffeine,Repeat,15 day,0,mg/kg,Control,caffeine_Control_15 day,1476,74,148.0,152,0.0,0.0,221,24.0,0.2,141.0,5.0,103.0,10.8,7.8,6.1,3.0,1.0,63.0,36.0,143.0,3.0,684.0,13.7,40.0,58.5,20.1,34.3,4.1,129.9,93.5,10.0,1.0,0.0,3.0,84.0,15.5,22.2,324.0
430_3_3,430,3,3,caffeine,Repeat,15 day,0,mg/kg,Control,caffeine_Control_15 day,1685,76,155.0,155,0.0,0.0,246,20.0,0.2,141.0,4.5,104.0,10.3,7.7,5.7,2.9,1.1,68.0,37.0,205.0,2.0,677.0,13.6,39.8,58.8,20.1,34.1,4.2,135.3,134.5,9.0,1.0,0.0,3.0,86.0,15.6,22.4,329.0
430_3_4,430,3,4,caffeine,Repeat,15 day,0,mg/kg,Control,caffeine_Control_15 day,1343,64,139.0,140,0.0,0.0,194,20.0,0.2,142.0,4.6,106.0,10.4,7.1,5.5,2.9,1.1,75.0,44.0,216.0,2.0,730.0,14.2,41.8,57.2,19.5,34.0,2.9,97.8,102.7,15.0,1.0,0.0,2.0,81.0,16.2,23.5,288.0
430_3_5,430,3,5,caffeine,Repeat,15 day,0,mg/kg,Control,caffeine_Control_15 day,1771,69,121.0,151,0.0,0.0,194,17.0,0.2,143.0,4.0,106.0,10.4,7.5,5.8,3.2,1.2,76.0,45.0,153.0,2.0,696.0,15.0,43.3,62.2,21.6,34.7,4.9,122.5,81.2,11.0,1.0,0.0,1.0,87.0,15.0,21.5,299.0
430_4_1,430,4,1,caffeine,Repeat,29 day,0,mg/kg,Control,caffeine_Control_29 day,1109,71,144.0,142,0.01,0.0,203,17.0,0.3,144.0,3.7,102.0,10.2,7.7,6.0,3.0,1.0,70.0,45.0,178.0,2.0,792.0,14.6,43.2,54.6,18.4,33.8,2.7,101.7,79.0,15.0,1.0,0.0,2.0,81.0,15.4,26.6,292.0
430_4_2,430,4,2,caffeine,Repeat,29 day,0,mg/kg,Control,caffeine_Control_29 day,1005,64,106.0,132,0.0,0.0,201,19.0,0.2,144.0,3.8,105.0,10.5,6.0,6.1,3.3,1.2,70.0,50.0,179.0,2.0,752.0,15.0,43.6,58.0,20.0,34.5,2.5,107.7,87.5,17.0,1.0,0.0,1.0,80.0,15.8,24.9,322.0
430_4_3,430,4,3,caffeine,Repeat,29 day,0,mg/kg,Control,caffeine_Control_29 day,1048,66,85.0,137,0.01,0.0,190,17.0,0.2,143.0,4.2,107.0,10.3,5.9,5.9,3.1,1.1,68.0,43.0,135.0,2.0,821.0,15.1,43.0,52.4,18.4,35.1,2.6,97.3,89.0,19.0,2.0,0.0,1.0,77.0,15.6,24.1,322.0
430_4_4,430,4,4,caffeine,Repeat,29 day,0,mg/kg,Control,caffeine_Control_29 day,899,86,245.0,177,0.0,0.0,202,19.0,0.2,142.0,4.5,106.0,10.9,7.2,6.4,3.2,1.0,57.0,37.0,119.0,3.0,757.0,15.7,45.5,60.0,20.7,34.4,2.8,89.0,81.5,14.0,1.0,0.0,2.0,80.0,16.1,26.4,335.0
430_4_5,430,4,5,caffeine,Repeat,29 day,0,mg/kg,Control,caffeine_Control_29 day,1129,68,114.0,137,0.0,0.0,191,23.0,0.3,142.0,4.2,105.0,10.3,6.1,5.9,3.1,1.1,68.0,43.0,119.0,2.0,769.0,15.1,42.8,55.7,19.6,35.3,2.6,114.6,179.4,9.0,1.0,0.0,2.0,87.0,15.8,25.1,314.0
432_1_1,432,1,1,papaverine,Repeat,4 day,0,mg/kg,Control,papaverine_Control_4 day,1477,72,89.0,131,0.0,0.0,187,17.0,0.2,142.0,4.3,109.0,10.5,7.3,5.3,2.9,1.2,71.0,37.0,152.0,1.0,631.0,13.2,39.1,62.0,21.0,33.8,5.9,123.6,127.6,13.0,1.0,0.0,2.0,83.0,16.1,19.4,296.0
432_1_2,432,1,2,papaverine,Repeat,4 day,0,mg/kg,Control,papaverine_Control_4 day,1677,68,112.0,134,0.01,0.0,207,17.0,0.2,142.0,3.9,109.0,10.7,6.5,5.4,3.0,1.2,70.0,38.0,154.0,1.0,691.0,14.2,42.8,61.9,20.6,33.2,5.8,114.3,105.9,15.0,1.0,0.0,2.0,81.0,16.2,25.1,352.0
432_1_3,432,1,3,papaverine,Repeat,4 day,0,mg/kg,Control,papaverine_Control_4 day,1679,71,145.0,144,0.0,0.0,228,16.0,0.2,143.0,4.1,107.0,11.3,6.8,5.8,3.2,1.2,68.0,38.0,161.0,1.0,654.0,13.9,42.1,64.4,21.3,33.0,7.3,82.4,91.8,15.0,1.0,0.0,3.0,79.0,15.4,20.2,348.0
432_1_4,432,1,4,papaverine,Repeat,4 day,0,mg/kg,Control,papaverine_Control_4 day,1393,70,85.0,132,0.01,0.0,198,15.0,0.2,144.0,4.1,108.0,11.2,8.1,5.6,3.0,1.2,76.0,47.0,234.0,1.0,638.0,13.5,40.3,63.2,21.2,33.6,7.0,137.3,111.2,17.0,1.0,0.0,2.0,79.0,15.5,19.3,309.0
432_1_5,432,1,5,papaverine,Repeat,4 day,0,mg/kg,Control,papaverine_Control_4 day,1638,79,149.0,141,0.0,0.0,191,15.0,0.2,142.0,4.5,108.0,11.2,7.2,5.6,2.9,1.1,66.0,47.0,157.0,2.0,614.0,12.9,39.0,63.4,21.0,33.2,7.2,114.4,90.7,12.0,1.0,0.0,2.0,84.0,15.7,21.6,329.0
432_2_1,432,2,1,papaverine,Repeat,8 day,0,mg/kg,Control,papaverine_Control_8 day,1305,79,103.0,161,0.0,0.0,205,24.0,0.2,140.0,4.4,105.0,10.3,7.5,5.6,3.0,1.2,70.0,40.0,169.0,2.0,653.0,13.5,38.6,59.2,20.6,34.9,5.0,111.3,103.2,20.0,1.0,0.0,3.0,74.0,15.3,20.6,280.0
432_2_2,432,2,2,papaverine,Repeat,8 day,0,mg/kg,Control,papaverine_Control_8 day,1364,88,96.0,165,0.0,0.0,199,17.0,0.1,141.0,4.4,109.0,10.6,6.8,5.5,3.0,1.2,98.0,55.0,320.0,2.0,612.0,13.2,38.9,63.6,21.5,33.8,6.7,127.5,125.2,14.0,1.0,0.0,2.0,81.0,15.4,23.7,316.0
432_2_3,432,2,3,papaverine,Repeat,8 day,0,mg/kg,Control,papaverine_Control_8 day,1198,64,71.0,119,0.0,0.0,199,20.0,0.2,139.0,4.3,109.0,10.0,5.7,5.2,2.9,1.2,84.0,43.0,287.0,2.0,660.0,13.8,40.9,61.9,21.0,33.9,4.9,116.6,143.1,9.0,1.0,0.0,3.0,86.0,16.0,25.0,288.0
432_2_4,432,2,4,papaverine,Repeat,8 day,0,mg/kg,Control,papaverine_Control_8 day,1424,81,81.0,152,0.0,0.0,211,19.0,0.2,141.0,4.8,106.0,10.3,7.5,5.7,3.1,1.2,71.0,40.0,232.0,2.0,649.0,13.6,40.7,62.7,21.0,33.6,6.6,96.8,108.8,22.0,0.0,0.0,4.0,73.0,15.9,22.9,329.0
432_2_5,432,2,5,papaverine,Repeat,8 day,0,mg/kg,Control,papaverine_Control_8 day,1499,63,157.0,147,0.0,0.0,202,17.0,0.2,141.0,4.0,107.0,10.1,5.8,5.5,3.0,1.2,88.0,57.0,233.0,2.0,696.0,14.5,42.2,60.7,20.8,34.3,4.8,106.5,147.9,9.0,1.0,0.0,2.0,86.0,15.7,23.7,282.0
432_3_1,432,3,1,papaverine,Repeat,15 day,0,mg/kg,Control,papaverine_Control_15 day,1488,79,119.0,140,0.01,0.0,203,15.0,0.2,144.0,4.5,106.0,10.3,6.1,5.5,3.0,1.2,64.0,35.0,169.0,2.0,713.0,14.2,41.6,58.4,19.9,34.1,4.6,102.1,113.2,11.0,1.0,0.0,1.0,86.0,15.3,21.2,321.0
432_3_2,432,3,2,papaverine,Repeat,15 day,0,mg/kg,Control,papaverine_Control_15 day,1443,64,141.0,138,0.02,0.0,214,17.0,0.2,143.0,3.7,105.0,10.7,7.7,5.7,3.0,1.1,74.0,42.0,181.0,3.0,715.0,14.3,42.2,59.0,20.0,34.0,5.1,119.6,95.8,14.0,1.0,0.0,2.0,82.0,15.7,25.3,302.0
432_3_3,432,3,3,papaverine,Repeat,15 day,0,mg/kg,Control,papaverine_Control_15 day,1202,91,111.0,163,0.02,0.0,191,17.0,0.2,142.0,4.5,105.0,10.5,6.8,6.1,3.2,1.1,67.0,50.0,164.0,3.0,668.0,14.4,42.2,63.2,21.6,34.1,6.0,112.1,130.9,20.0,1.0,0.0,3.0,73.0,15.3,22.4,316.0
432_3_4,432,3,4,papaverine,Repeat,15 day,0,mg/kg,Control,papaverine_Control_15 day,1671,84,114.0,161,0.02,0.0,217,19.0,0.2,143.0,4.6,108.0,10.7,6.4,5.7,2.9,1.0,65.0,42.0,145.0,3.0,725.0,14.6,43.1,59.4,20.1,33.8,4.9,82.5,120.6,12.0,1.0,0.0,2.0,83.0,15.5,22.0,319.0
432_3_5,432,3,5,papaverine,Repeat,15 day,0,mg/kg,Control,papaverine_Control_15 day,1103,74,111.0,140,0.01,0.0,173,20.0,0.2,142.0,4.6,109.0,10.2,6.3,5.6,2.9,1.1,65.0,42.0,164.0,1.0,714.0,15.5,44.6,62.4,21.7,34.7,4.3,118.6,139.6,9.0,1.0,0.0,3.0,86.0,15.5,23.1,326.0
432_4_1,432,4,1,papaverine,Repeat,29 day,0,mg/kg,Control,papaverine_Control_29 day,1266,82,125.0,158,0.02,0.0,225,19.0,0.2,140.0,3.9,103.0,10.3,6.9,5.9,3.1,1.1,67.0,44.0,154.0,3.0,757.0,14.1,42.5,56.1,18.7,33.3,3.4,114.0,137.8,21.0,1.0,0.0,2.0,75.0,15.8,23.7,314.0
432_4_2,432,4,2,papaverine,Repeat,29 day,0,mg/kg,Control,papaverine_Control_29 day,1594,63,160.0,146,0.01,0.0,243,20.0,0.2,142.0,4.1,105.0,10.6,6.4,5.9,3.3,1.3,61.0,45.0,173.0,3.0,794.0,14.9,46.3,58.4,18.8,32.1,3.0,96.8,132.2,20.0,2.0,0.0,2.0,75.0,16.1,20.3,340.0
432_4_3,432,4,3,papaverine,Repeat,29 day,0,mg/kg,Control,papaverine_Control_29 day,1064,87,93.0,149,0.01,0.0,203,21.0,0.1,142.0,4.3,106.0,10.1,6.1,5.7,3.0,1.1,77.0,51.0,175.0,4.0,801.0,14.5,43.7,54.5,18.2,33.3,2.6,89.6,124.2,13.0,2.0,0.0,1.0,83.0,16.1,26.8,286.0
432_4_4,432,4,4,papaverine,Repeat,29 day,0,mg/kg,Control,papaverine_Control_29 day,1118,82,137.0,165,0.0,0.0,204,19.0,0.2,142.0,4.1,105.0,10.0,6.1,5.9,3.0,1.0,73.0,43.0,173.0,3.0,738.0,14.4,43.1,58.4,19.4,33.3,3.2,97.8,108.9,26.0,2.0,0.0,3.0,69.0,15.5,24.9,350.0
432_4_5,432,4,5,papaverine,Repeat,29 day,0,mg/kg,Control,papaverine_Control_29 day,1113,54,148.0,119,0.0,0.0,182,21.0,0.2,141.0,4.1,106.0,9.8,5.3,5.6,3.0,1.1,63.0,39.0,127.0,3.0,785.0,14.4,43.6,55.5,18.4,33.1,2.7,108.2,112.8,9.0,1.0,0.0,2.0,87.0,16.4,27.3,289.0
434_1_1,434,1,1,fenofibrate,Repeat,4 day,0,mg/kg,Control,fenofibrate_Control_4 day,1335,80,108.0,156,0.04,0.01,193,17.0,0.2,143.0,5.1,104.0,10.4,7.6,5.5,2.6,0.9,71.0,50.0,69.0,1.0,632.0,13.5,40.8,64.5,21.3,33.1,7.1,99.0,99.7,14.0,1.0,1.0,2.0,81.0,16.3,15.9,225.0
434_1_2,434,1,2,fenofibrate,Repeat,4 day,0,mg/kg,Control,fenofibrate_Control_4 day,1261,69,82.0,143,0.04,0.01,166,12.0,0.2,143.0,4.5,107.0,10.4,7.9,5.6,2.6,0.9,74.0,42.0,81.0,2.0,640.0,13.2,39.7,62.0,20.6,33.2,6.5,118.1,71.7,20.0,1.0,0.0,3.0,76.0,15.4,19.2,257.0
434_1_3,434,1,3,fenofibrate,Repeat,4 day,0,mg/kg,Control,fenofibrate_Control_4 day,2026,78,139.0,157,0.04,0.02,187,16.0,0.2,142.0,4.0,103.0,10.8,8.7,6.0,2.8,0.9,67.0,47.0,58.0,1.0,636.0,13.5,40.9,64.3,21.2,33.0,7.7,100.2,87.9,18.0,2.0,0.0,3.0,76.0,15.5,19.8,312.0
434_1_4,434,1,4,fenofibrate,Repeat,4 day,0,mg/kg,Control,fenofibrate_Control_4 day,1412,83,28.0,149,0.04,0.01,174,12.0,0.2,144.0,4.1,104.0,10.6,8.3,5.5,2.6,0.9,70.0,42.0,73.0,1.0,603.0,12.9,39.3,65.2,21.3,32.7,8.5,117.3,85.9,22.0,1.0,0.0,4.0,72.0,15.3,14.0,291.0
434_1_5,434,1,5,fenofibrate,Repeat,4 day,0,mg/kg,Control,fenofibrate_Control_4 day,1228,74,73.0,146,0.05,0.02,182,12.0,0.2,145.0,3.6,104.0,10.7,9.1,5.5,2.6,0.9,63.0,41.0,95.0,1.0,616.0,12.8,39.0,63.3,20.8,32.8,8.7,107.2,56.1,22.0,1.0,0.0,4.0,71.0,15.1,20.8,290.0
434_2_1,434,2,1,fenofibrate,Repeat,8 day,0,mg/kg,Control,fenofibrate_Control_8 day,1705,69,114.0,133,0.04,0.01,182,17.0,0.2,141.0,4.4,104.0,10.4,7.8,5.5,2.5,0.8,71.0,45.0,78.0,1.0,653.0,13.9,42.3,64.9,21.2,32.7,6.3,111.3,84.3,19.0,1.0,0.0,3.0,76.0,16.2,16.1,297.0
434_2_2,434,2,2,fenofibrate,Repeat,8 day,0,mg/kg,Control,fenofibrate_Control_8 day,2161,60,123.0,137,0.04,0.02,195,17.0,0.2,143.0,4.6,108.0,10.5,7.6,5.9,2.7,0.8,65.0,49.0,70.0,1.0,626.0,13.4,40.4,64.5,21.5,33.3,6.4,114.2,90.7,14.0,1.0,0.0,3.0,82.0,15.5,16.9,310.0
434_2_3,434,2,3,fenofibrate,Repeat,8 day,0,mg/kg,Control,fenofibrate_Control_8 day,1335,76,86.0,146,0.04,0.01,176,14.0,0.2,143.0,4.4,105.0,10.6,7.3,5.6,2.6,0.9,65.0,45.0,118.0,1.0,629.0,13.1,40.3,64.0,20.8,32.5,6.0,112.4,132.0,15.0,1.0,0.0,2.0,81.0,15.1,21.8,269.0
434_2_4,434,2,4,fenofibrate,Repeat,8 day,0,mg/kg,Control,fenofibrate_Control_8 day,1384,86,140.0,165,0.03,0.01,186,17.0,0.2,146.0,4.4,106.0,11.1,8.2,6.0,2.7,0.8,65.0,35.0,61.0,1.0,642.0,13.3,40.9,63.7,20.7,32.5,6.6,118.0,104.3,29.0,1.0,0.0,4.0,65.0,15.2,16.0,346.0
434_2_5,434,2,5,fenofibrate,Repeat,8 day,0,mg/kg,Control,fenofibrate_Control_8 day,1863,70,150.0,158,0.03,0.01,200,18.0,0.2,147.0,3.7,110.0,10.7,8.7,6.1,2.8,0.8,95.0,65.0,121.0,1.0,700.0,14.2,43.7,62.4,20.2,32.4,5.2,112.3,63.0,21.0,1.0,0.0,2.0,75.0,15.0,18.9,330.0
434_3_1,434,3,1,fenofibrate,Repeat,15 day,0,mg/kg,Control,fenofibrate_Control_15 day,1228,72,173.0,147,0.04,0.01,206,17.0,0.2,141.0,3.9,103.0,10.8,7.5,5.6,2.5,0.8,57.0,34.0,54.0,1.0,666.0,13.6,41.7,62.6,20.4,32.6,5.4,118.1,106.0,14.0,1.0,0.0,2.0,83.0,15.8,17.3,285.0
434_3_2,434,3,2,fenofibrate,Repeat,15 day,0,mg/kg,Control,fenofibrate_Control_15 day,1677,55,290.0,144,0.04,0.02,180,16.0,0.2,144.0,4.3,107.0,10.9,7.0,6.0,2.7,0.8,67.0,47.0,105.0,1.0,692.0,14.8,44.1,63.7,21.3,33.5,4.0,116.7,62.8,15.0,1.0,0.0,2.0,81.0,15.2,15.2,323.0
434_3_3,434,3,3,fenofibrate,Repeat,15 day,0,mg/kg,Control,fenofibrate_Control_15 day,1978,64,166.0,138,0.04,0.01,192,16.0,0.2,142.0,4.4,109.0,10.6,7.0,5.8,2.6,0.8,68.0,41.0,190.0,1.0,718.0,14.7,44.9,62.5,20.4,32.7,4.2,121.5,101.9,12.0,1.0,0.0,2.0,84.0,15.1,21.3,278.0
434_3_4,434,3,4,fenofibrate,Repeat,15 day,0,mg/kg,Control,fenofibrate_Control_15 day,1281,71,189.0,160,0.04,0.02,184,18.0,0.2,145.0,3.9,107.0,11.2,8.5,6.3,2.8,0.8,66.0,38.0,57.0,1.0,683.0,14.0,41.8,61.1,20.4,33.4,3.8,95.3,82.3,29.0,1.0,0.0,3.0,66.0,14.9,16.2,385.0
434_3_5,434,3,5,fenofibrate,Repeat,15 day,0,mg/kg,Control,fenofibrate_Control_15 day,1464,61,122.0,135,0.03,0.01,179,18.0,0.2,143.0,4.9,108.0,10.6,7.6,5.9,2.7,0.8,71.0,44.0,127.0,1.0,704.0,14.7,43.7,62.1,21.0,33.7,5.2,103.3,54.5,16.0,1.0,0.0,2.0,79.0,15.2,17.0,278.0
434_4_1,434,4,1,fenofibrate,Repeat,29 day,0,mg/kg,Control,fenofibrate_Control_29 day,1542,85,66.0,142,0.08,0.01,191,14.0,0.3,145.0,3.4,106.0,10.5,7.5,6.3,2.7,0.8,68.0,45.0,60.0,1.0,769.0,15.9,46.0,59.8,20.7,34.6,3.5,99.9,158.1,17.0,1.0,1.0,2.0,80.0,15.7,19.8,277.0
434_4_2,434,4,2,fenofibrate,Repeat,29 day,0,mg/kg,Control,fenofibrate_Control_29 day,1443,65,138.0,142,0.03,0.01,197,15.0,0.2,145.0,3.6,106.0,10.7,7.6,6.4,2.8,0.8,60.0,38.0,86.0,2.0,788.0,15.9,48.2,61.1,20.2,33.0,2.1,97.4,99.4,19.0,1.0,0.0,2.0,77.0,15.6,20.1,298.0
434_4_3,434,4,3,fenofibrate,Repeat,29 day,0,mg/kg,Control,fenofibrate_Control_29 day,997,67,89.0,126,0.03,0.01,180,17.0,0.2,145.0,3.8,107.0,10.3,5.9,6.2,2.7,0.8,69.0,38.0,132.0,1.0,789.0,15.5,45.8,58.0,19.7,33.9,2.0,115.7,78.3,13.0,1.0,0.0,2.0,83.0,16.0,19.5,242.0
434_4_4,434,4,4,fenofibrate,Repeat,29 day,0,mg/kg,Control,fenofibrate_Control_29 day,1212,75,210.0,168,0.04,0.02,187,18.0,0.2,147.0,3.9,105.0,11.3,7.8,6.5,2.9,0.8,61.0,36.0,69.0,1.0,795.0,15.6,45.7,57.5,19.6,34.1,2.4,93.5,89.1,18.0,2.0,1.0,3.0,76.0,15.9,17.1,299.0
434_4_5,434,4,5,fenofibrate,Repeat,29 day,0,mg/kg,Control,fenofibrate_Control_29 day,1393,65,86.0,132,0.03,0.01,175,19.0,0.2,146.0,3.5,105.0,10.6,6.6,6.3,2.8,0.8,71.0,44.0,103.0,1.0,731.0,14.8,43.6,59.7,20.2,33.9,2.7,102.9,110.4,15.0,1.0,0.0,2.0,82.0,16.9,19.7,237.0
436_1_1,436,1,1,chlorpropamide,Repeat,4 day,0,mg/kg,Control,chlorpropamide_Control_4 day,1618,78,170.0,161,0.04,0.02,193,16.0,0.2,141.0,3.9,105.0,10.6,6.6,5.9,2.8,0.9,75.0,43.0,79.0,1.0,624.0,13.8,42.0,67.3,22.1,32.8,7.9,131.4,81.9,15.0,1.0,0.0,4.0,79.0,15.6,20.0,304.0
436_1_2,436,1,2,chlorpropamide,Repeat,4 day,0,mg/kg,Control,chlorpropamide_Control_4 day,1539,90,102.0,171,0.04,0.01,181,16.0,0.2,143.0,3.7,104.0,11.0,7.5,5.8,2.7,0.9,63.0,46.0,85.0,1.0,611.0,13.4,41.3,67.7,22.0,32.5,7.4,98.0,69.9,14.0,1.0,1.0,5.0,78.0,15.0,16.6,295.0
436_1_3,436,1,3,chlorpropamide,Repeat,4 day,0,mg/kg,Control,chlorpropamide_Control_4 day,1333,78,71.0,138,0.03,0.01,185,16.0,0.2,142.0,4.1,105.0,10.7,6.4,5.8,2.7,0.9,71.0,49.0,119.0,1.0,619.0,13.3,40.6,65.5,21.4,32.7,6.8,128.6,117.7,15.0,1.0,0.0,3.0,80.0,15.5,19.2,277.0
436_1_4,436,1,4,chlorpropamide,Repeat,4 day,0,mg/kg,Control,chlorpropamide_Control_4 day,2183,85,107.0,164,0.03,0.01,180,19.0,0.2,143.0,4.5,105.0,10.9,7.8,5.7,2.6,0.8,80.0,60.0,131.0,1.0,587.0,12.6,38.2,65.1,21.4,32.9,8.0,119.3,81.0,20.0,1.0,0.0,5.0,74.0,15.3,17.2,290.0
436_1_5,436,1,5,chlorpropamide,Repeat,4 day,0,mg/kg,Control,chlorpropamide_Control_4 day,1284,71,86.0,139,0.03,0.0,181,17.0,0.2,142.0,3.8,106.0,10.8,8.4,5.6,2.6,0.9,69.0,43.0,62.0,1.0,587.0,13.0,39.5,67.3,22.1,32.9,7.4,127.0,69.4,16.0,1.0,0.0,3.0,79.0,15.6,15.5,280.0
436_2_1,436,2,1,chlorpropamide,Repeat,8 day,0,mg/kg,Control,chlorpropamide_Control_8 day,2057,73,96.0,141,0.03,0.01,193,16.0,0.2,140.0,4.3,104.0,10.8,5.7,5.7,2.6,0.8,73.0,50.0,72.0,1.0,615.0,13.2,38.5,62.6,21.5,34.3,5.7,138.4,110.5,13.0,1.0,0.0,2.0,82.0,15.7,19.4,284.0
436_2_2,436,2,2,chlorpropamide,Repeat,8 day,0,mg/kg,Control,chlorpropamide_Control_8 day,2213,100,113.0,179,0.04,0.01,174,15.0,0.2,143.0,4.5,106.0,10.9,7.5,5.8,2.6,0.8,62.0,37.0,83.0,1.0,635.0,14.3,43.4,68.3,22.5,32.9,6.4,118.1,154.8,15.0,1.0,1.0,2.0,81.0,15.3,17.7,297.0
436_2_3,436,2,3,chlorpropamide,Repeat,8 day,0,mg/kg,Control,chlorpropamide_Control_8 day,1630,69,107.0,143,0.03,0.01,196,17.0,0.2,144.0,3.7,107.0,11.0,7.1,5.8,2.7,0.9,70.0,44.0,95.0,1.0,629.0,13.5,41.0,65.2,21.4,32.9,7.1,107.1,100.3,22.0,1.0,0.0,2.0,74.0,15.4,16.9,310.0
436_2_4,436,2,4,chlorpropamide,Repeat,8 day,0,mg/kg,Control,chlorpropamide_Control_8 day,1826,89,153.0,167,0.03,0.02,189,17.0,0.2,144.0,4.2,108.0,10.6,6.8,5.9,2.7,0.8,71.0,45.0,165.0,1.0,642.0,14.1,41.6,64.8,21.9,33.8,5.2,129.7,67.9,28.0,1.0,0.0,3.0,66.0,15.7,16.9,308.0
436_2_5,436,2,5,chlorpropamide,Repeat,8 day,0,mg/kg,Control,chlorpropamide_Control_8 day,1622,79,57.0,141,0.05,0.02,176,12.0,0.2,144.0,4.3,105.0,11.1,6.4,5.8,2.7,0.9,71.0,40.0,72.0,2.0,639.0,13.3,40.1,62.7,20.8,33.2,7.4,129.1,58.7,16.0,1.0,0.0,4.0,78.0,15.6,16.9,271.0
436_3_1,436,3,1,chlorpropamide,Repeat,15 day,0,mg/kg,Control,chlorpropamide_Control_15 day,1467,76,151.0,166,0.02,0.01,212,22.0,0.2,139.0,4.6,99.0,11.0,7.2,6.4,2.9,0.8,59.0,38.0,114.0,1.0,690.0,14.2,41.8,60.6,20.6,34.0,5.2,151.6,119.3,9.0,1.0,0.0,3.0,86.0,14.9,15.8,281.0
436_3_2,436,3,2,chlorpropamide,Repeat,15 day,0,mg/kg,Control,chlorpropamide_Control_15 day,1458,85,129.0,165,0.03,0.01,200,18.0,0.2,144.0,3.7,104.0,10.6,7.8,5.9,2.7,0.8,68.0,51.0,103.0,1.0,688.0,14.2,41.9,60.9,20.7,33.9,4.6,110.9,99.8,16.0,1.0,0.0,3.0,79.0,15.2,19.8,259.0
436_3_3,436,3,3,chlorpropamide,Repeat,15 day,0,mg/kg,Control,chlorpropamide_Control_15 day,1673,69,168.0,149,0.05,0.01,192,15.0,0.2,145.0,4.0,108.0,10.5,6.8,6.0,2.7,0.8,72.0,45.0,157.0,1.0,738.0,14.8,42.7,57.9,20.0,34.6,4.7,116.9,106.4,15.0,1.0,0.0,2.0,81.0,15.0,19.8,273.0
436_3_4,436,3,4,chlorpropamide,Repeat,15 day,0,mg/kg,Control,chlorpropamide_Control_15 day,1194,78,203.0,175,0.03,0.02,181,18.0,0.2,144.0,4.4,105.0,10.5,6.6,6.3,2.8,0.8,65.0,42.0,98.0,1.0,715.0,14.6,43.5,60.8,20.4,33.5,3.3,130.6,125.9,28.0,1.0,1.0,1.0,69.0,15.2,20.9,299.0
436_3_5,436,3,5,chlorpropamide,Repeat,15 day,0,mg/kg,Control,chlorpropamide_Control_15 day,1606,81,141.0,165,0.03,0.01,188,19.0,0.2,145.0,3.7,105.0,10.7,8.1,6.0,2.7,0.8,79.0,47.0,128.0,1.0,687.0,14.5,43.9,63.9,21.1,33.1,4.8,102.2,125.9,19.0,1.0,0.0,3.0,77.0,15.9,16.3,258.0
436_4_1,436,4,1,chlorpropamide,Repeat,29 day,0,mg/kg,Control,chlorpropamide_Control_29 day,1192,53,119.0,126,0.03,0.02,201,17.0,0.3,143.0,3.7,106.0,10.4,5.9,6.0,2.6,0.8,65.0,37.0,69.0,1.0,800.0,15.3,47.5,59.3,19.1,32.1,2.4,93.0,96.0,13.0,1.0,0.0,2.0,82.0,16.8,23.2,247.0
436_4_2,436,4,2,chlorpropamide,Repeat,29 day,0,mg/kg,Control,chlorpropamide_Control_29 day,1111,73,104.0,143,0.03,0.0,181,15.0,0.2,142.0,4.4,105.0,10.4,5.9,5.9,2.6,0.8,69.0,42.0,108.0,1.0,800.0,14.6,43.6,54.5,18.3,33.5,1.7,96.9,95.8,21.0,1.0,0.0,2.0,76.0,15.8,24.0,244.0
436_4_3,436,4,3,chlorpropamide,Repeat,29 day,0,mg/kg,Control,chlorpropamide_Control_29 day,1581,75,181.0,151,0.04,0.02,184,17.0,0.2,145.0,3.3,105.0,10.8,6.4,6.6,2.9,0.8,62.0,37.0,69.0,1.0,826.0,15.4,47.4,57.4,18.7,32.6,2.1,91.3,92.7,13.0,2.0,1.0,2.0,82.0,16.2,18.5,246.0
436_4_4,436,4,4,chlorpropamide,Repeat,29 day,0,mg/kg,Control,chlorpropamide_Control_29 day,1216,52,110.0,117,0.03,0.01,183,16.0,0.2,144.0,3.5,105.0,10.5,6.9,6.0,2.6,0.8,75.0,43.0,97.0,1.0,760.0,14.6,43.9,57.7,19.3,33.4,2.2,92.5,117.0,21.0,1.0,0.0,2.0,75.0,16.2,20.4,293.0
436_4_5,436,4,5,chlorpropamide,Repeat,29 day,0,mg/kg,Control,chlorpropamide_Control_29 day,935,76,99.0,151,0.02,0.0,195,16.0,0.2,146.0,3.9,107.0,10.9,7.2,6.1,2.7,0.8,63.0,42.0,99.0,1.0,751.0,14.5,43.9,58.5,19.4,33.1,2.4,100.1,113.9,17.0,1.0,0.0,2.0,79.0,15.5,17.0,268.0
441_1_1,441,1,1,penicillamine,Repeat,4 day,0,mg/kg,Control,penicillamine_Control_4 day,1140,93,153.0,178,0.02,0.02,192,18.0,0.2,144.0,4.3,105.0,10.9,6.2,5.8,2.8,0.9,67.0,38.0,107.0,1.0,661.0,14.0,43.4,65.6,21.2,32.3,7.3,123.1,143.1,13.0,1.0,1.0,3.0,82.0,13.4,15.5,299.0
441_1_2,441,1,2,penicillamine,Repeat,4 day,0,mg/kg,Control,penicillamine_Control_4 day,1205,94,149.0,169,0.01,0.01,179,15.0,0.2,145.0,4.2,106.0,11.3,6.7,6.0,2.8,0.9,65.0,46.0,81.0,1.0,650.0,13.6,41.8,64.3,20.9,32.5,7.4,130.6,93.0,26.0,0.0,0.0,3.0,69.0,13.9,15.9,306.0
441_1_3,441,1,3,penicillamine,Repeat,4 day,0,mg/kg,Control,penicillamine_Control_4 day,1540,83,107.0,157,0.03,0.01,171,12.0,0.2,141.0,4.2,104.0,11.2,6.5,5.6,2.7,0.9,68.0,43.0,73.0,1.0,625.0,13.3,40.0,63.9,21.3,33.3,7.6,139.0,104.3,26.0,1.0,0.0,4.0,69.0,13.8,16.6,291.0
441_1_4,441,1,4,penicillamine,Repeat,4 day,0,mg/kg,Control,penicillamine_Control_4 day,1494,91,127.0,186,0.01,0.02,177,15.0,0.2,145.0,3.9,108.0,11.1,8.3,6.0,2.9,0.9,67.0,44.0,92.0,1.0,666.0,14.0,42.8,64.2,21.1,32.8,6.8,126.7,84.2,16.0,0.0,0.0,2.0,81.0,14.0,15.6,292.0
441_1_5,441,1,5,penicillamine,Repeat,4 day,0,mg/kg,Control,penicillamine_Control_4 day,2256,90,58.0,169,0.02,0.01,170,13.0,0.2,146.0,3.9,108.0,10.8,6.5,5.5,2.6,0.9,78.0,46.0,69.0,1.0,642.0,13.6,41.7,64.9,21.1,32.5,6.5,136.4,141.4,17.0,1.0,0.0,3.0,78.0,13.8,15.9,337.0
441_2_1,441,2,1,penicillamine,Repeat,8 day,0,mg/kg,Control,penicillamine_Control_8 day,1438,76,183.0,168,0.03,0.02,197,15.0,0.2,143.0,3.5,104.0,10.9,6.5,5.9,2.7,0.8,68.0,52.0,76.0,1.0,672.0,14.5,44.4,66.1,21.7,32.8,6.1,131.1,113.5,21.0,1.0,0.0,3.0,74.0,13.5,17.5,353.0
441_2_2,441,2,2,penicillamine,Repeat,8 day,0,mg/kg,Control,penicillamine_Control_8 day,1715,80,162.0,168,0.03,0.02,220,16.0,0.2,141.0,4.0,106.0,10.8,7.0,5.9,2.8,0.9,68.0,43.0,88.0,1.0,690.0,14.6,44.9,65.1,21.2,32.6,6.5,108.5,67.7,23.0,1.0,0.0,3.0,72.0,13.8,16.2,319.0
441_2_3,441,2,3,penicillamine,Repeat,8 day,0,mg/kg,Control,penicillamine_Control_8 day,1344,62,94.0,130,0.03,0.02,175,15.0,0.2,143.0,4.0,106.0,10.8,6.5,5.6,2.7,0.9,73.0,40.0,70.0,1.0,692.0,14.0,42.8,61.8,20.2,32.6,4.5,114.3,82.0,20.0,1.0,0.0,2.0,76.0,14.4,16.3,286.0
441_2_4,441,2,4,penicillamine,Repeat,8 day,0,mg/kg,Control,penicillamine_Control_8 day,1212,74,128.0,168,0.02,0.01,170,14.0,0.2,142.0,4.6,105.0,11.0,6.8,5.7,2.7,0.9,70.0,47.0,77.0,1.0,622.0,13.4,40.7,65.4,21.5,32.9,6.9,123.6,94.7,19.0,1.0,0.0,3.0,76.0,14.0,21.5,311.0
441_2_5,441,2,5,penicillamine,Repeat,8 day,0,mg/kg,Control,penicillamine_Control_8 day,1431,80,89.0,161,0.03,0.02,187,15.0,0.2,142.0,3.9,105.0,11.1,6.1,6.0,2.9,0.9,64.0,45.0,47.0,0.0,698.0,14.3,43.4,62.2,20.5,33.0,5.5,128.1,133.8,29.0,1.0,0.0,3.0,66.0,13.8,18.0,333.0
441_3_1,441,3,1,penicillamine,Repeat,15 day,0,mg/kg,Control,penicillamine_Control_15 day,1302,68,174.0,156,0.03,0.01,197,17.0,0.2,141.0,4.1,102.0,10.8,6.5,6.3,2.9,0.9,73.0,40.0,107.0,1.0,746.0,15.0,44.1,59.1,20.1,34.1,4.8,115.3,80.8,16.0,1.0,0.0,2.0,80.0,14.3,17.9,265.0
441_3_2,441,3,2,penicillamine,Repeat,15 day,0,mg/kg,Control,penicillamine_Control_15 day,1156,70,195.0,161,0.02,0.01,188,15.0,0.2,142.0,4.6,106.0,10.8,6.6,5.8,2.7,0.9,69.0,46.0,152.0,1.0,733.0,15.1,44.5,60.7,20.6,33.9,4.4,115.4,79.8,11.0,1.0,0.0,1.0,86.0,13.8,26.6,288.0
441_3_3,441,3,3,penicillamine,Repeat,15 day,0,mg/kg,Control,penicillamine_Control_15 day,1306,78,104.0,156,0.03,0.01,186,18.0,0.2,142.0,4.0,103.0,11.0,5.1,6.1,2.8,0.8,63.0,37.0,71.0,1.0,702.0,14.4,42.3,60.3,20.6,34.1,4.6,121.6,108.9,16.0,1.0,0.0,3.0,79.0,13.8,17.4,291.0
441_3_4,441,3,4,penicillamine,Repeat,15 day,0,mg/kg,Control,penicillamine_Control_15 day,1382,67,127.0,146,0.03,0.01,192,14.0,0.2,145.0,4.2,108.0,10.8,6.7,6.1,2.9,0.9,72.0,44.0,92.0,0.0,728.0,15.0,43.9,60.3,20.6,34.2,4.5,133.5,89.9,19.0,1.0,0.0,2.0,78.0,14.4,16.5,304.0
441_3_5,441,3,5,penicillamine,Repeat,15 day,0,mg/kg,Control,penicillamine_Control_15 day,1085,74,152.0,159,0.01,0.01,182,17.0,0.2,145.0,4.1,107.0,10.9,6.0,6.0,2.8,0.9,64.0,40.0,115.0,1.0,715.0,14.5,43.5,60.8,20.3,33.4,4.1,125.8,92.5,17.0,2.0,0.0,2.0,79.0,14.6,17.5,314.0
441_4_1,441,4,1,penicillamine,Repeat,29 day,0,mg/kg,Control,penicillamine_Control_29 day,989,57,131.0,139,0.05,0.01,176,15.0,0.3,143.0,3.5,105.0,10.7,6.7,6.0,2.8,0.9,54.0,28.0,51.0,1.0,772.0,15.1,44.4,57.6,19.6,34.0,3.0,113.5,97.6,12.0,1.0,0.0,2.0,85.0,14.0,19.1,284.0
441_4_2,441,4,2,penicillamine,Repeat,29 day,0,mg/kg,Control,penicillamine_Control_29 day,1135,72,178.0,157,0.05,0.01,184,15.0,0.3,145.0,3.6,107.0,11.3,5.8,6.5,2.9,0.8,58.0,26.0,52.0,1.0,786.0,15.8,46.8,59.5,20.0,33.7,2.7,107.4,99.2,11.0,1.0,0.0,2.0,84.0,13.9,17.3,323.0
441_4_3,441,4,3,penicillamine,Repeat,29 day,0,mg/kg,Control,penicillamine_Control_29 day,1099,73,164.0,163,0.05,0.01,182,17.0,0.2,145.0,3.7,105.0,10.8,5.7,6.2,2.9,0.9,56.0,30.0,61.0,1.0,753.0,15.1,43.6,58.0,20.0,34.5,2.0,99.2,76.1,22.0,2.0,0.0,2.0,73.0,14.1,17.2,314.0
441_4_4,441,4,4,penicillamine,Repeat,29 day,0,mg/kg,Control,penicillamine_Control_29 day,819,61,96.0,129,0.05,0.0,204,13.0,0.3,144.0,3.3,106.0,10.8,6.4,6.3,2.9,0.9,65.0,31.0,41.0,2.0,799.0,15.5,45.1,56.5,19.4,34.2,2.7,108.4,92.8,17.0,1.0,0.0,3.0,78.0,14.1,19.3,279.0
441_4_5,441,4,5,penicillamine,Repeat,29 day,0,mg/kg,Control,penicillamine_Control_29 day,685,75,135.0,149,0.06,0.01,179,17.0,0.3,143.0,4.1,106.0,11.1,5.6,6.4,3.0,0.9,59.0,33.0,53.0,1.0,809.0,16.3,47.1,58.2,20.2,34.6,2.7,90.6,102.6,19.0,2.0,0.0,2.0,76.0,14.3,19.1,304.0
443_1_1,443,1,1,sulindac,Repeat,4 day,0,mg/kg,Control,sulindac_Control_4 day,1568,82,123.0,166,0.01,0.01,170,14.0,0.2,143.0,3.9,108.0,10.9,6.5,5.5,2.6,0.9,68.0,42.0,68.0,1.0,682.0,14.3,43.3,63.5,21.0,33.1,7.0,105.2,103.0,17.0,1.0,0.0,2.0,80.0,13.6,16.0,295.0
443_1_2,443,1,2,sulindac,Repeat,4 day,0,mg/kg,Control,sulindac_Control_4 day,1578,82,160.0,172,0.02,0.01,197,18.0,0.2,142.0,4.1,105.0,11.4,8.3,5.6,2.7,0.9,68.0,44.0,77.0,1.0,656.0,15.1,44.8,68.3,23.0,33.6,7.3,138.7,69.8,12.0,1.0,0.0,2.0,85.0,13.6,15.9,309.0
443_1_3,443,1,3,sulindac,Repeat,4 day,0,mg/kg,Control,sulindac_Control_4 day,1620,89,121.0,163,0.03,0.02,184,16.0,0.2,141.0,4.0,104.0,11.2,8.0,5.6,2.7,0.9,70.0,45.0,74.0,1.0,671.0,13.6,41.1,61.2,20.3,33.2,6.3,125.9,56.2,18.0,1.0,0.0,3.0,77.0,13.9,15.3,290.0
443_1_4,443,1,4,sulindac,Repeat,4 day,0,mg/kg,Control,sulindac_Control_4 day,1953,76,88.0,159,0.03,0.01,165,13.0,0.2,141.0,4.3,105.0,11.2,7.8,5.6,2.7,0.9,69.0,44.0,81.0,1.0,664.0,14.5,42.9,64.5,21.8,33.8,7.1,125.3,87.1,13.0,2.0,0.0,2.0,82.0,13.4,14.9,308.0
443_1_5,443,1,5,sulindac,Repeat,4 day,0,mg/kg,Control,sulindac_Control_4 day,2083,73,66.0,144,0.01,0.02,187,14.0,0.2,143.0,4.5,107.0,11.3,6.8,5.5,2.6,0.9,72.0,45.0,69.0,1.0,638.0,14.1,42.6,66.8,22.1,33.0,7.6,136.7,108.5,25.0,0.0,0.0,2.0,71.0,14.4,17.8,289.0
443_2_1,443,2,1,sulindac,Repeat,8 day,0,mg/kg,Control,sulindac_Control_8 day,1975,118,161.0,200,0.02,0.02,198,18.0,0.2,141.0,3.9,104.0,10.7,6.9,5.8,2.7,0.9,69.0,37.0,61.0,1.0,668.0,14.6,42.2,63.1,21.9,34.7,6.1,133.6,119.8,14.0,1.0,1.0,2.0,82.0,13.1,15.8,310.0
443_2_2,443,2,2,sulindac,Repeat,8 day,0,mg/kg,Control,sulindac_Control_8 day,2137,89,148.0,182,0.01,0.01,177,18.0,0.2,140.0,4.5,105.0,10.7,7.1,5.5,2.6,0.9,77.0,56.0,195.0,1.0,641.0,14.3,41.8,65.2,22.4,34.3,6.2,137.6,96.8,17.0,1.0,0.0,5.0,76.0,13.2,15.1,338.0
443_2_3,443,2,3,sulindac,Repeat,8 day,0,mg/kg,Control,sulindac_Control_8 day,1539,97,99.0,178,0.01,0.01,177,17.0,0.2,139.0,4.6,104.0,10.7,6.5,5.6,2.7,0.9,72.0,48.0,81.0,1.0,663.0,14.2,42.3,63.8,21.4,33.5,5.7,114.8,85.5,14.0,1.0,0.0,2.0,82.0,13.7,16.8,290.0
443_2_4,443,2,4,sulindac,Repeat,8 day,0,mg/kg,Control,sulindac_Control_8 day,1371,79,113.0,158,0.02,0.01,179,16.0,0.2,141.0,4.2,104.0,11.3,7.6,5.9,2.8,0.9,70.0,50.0,117.0,0.0,727.0,15.3,44.5,61.2,21.1,34.5,5.2,128.1,80.4,9.0,1.0,0.0,2.0,88.0,13.8,18.1,318.0
443_2_5,443,2,5,sulindac,Repeat,8 day,0,mg/kg,Control,sulindac_Control_8 day,1291,88,81.0,167,0.03,0.01,184,15.0,0.2,141.0,3.8,105.0,10.9,7.9,5.6,2.6,0.9,61.0,35.0,88.0,1.0,694.0,13.8,40.9,59.0,19.8,33.6,6.1,144.3,76.2,18.0,1.0,0.0,2.0,78.0,14.0,16.2,277.0
443_3_1,443,3,1,sulindac,Repeat,15 day,0,mg/kg,Control,sulindac_Control_15 day,1359,73,230.0,162,0.04,0.02,197,17.0,0.2,144.0,3.8,106.0,10.8,6.3,6.1,2.9,0.9,69.0,35.0,73.0,1.0,753.0,15.5,45.7,60.7,20.6,33.9,4.2,136.8,76.2,16.0,1.0,0.0,2.0,82.0,14.4,18.4,284.0
443_3_2,443,3,2,sulindac,Repeat,15 day,0,mg/kg,Control,sulindac_Control_15 day,1216,78,202.0,179,0.04,0.01,170,19.0,0.2,143.0,3.8,106.0,11.3,5.3,6.0,2.9,0.9,60.0,32.0,60.0,1.0,726.0,15.8,46.4,64.0,21.8,34.0,4.1,128.3,79.9,12.0,1.0,0.0,3.0,84.0,13.7,17.6,303.0
443_3_3,443,3,3,sulindac,Repeat,15 day,0,mg/kg,Control,sulindac_Control_15 day,1145,70,220.0,172,0.05,0.01,179,18.0,0.2,143.0,3.7,106.0,11.1,6.6,5.8,2.7,0.9,67.0,48.0,74.0,1.0,705.0,14.6,43.2,61.2,20.7,33.8,5.0,112.8,112.5,13.0,1.0,0.0,2.0,83.0,14.0,17.7,285.0
443_3_4,443,3,4,sulindac,Repeat,15 day,0,mg/kg,Control,sulindac_Control_15 day,1277,80,104.0,161,0.05,0.01,164,15.0,0.2,145.0,3.6,105.0,11.1,6.0,5.9,2.8,0.9,68.0,41.0,52.0,1.0,710.0,15.2,43.4,61.2,21.4,35.1,3.6,126.2,87.2,36.0,1.0,1.0,3.0,60.0,14.1,16.9,349.0
443_3_5,443,3,5,sulindac,Repeat,15 day,0,mg/kg,Control,sulindac_Control_15 day,1093,65,121.0,143,0.04,0.01,190,20.0,0.2,143.0,4.2,104.0,11.0,5.9,5.9,2.7,0.8,70.0,37.0,69.0,1.0,732.0,14.6,44.3,60.5,19.9,32.9,4.7,117.6,108.4,21.0,1.0,0.0,2.0,75.0,14.8,17.5,278.0
443_4_1,443,4,1,sulindac,Repeat,29 day,0,mg/kg,Control,sulindac_Control_29 day,967,52,76.0,109,0.07,0.01,186,17.0,0.3,141.0,4.0,105.0,10.0,5.8,5.9,2.7,0.8,60.0,30.0,53.0,1.0,824.0,15.5,46.8,56.8,18.8,33.0,2.6,109.2,86.9,11.0,2.0,0.0,1.0,85.0,13.3,17.9,247.0
443_4_2,443,4,2,sulindac,Repeat,29 day,0,mg/kg,Control,sulindac_Control_29 day,1840,62,129.0,142,0.08,0.01,186,14.0,0.2,143.0,3.8,106.0,10.2,6.5,6.0,2.7,0.8,70.0,45.0,85.0,1.0,823.0,15.5,47.6,57.9,18.8,32.5,2.4,105.2,88.1,23.0,3.0,0.0,1.0,72.0,13.2,17.7,304.0
443_4_3,443,4,3,sulindac,Repeat,29 day,0,mg/kg,Control,sulindac_Control_29 day,1065,60,167.0,133,0.08,0.02,204,18.0,0.3,143.0,3.4,106.0,10.3,6.2,5.7,2.6,0.8,73.0,38.0,141.0,1.0,807.0,15.4,47.1,58.3,19.0,32.6,2.3,125.0,75.3,18.0,1.0,0.0,2.0,78.0,13.3,16.5,281.0
443_4_4,443,4,4,sulindac,Repeat,29 day,0,mg/kg,Control,sulindac_Control_29 day,880,60,64.0,126,0.07,0.01,188,15.0,0.3,140.0,3.4,103.0,10.3,6.7,6.1,2.7,0.8,56.0,36.0,62.0,1.0,758.0,14.5,43.7,57.6,19.1,33.2,2.4,105.4,121.8,18.0,2.0,0.0,2.0,77.0,12.9,17.6,324.0
443_4_5,443,4,5,sulindac,Repeat,29 day,0,mg/kg,Control,sulindac_Control_29 day,1008,53,192.0,134,0.07,0.01,197,20.0,0.3,143.0,3.6,105.0,10.7,7.1,6.1,2.8,0.8,59.0,30.0,73.0,1.0,800.0,14.9,45.2,56.6,18.7,33.0,2.3,100.4,172.6,11.0,1.0,1.0,3.0,84.0,13.2,19.9,257.0
445_1_1,445,1,1,triamterene,Repeat,4 day,0,mg/kg,Control,triamterene_Control_4 day,1187,80,103.0,154,0.05,0.0,175,14.0,0.2,143.0,4.1,106.0,10.8,7.5,5.5,2.5,0.8,65.0,38.0,70.0,1.0,637.0,13.4,39.6,62.3,21.1,33.9,6.5,145.7,157.1,20.0,1.0,1.0,2.0,76.0,13.6,16.6,360.0
445_1_2,445,1,2,triamterene,Repeat,4 day,0,mg/kg,Control,triamterene_Control_4 day,1952,67,50.0,126,0.04,0.01,160,17.0,0.2,141.0,4.5,104.0,10.6,7.6,5.7,2.7,0.9,76.0,47.0,71.0,1.0,648.0,13.6,39.9,61.6,21.0,34.1,6.3,111.5,82.4,16.0,1.0,0.0,2.0,80.0,14.3,17.3,319.0
445_1_3,445,1,3,triamterene,Repeat,4 day,0,mg/kg,Control,triamterene_Control_4 day,1863,85,116.0,154,0.04,0.02,154,15.0,0.2,142.0,4.1,105.0,11.2,7.0,5.7,2.7,0.9,68.0,30.0,52.0,1.0,708.0,14.0,41.8,59.0,19.7,33.4,6.2,124.0,98.7,16.0,1.0,0.0,2.0,80.0,13.9,16.0,344.0
445_1_4,445,1,4,triamterene,Repeat,4 day,0,mg/kg,Control,triamterene_Control_4 day,1467,82,164.0,175,0.05,0.01,174,15.0,0.2,143.0,3.9,104.0,11.1,8.6,5.7,2.7,0.9,60.0,45.0,57.0,1.0,650.0,14.2,41.5,63.9,21.8,34.2,6.2,122.8,102.7,17.0,1.0,0.0,2.0,79.0,13.3,15.5,348.0
445_1_5,445,1,5,triamterene,Repeat,4 day,0,mg/kg,Control,triamterene_Control_4 day,1557,89,79.0,153,0.03,0.01,167,14.0,0.2,144.0,3.9,107.0,10.9,7.6,5.6,2.6,0.9,78.0,47.0,51.0,1.0,679.0,13.8,40.6,59.8,20.4,34.1,5.7,138.3,70.0,17.0,1.0,0.0,3.0,79.0,14.2,16.3,300.0
445_2_1,445,2,1,triamterene,Repeat,8 day,0,mg/kg,Control,triamterene_Control_8 day,2332,101,122.0,196,0.08,0.02,203,15.0,0.2,143.0,4.1,103.0,11.1,7.3,5.7,2.7,0.9,56.0,39.0,48.0,1.0,676.0,13.6,42.1,62.3,20.2,32.4,5.9,128.4,99.4,20.0,1.0,0.0,3.0,77.0,12.8,17.1,285.0
445_2_2,445,2,2,triamterene,Repeat,8 day,0,mg/kg,Control,triamterene_Control_8 day,1377,88,195.0,194,0.08,0.01,206,17.0,0.2,144.0,4.3,105.0,11.1,8.1,5.8,2.7,0.9,61.0,39.0,93.0,1.0,628.0,13.6,42.8,68.3,21.7,31.8,6.5,148.2,90.7,12.0,0.0,0.0,2.0,85.0,13.7,24.4,309.0
445_2_3,445,2,3,triamterene,Repeat,8 day,0,mg/kg,Control,triamterene_Control_8 day,1384,79,113.0,161,0.07,0.01,170,17.0,0.2,142.0,4.5,105.0,11.1,7.8,5.7,2.7,0.9,62.0,44.0,54.0,1.0,719.0,14.5,44.9,62.3,20.2,32.4,5.1,130.5,107.6,18.0,0.0,0.0,2.0,79.0,12.8,16.2,314.0
445_2_4,445,2,4,triamterene,Repeat,8 day,0,mg/kg,Control,triamterene_Control_8 day,1556,110,138.0,197,0.07,0.01,188,16.0,0.2,141.0,4.3,104.0,11.1,7.4,6.0,2.8,0.9,70.0,51.0,65.0,1.0,666.0,13.9,42.5,63.8,20.8,32.7,6.4,139.5,99.1,16.0,1.0,0.0,3.0,79.0,13.2,16.2,315.0
445_2_5,445,2,5,triamterene,Repeat,8 day,0,mg/kg,Control,triamterene_Control_8 day,1413,73,97.0,149,0.08,0.02,164,16.0,0.2,142.0,4.3,105.0,11.3,8.1,5.7,2.7,0.9,68.0,43.0,57.0,1.0,690.0,14.0,42.4,61.3,20.3,33.1,5.7,135.6,73.0,22.0,1.0,0.0,3.0,74.0,14.0,16.0,291.0
445_3_1,445,3,1,triamterene,Repeat,15 day,0,mg/kg,Control,triamterene_Control_15 day,1730,83,146.0,168,0.07,0.01,204,17.0,0.2,141.0,3.9,105.0,10.4,6.8,5.9,2.7,0.8,59.0,32.0,62.0,1.0,754.0,15.0,46.2,61.3,19.8,32.4,4.2,135.5,90.3,14.0,1.0,0.0,2.0,83.0,13.3,21.1,237.0
445_3_2,445,3,2,triamterene,Repeat,15 day,0,mg/kg,Control,triamterene_Control_15 day,1284,88,100.0,166,0.07,0.01,176,14.0,0.2,143.0,4.3,106.0,10.7,7.1,6.1,2.8,0.8,61.0,36.0,64.0,1.0,754.0,14.5,42.8,56.7,19.2,33.8,3.2,129.0,111.9,23.0,1.0,0.0,3.0,73.0,13.1,18.0,414.0
445_3_3,445,3,3,triamterene,Repeat,15 day,0,mg/kg,Control,triamterene_Control_15 day,1627,68,153.0,154,0.08,0.01,192,14.0,0.3,144.0,3.5,105.0,10.6,8.3,5.9,2.7,0.8,55.0,34.0,66.0,1.0,758.0,14.9,45.9,60.6,19.6,32.4,4.1,121.7,87.6,14.0,1.0,0.0,2.0,83.0,13.2,17.1,288.0
445_3_4,445,3,4,triamterene,Repeat,15 day,0,mg/kg,Control,triamterene_Control_15 day,1423,66,139.0,143,0.06,0.01,195,15.0,0.2,143.0,4.2,105.0,10.6,7.9,5.8,2.7,0.9,57.0,27.0,58.0,1.0,726.0,14.2,43.0,59.2,19.6,33.1,3.1,138.5,75.3,17.0,1.0,0.0,2.0,80.0,13.6,17.0,322.0
445_3_5,445,3,5,triamterene,Repeat,15 day,0,mg/kg,Control,triamterene_Control_15 day,1424,59,170.0,141,0.06,0.01,191,13.0,0.2,144.0,4.3,107.0,10.6,7.4,5.9,2.7,0.8,68.0,41.0,52.0,1.0,748.0,14.5,43.7,58.4,19.4,33.2,4.0,138.7,92.2,22.0,1.0,0.0,4.0,73.0,12.8,18.9,305.0
445_4_1,445,4,1,triamterene,Repeat,29 day,0,mg/kg,Control,triamterene_Control_29 day,1231,60,175.0,137,0.07,0.01,212,17.0,0.3,144.0,3.5,104.0,10.7,6.1,6.2,2.8,0.8,61.0,39.0,78.0,1.0,839.0,16.0,48.5,57.8,19.1,33.0,1.5,112.7,108.9,12.0,2.0,1.0,2.0,83.0,13.0,19.5,271.0
445_4_2,445,4,2,triamterene,Repeat,29 day,0,mg/kg,Control,triamterene_Control_29 day,1143,58,119.0,126,0.07,0.01,210,16.0,0.3,144.0,3.7,106.0,10.6,6.1,6.2,2.8,0.8,65.0,35.0,94.0,1.0,845.0,15.3,46.4,55.0,18.1,32.8,2.4,103.6,83.7,15.0,1.0,1.0,2.0,82.0,12.8,19.2,253.0
445_4_3,445,4,3,triamterene,Repeat,29 day,0,mg/kg,Control,triamterene_Control_29 day,877,81,101.0,150,0.06,0.01,199,16.0,0.2,142.0,3.8,103.0,10.8,6.6,6.2,2.8,0.8,67.0,43.0,58.0,1.0,787.0,14.9,45.2,57.4,18.9,33.0,2.5,104.2,104.9,9.0,1.0,1.0,3.0,86.0,13.2,17.4,292.0
445_4_4,445,4,4,triamterene,Repeat,29 day,0,mg/kg,Control,triamterene_Control_29 day,1079,58,132.0,136,0.07,0.01,180,14.0,0.2,144.0,4.0,104.0,10.7,7.0,6.1,2.7,0.8,81.0,41.0,69.0,1.0,836.0,15.5,46.1,55.2,18.5,33.5,2.2,93.0,68.9,10.0,1.0,0.0,2.0,87.0,13.2,17.3,291.0
445_4_5,445,4,5,triamterene,Repeat,29 day,0,mg/kg,Control,triamterene_Control_29 day,1058,84,221.0,175,0.06,0.02,173,17.0,0.2,143.0,3.9,104.0,11.4,6.7,6.7,3.0,0.8,63.0,42.0,83.0,1.0,791.0,15.5,45.1,57.0,19.6,34.4,3.1,143.0,68.5,22.0,1.0,0.0,2.0,75.0,12.7,16.6,366.0
463_1_1,463,1,1,disopyramide,Repeat,4 day,0,mg/kg,Control,disopyramide_Control_4 day,2663,65,100.0,132,0.0,0.0,206,16.0,0.2,142.0,4.5,105.0,10.5,7.4,5.4,2.9,1.2,86.0,48.0,216.0,2.0,637.0,13.3,41.7,65.4,20.9,32.0,6.4,113.5,104.6,17.0,1.0,0.0,2.0,79.0,16.1,21.6,333.0
463_1_2,463,1,2,disopyramide,Repeat,4 day,0,mg/kg,Control,disopyramide_Control_4 day,1264,58,93.0,122,0.0,0.0,208,16.0,0.2,143.0,4.3,109.0,10.5,7.0,5.3,2.8,1.2,95.0,61.0,250.0,2.0,627.0,12.7,39.7,63.3,20.2,31.9,7.2,113.8,79.6,22.0,2.0,0.0,4.0,71.0,16.4,20.6,295.0
463_1_3,463,1,3,disopyramide,Repeat,4 day,0,mg/kg,Control,disopyramide_Control_4 day,1574,78,67.0,150,0.0,0.0,210,21.0,0.2,142.0,4.7,107.0,10.3,7.6,5.5,3.1,1.3,75.0,54.0,160.0,2.0,618.0,12.6,39.6,64.0,20.4,31.9,5.9,123.7,116.3,18.0,1.0,0.0,3.0,77.0,15.4,23.0,322.0
463_1_4,463,1,4,disopyramide,Repeat,4 day,0,mg/kg,Control,disopyramide_Control_4 day,1417,75,102.0,137,0.0,0.0,192,17.0,0.2,144.0,4.5,108.0,10.8,8.1,5.6,2.8,1.0,82.0,46.0,211.0,2.0,581.0,12.2,37.5,64.6,20.9,32.4,8.2,175.4,103.8,16.0,1.0,0.0,4.0,79.0,15.9,23.7,339.0
463_1_5,463,1,5,disopyramide,Repeat,4 day,0,mg/kg,Control,disopyramide_Control_4 day,1792,82,78.0,161,0.0,0.0,188,18.0,0.2,144.0,4.3,107.0,10.9,7.2,5.6,3.0,1.1,66.0,39.0,172.0,2.0,626.0,12.9,40.9,65.4,20.7,31.6,7.6,125.5,94.0,19.0,1.0,0.0,1.0,78.0,15.4,21.2,337.0
463_2_1,463,2,1,disopyramide,Repeat,8 day,0,mg/kg,Control,disopyramide_Control_8 day,1613,71,103.0,132,0.0,0.0,187,15.0,0.2,145.0,3.8,109.0,10.2,7.4,5.5,3.0,1.2,82.0,48.0,352.0,1.0,649.0,13.0,40.0,61.6,20.0,32.4,6.3,108.4,90.4,13.0,1.0,0.0,2.0,84.0,16.2,20.7,314.0
463_2_2,463,2,2,disopyramide,Repeat,8 day,0,mg/kg,Control,disopyramide_Control_8 day,2041,86,170.0,172,0.0,0.0,199,22.0,0.2,144.0,3.9,103.0,11.1,8.7,5.9,3.0,1.1,67.0,41.0,155.0,3.0,634.0,12.8,40.3,63.6,20.2,31.8,7.4,125.9,89.5,21.0,1.0,0.0,3.0,75.0,16.5,19.6,302.0
463_2_3,463,2,3,disopyramide,Repeat,8 day,0,mg/kg,Control,disopyramide_Control_8 day,1291,89,109.0,171,0.0,0.0,191,17.0,0.1,142.0,4.0,107.0,10.5,7.6,5.4,2.9,1.2,70.0,48.0,204.0,2.0,639.0,13.0,40.4,63.2,20.3,32.1,7.4,121.4,96.3,25.0,1.0,0.0,2.0,71.0,16.4,23.8,324.0
463_2_4,463,2,4,disopyramide,Repeat,8 day,0,mg/kg,Control,disopyramide_Control_8 day,1475,85,198.0,176,0.0,0.0,199,19.0,0.2,142.0,4.4,106.0,11.0,7.6,5.8,2.9,1.0,71.0,43.0,170.0,3.0,625.0,12.4,38.7,61.9,19.9,32.1,6.3,121.2,75.0,26.0,1.0,0.0,2.0,71.0,16.1,22.3,369.0
463_2_5,463,2,5,disopyramide,Repeat,8 day,0,mg/kg,Control,disopyramide_Control_8 day,1905,76,88.0,142,0.0,0.0,177,22.0,0.2,143.0,4.1,108.0,10.4,7.5,5.4,3.0,1.3,64.0,40.0,115.0,1.0,650.0,12.8,40.0,61.5,19.7,32.0,6.0,103.9,100.3,8.0,0.0,0.0,1.0,89.0,15.9,21.6,311.0
463_3_1,463,3,1,disopyramide,Repeat,15 day,0,mg/kg,Control,disopyramide_Control_15 day,1086,81,136.0,154,0.01,0.0,191,16.0,0.1,142.0,4.6,106.0,10.1,7.9,5.6,3.1,1.2,68.0,43.0,145.0,2.0,733.0,13.9,42.4,57.8,19.0,32.8,5.0,106.7,109.2,10.0,1.0,0.0,2.0,86.0,15.4,23.9,342.0
463_3_2,463,3,2,disopyramide,Repeat,15 day,0,mg/kg,Control,disopyramide_Control_15 day,1250,77,132.0,152,0.0,0.0,213,18.0,0.1,143.0,4.0,105.0,10.0,6.8,5.7,3.0,1.2,69.0,36.0,149.0,2.0,716.0,13.5,41.1,57.4,18.9,32.9,4.5,116.2,112.0,20.0,1.0,0.0,2.0,76.0,15.5,23.2,288.0
463_3_3,463,3,3,disopyramide,Repeat,15 day,0,mg/kg,Control,disopyramide_Control_15 day,1432,72,88.0,148,0.0,0.0,203,19.0,0.1,142.0,4.9,105.0,10.2,6.9,5.7,2.8,1.0,64.0,38.0,152.0,2.0,718.0,14.1,42.5,59.2,19.7,33.2,4.4,106.1,112.9,12.0,1.0,0.0,2.0,84.0,16.1,25.3,346.0
463_3_4,463,3,4,disopyramide,Repeat,15 day,0,mg/kg,Control,disopyramide_Control_15 day,1948,65,181.0,145,0.0,0.0,212,23.0,0.1,142.0,4.2,105.0,10.7,6.4,5.8,3.2,1.2,70.0,42.0,139.0,3.0,715.0,13.8,41.7,58.3,19.3,33.0,4.3,124.4,125.2,23.0,1.0,0.0,2.0,74.0,16.0,29.3,329.0
463_3_5,463,3,5,disopyramide,Repeat,15 day,0,mg/kg,Control,disopyramide_Control_15 day,1498,61,154.0,133,0.01,0.0,193,17.0,0.1,142.0,4.1,103.0,10.5,7.2,5.6,3.1,1.3,69.0,50.0,126.0,2.0,693.0,13.9,42.0,60.6,20.1,33.1,4.0,112.4,162.9,12.0,1.0,0.0,2.0,84.0,15.3,23.6,292.0
463_4_1,463,4,1,disopyramide,Repeat,29 day,0,mg/kg,Control,disopyramide_Control_29 day,1408,90,317.0,186,0.01,0.0,204,19.0,0.2,140.0,4.1,104.0,10.9,7.0,6.3,3.2,1.1,53.0,31.0,161.0,3.0,730.0,14.3,42.2,57.9,19.6,33.9,5.0,105.7,110.7,16.0,1.0,0.0,2.0,80.0,15.7,24.2,328.0
463_4_2,463,4,2,disopyramide,Repeat,29 day,0,mg/kg,Control,disopyramide_Control_29 day,1237,69,185.0,141,0.0,0.0,245,16.0,0.2,141.0,3.7,104.0,10.4,7.5,6.0,2.9,0.9,67.0,41.0,235.0,2.0,745.0,14.2,43.1,57.8,19.1,33.0,3.4,94.7,117.3,23.0,1.0,0.0,2.0,73.0,15.7,23.7,350.0
463_4_3,463,4,3,disopyramide,Repeat,29 day,0,mg/kg,Control,disopyramide_Control_29 day,1548,94,200.0,172,0.0,0.0,224,19.0,0.2,141.0,3.9,104.0,10.7,6.8,6.3,3.2,1.1,59.0,39.0,149.0,2.0,720.0,14.2,42.5,59.0,19.7,33.4,3.3,88.0,137.2,13.0,1.0,0.0,2.0,84.0,15.7,27.1,328.0
463_4_4,463,4,4,disopyramide,Repeat,29 day,0,mg/kg,Control,disopyramide_Control_29 day,1170,51,120.0,116,0.0,0.0,214,15.0,0.2,140.0,4.4,106.0,10.3,6.4,6.1,3.2,1.1,65.0,37.0,215.0,3.0,791.0,14.4,42.7,54.0,18.2,33.6,2.9,100.9,189.4,11.0,1.0,0.0,2.0,85.0,15.7,25.8,303.0
463_4_5,463,4,5,disopyramide,Repeat,29 day,0,mg/kg,Control,disopyramide_Control_29 day,1101,49,86.0,112,0.02,0.0,187,18.0,0.2,141.0,4.2,107.0,9.6,6.4,5.6,2.8,1.0,70.0,36.0,237.0,1.0,790.0,14.8,44.0,55.6,18.8,33.7,2.2,112.5,125.9,18.0,1.0,0.0,3.0,78.0,15.6,23.6,276.0
465_1_1,465,1,1,mexiletine,Repeat,4 day,0,mg/kg,Control,mexiletine_Control_4 day,2372,73,88.0,134,0.0,0.0,216,16.0,0.1,141.0,4.1,105.0,10.5,8.2,5.2,2.8,1.2,81.0,53.0,191.0,3.0,616.0,12.1,38.5,62.5,19.6,31.4,7.2,126.7,144.5,20.0,1.0,0.0,3.0,75.0,15.8,21.0,299.0
465_1_2,465,1,2,mexiletine,Repeat,4 day,0,mg/kg,Control,mexiletine_Control_4 day,1419,62,44.0,113,0.01,0.0,202,16.0,0.1,142.0,4.2,105.0,10.8,7.0,5.2,3.0,1.3,70.0,33.0,211.0,2.0,619.0,12.0,37.4,60.5,19.3,31.9,6.6,121.2,101.5,10.0,0.0,0.0,3.0,86.0,16.7,18.1,279.0
465_1_3,465,1,3,mexiletine,Repeat,4 day,0,mg/kg,Control,mexiletine_Control_4 day,1377,63,78.0,129,0.01,0.0,187,14.0,0.2,142.0,4.9,109.0,10.1,7.2,5.4,2.9,1.2,71.0,40.0,192.0,2.0,686.0,13.4,41.8,60.9,19.5,32.1,5.5,107.4,131.7,13.0,1.0,0.0,3.0,82.0,15.5,23.3,328.0
465_1_4,465,1,4,mexiletine,Repeat,4 day,0,mg/kg,Control,mexiletine_Control_4 day,1469,100,60.0,164,0.01,0.0,211,16.0,0.1,142.0,4.6,105.0,10.5,8.2,5.7,3.2,1.3,65.0,42.0,154.0,2.0,628.0,12.4,38.6,61.5,19.8,32.2,6.2,119.5,89.2,15.0,1.0,0.0,3.0,80.0,15.6,18.6,331.0
465_1_5,465,1,5,mexiletine,Repeat,4 day,0,mg/kg,Control,mexiletine_Control_4 day,2209,68,78.0,130,0.01,0.0,190,16.0,0.1,143.0,4.1,106.0,10.3,7.2,5.3,3.1,1.4,74.0,56.0,142.0,2.0,634.0,13.3,40.8,64.3,21.1,32.7,5.9,100.4,135.3,11.0,1.0,0.0,2.0,85.0,15.6,20.4,275.0
465_2_1,465,2,1,mexiletine,Repeat,8 day,0,mg/kg,Control,mexiletine_Control_8 day,1746,67,134.0,145,0.0,0.0,198,19.0,0.2,141.0,3.7,105.0,10.5,6.5,5.7,3.0,1.1,73.0,47.0,143.0,1.0,687.0,13.3,40.1,58.3,19.4,33.2,4.0,104.6,97.5,14.0,1.0,0.0,2.0,82.0,16.0,23.7,282.0
465_2_2,465,2,2,mexiletine,Repeat,8 day,0,mg/kg,Control,mexiletine_Control_8 day,1335,96,127.0,173,0.0,0.0,209,22.0,0.2,143.0,4.1,103.0,11.0,7.6,5.7,2.9,1.1,66.0,51.0,136.0,2.0,638.0,12.5,39.7,62.2,19.7,31.6,6.4,110.4,118.5,10.0,1.0,0.0,1.0,87.0,15.3,22.4,324.0
465_2_3,465,2,3,mexiletine,Repeat,8 day,0,mg/kg,Control,mexiletine_Control_8 day,1462,81,138.0,170,0.0,0.0,210,21.0,0.1,140.0,4.3,105.0,10.9,7.7,5.9,3.0,1.0,56.0,36.0,162.0,3.0,610.0,12.7,38.7,63.4,20.8,32.7,7.0,117.6,130.0,24.0,1.0,0.0,5.0,69.0,15.7,24.3,305.0
465_2_4,465,2,4,mexiletine,Repeat,8 day,0,mg/kg,Control,mexiletine_Control_8 day,1535,74,120.0,138,0.0,0.0,180,22.0,0.2,140.0,4.8,105.0,10.8,7.3,5.2,2.9,1.2,69.0,39.0,141.0,2.0,604.0,12.5,38.8,64.2,20.8,32.3,7.2,79.0,109.4,23.0,1.0,0.0,3.0,72.0,16.1,21.8,300.0
465_2_5,465,2,5,mexiletine,Repeat,8 day,0,mg/kg,Control,mexiletine_Control_8 day,1301,83,48.0,137,0.01,0.0,205,18.0,0.1,143.0,4.3,107.0,10.4,8.4,5.5,3.0,1.2,61.0,38.0,182.0,2.0,647.0,13.6,41.4,64.0,21.1,32.9,5.6,121.0,123.7,16.0,1.0,0.0,3.0,79.0,16.3,24.9,289.0
465_3_1,465,3,1,mexiletine,Repeat,15 day,0,mg/kg,Control,mexiletine_Control_15 day,1544,67,199.0,160,0.01,0.0,214,16.0,0.2,139.0,4.0,103.0,10.7,7.7,5.7,2.9,1.0,69.0,43.0,183.0,2.0,604.0,12.6,39.4,65.2,20.9,32.0,8.8,122.6,109.7,11.0,1.0,0.0,1.0,86.0,15.4,23.2,308.0
465_3_2,465,3,2,mexiletine,Repeat,15 day,0,mg/kg,Control,mexiletine_Control_15 day,1529,73,172.0,157,0.0,0.0,218,22.0,0.2,141.0,3.9,103.0,11.0,7.7,6.0,3.2,1.1,68.0,39.0,163.0,2.0,611.0,12.8,39.5,64.6,20.9,32.4,9.2,97.6,115.7,19.0,1.0,0.0,2.0,78.0,16.5,22.2,319.0
465_3_3,465,3,3,mexiletine,Repeat,15 day,0,mg/kg,Control,mexiletine_Control_15 day,1270,81,169.0,165,0.01,0.0,200,20.0,0.2,141.0,4.2,104.0,10.7,6.9,5.7,2.9,1.1,61.0,41.0,128.0,2.0,591.0,12.9,40.6,68.7,21.9,31.9,9.8,101.4,94.3,15.0,0.0,0.0,2.0,81.0,16.4,22.7,321.0
465_3_4,465,3,4,mexiletine,Repeat,15 day,0,mg/kg,Control,mexiletine_Control_15 day,1526,76,77.0,139,0.0,0.0,207,17.0,0.1,142.0,4.5,105.0,10.5,7.5,5.9,3.1,1.1,66.0,60.0,126.0,3.0,609.0,12.5,38.1,62.5,20.5,32.7,8.0,99.0,76.7,17.0,1.0,0.0,2.0,80.0,16.6,20.1,296.0
465_3_5,465,3,5,mexiletine,Repeat,15 day,0,mg/kg,Control,mexiletine_Control_15 day,1953,54,98.0,118,0.0,0.0,219,20.0,0.2,140.0,4.5,108.0,10.2,5.8,5.5,3.1,1.3,80.0,45.0,223.0,2.0,628.0,13.0,39.5,62.9,20.7,33.0,8.1,118.1,85.9,19.0,1.0,0.0,2.0,78.0,15.8,22.8,309.0
465_4_1,465,4,1,mexiletine,Repeat,29 day,0,mg/kg,Control,mexiletine_Control_29 day,1142,62,145.0,131,0.01,0.0,204,17.0,0.2,142.0,3.8,104.0,10.2,7.2,6.0,3.1,1.1,53.0,31.0,106.0,2.0,809.0,14.5,42.8,52.9,18.0,33.9,3.5,76.7,97.0,9.0,1.0,0.0,1.0,89.0,16.3,24.8,289.0
465_4_2,465,4,2,mexiletine,Repeat,29 day,0,mg/kg,Control,mexiletine_Control_29 day,830,75,138.0,144,0.02,0.0,184,21.0,0.2,143.0,3.7,102.0,11.0,6.7,6.8,3.3,0.9,54.0,28.0,118.0,2.0,792.0,15.3,44.4,56.1,19.4,34.6,2.6,90.3,115.8,11.0,1.0,0.0,2.0,86.0,16.6,25.3,342.0
465_4_3,465,4,3,mexiletine,Repeat,29 day,0,mg/kg,Control,mexiletine_Control_29 day,1309,64,71.0,123,0.01,0.0,182,18.0,0.2,145.0,3.8,105.0,10.3,5.9,6.0,2.9,0.9,64.0,38.0,105.0,2.0,757.0,14.7,43.4,57.3,19.5,34.0,2.6,98.6,92.4,23.0,1.0,0.0,1.0,75.0,16.4,25.2,272.0
465_4_4,465,4,4,mexiletine,Repeat,29 day,0,mg/kg,Control,mexiletine_Control_29 day,1123,64,190.0,138,0.0,0.0,217,20.0,0.2,143.0,4.0,105.0,10.8,7.2,6.1,2.9,0.9,73.0,52.0,201.0,2.0,747.0,14.5,43.5,58.2,19.5,33.4,2.9,89.5,89.4,11.0,1.0,0.0,2.0,85.0,15.5,25.6,314.0
465_4_5,465,4,5,mexiletine,Repeat,29 day,0,mg/kg,Control,mexiletine_Control_29 day,830,74,124.0,139,0.01,0.0,187,20.0,0.1,143.0,3.6,105.0,10.0,5.9,6.0,2.9,0.9,65.0,37.0,134.0,2.0,766.0,15.0,43.6,56.9,19.6,34.4,2.9,104.0,127.5,15.0,1.0,0.0,2.0,81.0,15.9,25.5,321.0
467_1_1,467,1,1,tiopronin,Repeat,4 day,0,mg/kg,Control,tiopronin_Control_4 day,1538,91,71.0,152,0.0,0.0,199,19.0,0.2,140.0,3.9,106.0,10.3,7.8,5.3,2.8,1.1,68.0,37.0,146.0,1.0,611.0,13.2,40.1,65.6,21.6,32.9,6.8,104.8,89.3,13.0,1.0,0.0,4.0,82.0,15.1,21.4,306.0
467_1_2,467,1,2,tiopronin,Repeat,4 day,0,mg/kg,Control,tiopronin_Control_4 day,1055,79,120.0,152,0.0,0.0,218,18.0,0.2,141.0,4.5,106.0,11.0,6.6,5.5,2.8,1.0,69.0,38.0,216.0,2.0,629.0,13.1,39.8,63.3,20.9,33.0,7.3,105.3,103.9,14.0,1.0,0.0,3.0,82.0,16.0,23.7,302.0
467_1_3,467,1,3,tiopronin,Repeat,4 day,0,mg/kg,Control,tiopronin_Control_4 day,1429,63,91.0,121,0.0,0.0,212,20.0,0.2,140.0,4.5,106.0,10.4,7.3,5.4,3.0,1.2,83.0,62.0,161.0,2.0,666.0,13.0,40.1,60.2,19.5,32.3,6.8,118.2,179.5,14.0,1.0,0.0,2.0,83.0,15.9,24.0,280.0
467_1_4,467,1,4,tiopronin,Repeat,4 day,0,mg/kg,Control,tiopronin_Control_4 day,1264,87,71.0,153,0.01,0.0,187,15.0,0.2,141.0,4.6,106.0,10.5,6.8,5.6,3.0,1.2,64.0,47.0,183.0,2.0,651.0,14.2,41.8,64.1,21.8,33.9,7.0,125.2,227.7,19.0,1.0,0.0,2.0,76.0,15.6,22.4,313.0
467_1_5,467,1,5,tiopronin,Repeat,4 day,0,mg/kg,Control,tiopronin_Control_4 day,1691,55,80.0,110,0.01,0.0,194,15.0,0.2,142.0,4.0,106.0,10.4,7.5,5.5,3.0,1.2,85.0,47.0,234.0,1.0,679.0,14.1,42.0,61.9,20.8,33.6,6.1,108.3,112.3,11.0,1.0,0.0,2.0,85.0,15.9,21.7,300.0
467_2_1,467,2,1,tiopronin,Repeat,8 day,0,mg/kg,Control,tiopronin_Control_8 day,1756,74,111.0,146,0.0,0.0,182,18.0,0.2,142.0,4.5,110.0,10.3,5.9,5.3,3.0,1.3,66.0,27.0,157.0,1.0,683.0,14.2,41.4,60.6,20.8,34.4,4.1,118.5,92.7,13.0,1.0,0.0,2.0,83.0,15.5,21.8,295.0
467_2_2,467,2,2,tiopronin,Repeat,8 day,0,mg/kg,Control,tiopronin_Control_8 day,1346,90,57.0,161,0.01,0.0,201,19.0,0.1,141.0,4.4,108.0,10.3,6.7,5.4,2.9,1.1,71.0,42.0,136.0,2.0,594.0,12.8,38.0,64.0,21.6,33.8,7.5,110.2,162.2,11.0,0.0,0.0,2.0,85.0,15.2,20.7,306.0
467_2_3,467,2,3,tiopronin,Repeat,8 day,0,mg/kg,Control,tiopronin_Control_8 day,1639,88,120.0,167,0.01,0.0,191,17.0,0.1,142.0,4.8,107.0,10.8,7.7,5.3,2.9,1.2,63.0,35.0,148.0,2.0,687.0,13.8,40.4,58.9,20.2,34.2,5.1,129.1,130.8,14.0,1.0,0.0,2.0,82.0,15.6,20.0,302.0
467_2_4,467,2,4,tiopronin,Repeat,8 day,0,mg/kg,Control,tiopronin_Control_8 day,2085,82,130.0,167,0.0,0.0,179,20.0,0.2,142.0,4.5,105.0,11.2,8.2,5.7,3.1,1.2,73.0,45.0,165.0,2.0,660.0,13.9,41.1,62.4,21.1,33.8,5.4,118.2,121.1,18.0,1.0,0.0,2.0,79.0,15.5,23.6,339.0
467_2_5,467,2,5,tiopronin,Repeat,8 day,0,mg/kg,Control,tiopronin_Control_8 day,1695,82,118.0,152,0.0,0.0,206,20.0,0.2,141.0,4.3,106.0,10.8,6.9,5.5,3.1,1.3,70.0,38.0,126.0,2.0,711.0,14.1,42.2,59.3,19.8,33.4,5.8,118.3,117.7,11.0,1.0,0.0,2.0,86.0,15.4,20.8,314.0
467_3_1,467,3,1,tiopronin,Repeat,15 day,0,mg/kg,Control,tiopronin_Control_15 day,2269,60,152.0,125,0.0,0.0,207,18.0,0.2,140.0,4.3,106.0,10.3,6.9,5.4,3.1,1.4,71.0,44.0,169.0,2.0,722.0,14.1,40.9,56.7,19.5,34.4,4.9,109.7,125.9,13.0,1.0,0.0,3.0,83.0,16.0,21.9,317.0
467_3_2,467,3,2,tiopronin,Repeat,15 day,0,mg/kg,Control,tiopronin_Control_15 day,1166,60,124.0,126,0.01,0.0,206,19.0,0.2,139.0,4.4,105.0,10.3,7.0,5.4,3.0,1.3,62.0,34.0,143.0,2.0,707.0,14.9,41.8,59.1,21.1,35.7,4.3,125.8,147.0,13.0,1.0,0.0,2.0,84.0,15.4,23.0,297.0
467_3_3,467,3,3,tiopronin,Repeat,15 day,0,mg/kg,Control,tiopronin_Control_15 day,1345,61,149.0,139,0.01,0.0,220,20.0,0.1,138.0,4.6,104.0,10.5,6.5,5.8,3.1,1.2,67.0,35.0,166.0,4.0,690.0,13.8,39.4,57.1,20.0,35.1,5.4,127.4,110.0,15.0,1.0,0.0,1.0,83.0,15.5,21.6,263.0
467_3_4,467,3,4,tiopronin,Repeat,15 day,0,mg/kg,Control,tiopronin_Control_15 day,1353,72,151.0,160,0.0,0.0,194,20.0,0.1,139.0,4.3,104.0,10.4,8.2,5.8,3.1,1.2,62.0,43.0,185.0,3.0,654.0,13.8,40.0,61.1,21.1,34.5,6.1,121.8,127.3,17.0,1.0,0.0,3.0,78.0,15.3,23.6,290.0
467_3_5,467,3,5,tiopronin,Repeat,15 day,0,mg/kg,Control,tiopronin_Control_15 day,1295,65,102.0,128,0.01,0.0,202,18.0,0.2,140.0,4.7,106.0,10.2,6.0,5.7,3.2,1.2,55.0,29.0,126.0,2.0,661.0,13.8,40.1,60.6,20.9,34.4,5.6,108.8,134.0,12.0,1.0,0.0,2.0,85.0,16.0,24.2,329.0
467_4_1,467,4,1,tiopronin,Repeat,29 day,0,mg/kg,Control,tiopronin_Control_29 day,1061,53,52.0,112,0.04,0.0,206,16.0,0.2,143.0,4.3,108.0,10.5,6.2,5.7,3.3,1.3,67.0,34.0,118.0,1.0,793.0,15.2,43.1,54.4,19.1,35.2,2.6,80.7,92.0,10.0,1.0,0.0,2.0,86.0,16.4,22.6,282.0
467_4_2,467,4,2,tiopronin,Repeat,29 day,0,mg/kg,Control,tiopronin_Control_29 day,1111,95,175.0,175,0.0,0.0,226,22.0,0.2,143.0,4.2,107.0,10.9,6.7,6.1,3.3,1.2,60.0,35.0,154.0,3.0,799.0,16.0,45.6,57.1,20.0,35.1,3.2,102.6,170.1,18.0,1.0,0.0,2.0,78.0,15.6,21.1,306.0
467_4_3,467,4,3,tiopronin,Repeat,29 day,0,mg/kg,Control,tiopronin_Control_29 day,1263,92,242.0,182,0.01,0.0,204,22.0,0.2,143.0,4.2,105.0,10.9,7.8,6.1,3.2,1.1,56.0,39.0,222.0,2.0,733.0,14.8,42.0,57.3,20.1,35.2,2.8,89.6,110.4,12.0,1.0,0.0,2.0,83.0,15.9,27.4,339.0
467_4_4,467,4,4,tiopronin,Repeat,29 day,0,mg/kg,Control,tiopronin_Control_29 day,794,95,136.0,168,0.0,0.0,194,18.0,0.2,143.0,4.4,105.0,11.0,7.0,6.1,3.4,1.2,57.0,34.0,167.0,3.0,780.0,15.0,42.2,54.2,19.2,35.4,2.9,96.8,100.3,10.0,1.0,0.0,1.0,87.0,15.6,27.0,320.0
467_4_5,467,4,5,tiopronin,Repeat,29 day,0,mg/kg,Control,tiopronin_Control_29 day,1283,56,72.0,120,0.0,0.0,183,18.0,0.2,144.0,3.5,109.0,10.7,6.0,5.6,3.1,1.2,67.0,33.0,102.0,1.0,786.0,15.3,43.0,54.7,19.5,35.6,2.4,86.3,97.7,21.0,1.0,0.0,2.0,75.0,16.4,24.4,281.0
481_1_1,481,1,1,phalloidin,Repeat,4 day,0,mg/kg,Control,phalloidin_Control_4 day,1553,80,97.0,150,0.0,0.0,193,16.0,0.2,141.0,4.6,105.0,10.9,7.8,5.8,3.2,1.2,72.0,50.0,145.0,1.0,670.0,13.9,42.7,63.8,20.7,32.4,6.2,107.2,112.1,18.0,1.0,0.0,5.0,75.0,16.0,22.1,352.0
481_1_2,481,1,2,phalloidin,Repeat,4 day,0,mg/kg,Control,phalloidin_Control_4 day,1721,73,98.0,131,0.0,0.0,210,19.0,0.2,142.0,4.4,105.0,10.7,8.9,5.4,3.0,1.3,68.0,39.0,153.0,2.0,627.0,12.3,38.6,61.6,19.6,31.7,7.6,115.2,112.2,11.0,1.0,0.0,2.0,85.0,16.8,23.0,324.0
481_1_3,481,1,3,phalloidin,Repeat,4 day,0,mg/kg,Control,phalloidin_Control_4 day,1445,74,153.0,139,0.0,0.0,214,18.0,0.2,139.0,5.2,105.0,10.7,7.9,5.5,2.9,1.2,62.0,35.0,192.0,1.0,625.0,13.1,40.0,64.0,21.0,32.8,6.3,120.2,101.4,15.0,1.0,0.0,2.0,81.0,16.4,21.5,317.0
481_1_4,481,1,4,phalloidin,Repeat,4 day,0,mg/kg,Control,phalloidin_Control_4 day,1249,84,49.0,131,0.0,0.0,199,17.0,0.2,141.0,4.6,106.0,10.9,8.6,5.6,3.1,1.2,62.0,37.0,248.0,2.0,636.0,12.9,40.9,64.4,20.4,31.7,6.6,113.9,124.1,11.0,1.0,0.0,3.0,85.0,16.3,24.8,321.0
481_1_5,481,1,5,phalloidin,Repeat,4 day,0,mg/kg,Control,phalloidin_Control_4 day,1661,79,185.0,147,0.0,0.0,191,17.0,0.2,141.0,4.6,106.0,10.9,8.6,5.4,3.1,1.4,70.0,49.0,150.0,2.0,625.0,12.9,39.7,63.5,20.6,32.5,7.3,136.1,119.8,8.0,1.0,0.0,2.0,89.0,15.8,24.0,326.0
481_2_1,481,2,1,phalloidin,Repeat,8 day,0,mg/kg,Control,phalloidin_Control_8 day,1356,85,53.0,142,0.01,0.0,207,20.0,0.2,141.0,4.0,105.0,10.7,8.8,5.4,2.9,1.2,65.0,32.0,191.0,3.0,614.0,12.7,38.8,63.2,20.6,32.6,7.0,148.3,115.5,13.0,1.0,0.0,2.0,83.0,15.5,22.8,317.0
481_2_2,481,2,2,phalloidin,Repeat,8 day,0,mg/kg,Control,phalloidin_Control_8 day,1254,74,93.0,134,0.0,0.0,184,15.0,0.2,143.0,4.9,106.0,10.3,8.0,5.6,2.9,1.1,60.0,38.0,183.0,3.0,658.0,12.9,39.8,60.5,19.6,32.4,7.1,152.7,98.4,25.0,1.0,0.0,2.0,72.0,15.1,23.9,321.0
481_2_3,481,2,3,phalloidin,Repeat,8 day,0,mg/kg,Control,phalloidin_Control_8 day,1244,59,58.0,103,0.02,0.0,188,15.0,0.1,143.0,4.5,108.0,10.0,8.5,5.2,2.7,1.1,61.0,35.0,134.0,3.0,620.0,12.4,38.4,61.9,20.1,32.4,6.4,132.6,112.9,22.0,1.0,0.0,1.0,74.0,16.4,22.6,337.0
481_2_4,481,2,4,phalloidin,Repeat,8 day,0,mg/kg,Control,phalloidin_Control_8 day,1219,78,81.0,129,0.01,0.0,192,18.0,0.1,143.0,4.4,106.0,10.7,8.1,5.5,3.0,1.2,64.0,38.0,141.0,3.0,644.0,13.5,40.9,63.4,20.9,33.0,6.2,115.4,110.3,11.0,1.0,0.0,2.0,84.0,15.8,23.8,322.0
481_2_5,481,2,5,phalloidin,Repeat,8 day,0,mg/kg,Control,phalloidin_Control_8 day,1104,79,158.0,146,0.0,0.0,178,22.0,0.2,143.0,4.0,104.0,10.5,7.5,5.5,3.0,1.2,67.0,40.0,153.0,2.0,625.0,13.1,39.8,63.7,20.9,32.8,7.2,130.2,137.4,10.0,1.0,0.0,2.0,87.0,15.4,24.5,314.0
490_1_1,490,1,1,acetazolamide,Repeat,4 day,0,mg/kg,Control,acetazolamide_Control_4 day,1547,86,72.0,152,0.0,0.0,195,19.0,0.1,140.0,4.6,106.0,10.6,8.5,5.4,2.9,1.2,68.0,40.0,179.0,2.0,588.0,12.9,38.1,64.8,22.0,33.9,7.6,130.4,95.7,24.0,1.0,0.0,4.0,71.0,16.6,24.4,289.0
490_1_2,490,1,2,acetazolamide,Repeat,4 day,0,mg/kg,Control,acetazolamide_Control_4 day,1745,70,90.0,137,0.0,0.0,175,17.0,0.1,141.0,4.6,107.0,11.1,7.1,5.4,3.1,1.4,110.0,51.0,208.0,1.0,665.0,14.2,41.0,61.7,21.3,34.5,6.1,101.5,115.9,12.0,1.0,0.0,2.0,84.0,17.0,20.1,261.0
490_1_3,490,1,3,acetazolamide,Repeat,4 day,0,mg/kg,Control,acetazolamide_Control_4 day,2035,83,95.0,140,0.0,0.0,209,20.0,0.2,142.0,4.3,106.0,10.8,7.6,5.4,2.8,1.1,73.0,42.0,208.0,2.0,577.0,12.8,37.8,65.5,22.2,33.9,7.8,128.5,178.3,18.0,1.0,0.0,3.0,77.0,17.1,19.2,348.0
490_1_4,490,1,4,acetazolamide,Repeat,4 day,0,mg/kg,Control,acetazolamide_Control_4 day,2114,57,77.0,128,0.02,0.0,193,17.0,0.1,143.0,4.4,106.0,10.7,7.2,5.7,3.4,1.4,76.0,43.0,289.0,2.0,682.0,13.8,40.9,60.0,20.2,33.8,5.8,125.7,111.5,9.0,1.0,0.0,2.0,87.0,17.5,22.9,300.0
490_1_5,490,1,5,acetazolamide,Repeat,4 day,0,mg/kg,Control,acetazolamide_Control_4 day,1355,60,97.0,118,0.02,0.0,196,16.0,0.2,144.0,3.8,108.0,10.9,7.3,5.6,3.2,1.4,79.0,52.0,160.0,2.0,629.0,13.2,39.1,62.2,21.0,33.8,7.1,118.5,98.8,17.0,1.0,0.0,4.0,77.0,16.9,19.5,313.0
490_2_1,490,2,1,acetazolamide,Repeat,8 day,0,mg/kg,Control,acetazolamide_Control_8 day,1843,68,163.0,156,0.0,0.0,211,22.0,0.2,142.0,4.7,105.0,11.0,7.3,5.4,3.3,1.5,66.0,42.0,172.0,2.0,627.0,14.1,40.2,64.1,22.4,35.0,5.6,110.0,108.3,13.0,1.0,0.0,3.0,82.0,16.2,21.0,275.0
490_2_2,490,2,2,acetazolamide,Repeat,8 day,0,mg/kg,Control,acetazolamide_Control_8 day,2297,57,61.0,124,0.0,0.0,190,20.0,0.2,143.0,4.2,109.0,10.5,5.8,5.3,3.0,1.3,69.0,33.0,172.0,1.0,708.0,15.0,41.4,58.4,21.2,36.3,4.8,126.9,104.0,17.0,1.0,0.0,3.0,78.0,16.7,25.0,274.0
490_2_3,490,2,3,acetazolamide,Repeat,8 day,0,mg/kg,Control,acetazolamide_Control_8 day,1420,63,87.0,129,0.0,0.0,203,23.0,0.2,141.0,4.9,107.0,10.5,6.6,5.3,3.1,1.4,78.0,35.0,212.0,2.0,621.0,13.8,38.2,61.5,22.3,36.3,5.9,101.3,89.0,12.0,1.0,0.0,2.0,84.0,15.6,22.0,306.0
490_2_4,490,2,4,acetazolamide,Repeat,8 day,0,mg/kg,Control,acetazolamide_Control_8 day,2315,67,110.0,132,0.01,0.0,209,20.0,0.2,143.0,4.8,105.0,11.0,7.6,5.4,3.0,1.3,81.0,42.0,266.0,2.0,647.0,14.4,40.4,62.5,22.3,35.7,6.2,111.4,83.0,10.0,1.0,0.0,2.0,87.0,16.0,21.6,317.0
490_2_5,490,2,5,acetazolamide,Repeat,8 day,0,mg/kg,Control,acetazolamide_Control_8 day,1651,61,88.0,122,0.0,0.0,202,25.0,0.2,142.0,4.7,106.0,11.0,7.4,5.2,3.1,1.5,69.0,36.0,146.0,1.0,649.0,13.7,38.2,58.9,21.1,35.8,5.8,117.1,129.3,7.0,0.0,0.0,2.0,90.0,16.1,19.5,269.0
490_3_1,490,3,1,acetazolamide,Repeat,15 day,0,mg/kg,Control,acetazolamide_Control_15 day,1481,77,100.0,146,0.0,0.0,217,21.0,0.2,144.0,4.5,106.0,10.7,8.1,5.6,2.9,1.1,61.0,37.0,154.0,4.0,644.0,12.8,36.9,57.2,19.9,34.8,5.4,105.6,124.1,15.0,0.0,0.0,2.0,81.0,16.0,18.7,306.0
490_3_2,490,3,2,acetazolamide,Repeat,15 day,0,mg/kg,Control,acetazolamide_Control_15 day,1276,72,115.0,140,0.0,0.0,199,20.0,0.2,143.0,4.2,105.0,10.5,7.6,5.9,3.2,1.2,69.0,42.0,185.0,2.0,708.0,14.0,40.2,56.8,19.8,34.8,4.9,98.7,111.3,14.0,1.0,0.0,3.0,81.0,16.9,25.6,319.0
490_3_3,490,3,3,acetazolamide,Repeat,15 day,0,mg/kg,Control,acetazolamide_Control_15 day,1787,55,125.0,126,0.01,0.0,194,20.0,0.2,143.0,4.5,106.0,10.7,6.5,5.8,3.3,1.3,76.0,40.0,211.0,2.0,706.0,14.5,40.8,57.8,20.6,35.6,4.5,90.0,97.0,11.0,1.0,0.0,2.0,86.0,17.4,24.7,279.0
490_3_4,490,3,4,acetazolamide,Repeat,15 day,0,mg/kg,Control,acetazolamide_Control_15 day,1390,69,140.0,148,0.0,0.0,186,18.0,0.2,144.0,4.4,109.0,10.7,7.5,5.7,2.9,1.0,65.0,33.0,181.0,2.0,677.0,14.5,40.6,59.9,21.5,35.9,5.0,101.2,88.7,21.0,1.0,0.0,2.0,76.0,16.2,22.5,298.0
490_3_5,490,3,5,acetazolamide,Repeat,15 day,0,mg/kg,Control,acetazolamide_Control_15 day,1918,62,177.0,152,0.0,0.0,192,20.0,0.2,144.0,4.0,104.0,10.6,7.3,5.7,3.2,1.3,65.0,37.0,126.0,2.0,706.0,14.7,41.7,59.1,20.9,35.3,5.5,119.4,84.4,9.0,1.0,0.0,2.0,87.0,16.2,25.2,284.0
490_4_1,490,4,1,acetazolamide,Repeat,29 day,0,mg/kg,Control,acetazolamide_Control_29 day,1022,76,313.0,185,0.01,0.0,204,17.0,0.2,142.0,4.4,104.0,10.2,6.5,6.1,3.4,1.2,54.0,37.0,141.0,2.0,771.0,15.0,43.1,55.9,19.4,34.7,3.1,89.5,76.8,16.0,1.0,0.0,3.0,79.0,16.5,23.5,321.0
490_4_2,490,4,2,acetazolamide,Repeat,29 day,0,mg/kg,Control,acetazolamide_Control_29 day,1216,77,99.0,143,0.01,0.0,197,20.0,0.2,142.0,4.2,105.0,10.2,6.2,5.9,3.2,1.2,61.0,37.0,106.0,2.0,793.0,15.2,44.7,56.4,19.2,34.1,3.0,94.7,98.3,12.0,1.0,0.0,2.0,85.0,16.2,26.1,306.0
490_4_3,490,4,3,acetazolamide,Repeat,29 day,0,mg/kg,Control,acetazolamide_Control_29 day,1284,62,167.0,131,0.0,0.0,248,20.0,0.2,144.0,3.8,106.0,10.7,6.8,6.1,3.2,1.1,67.0,47.0,163.0,2.0,772.0,14.0,41.4,53.7,18.1,33.8,2.9,101.2,130.2,13.0,0.0,0.0,2.0,83.0,16.3,25.8,336.0
490_4_4,490,4,4,acetazolamide,Repeat,29 day,0,mg/kg,Control,acetazolamide_Control_29 day,808,69,134.0,136,0.0,0.0,199,17.0,0.1,142.0,4.1,105.0,10.6,6.3,6.4,3.4,1.1,62.0,39.0,152.0,3.0,817.0,15.4,45.0,55.1,18.8,34.2,2.3,91.1,97.6,11.0,1.0,0.0,1.0,86.0,16.5,25.8,309.0
490_4_5,490,4,5,acetazolamide,Repeat,29 day,0,mg/kg,Control,acetazolamide_Control_29 day,1371,65,179.0,139,0.0,0.0,191,20.0,0.2,143.0,4.0,107.0,10.4,5.1,6.2,3.3,1.1,75.0,43.0,132.0,2.0,804.0,15.8,45.7,56.8,19.7,34.7,2.7,105.4,155.5,10.0,0.0,0.0,2.0,87.0,16.6,28.2,308.0
492_1_1,492,1,1,disulfiram,Repeat,4 day,0,mg/kg,Control,disulfiram_Control_4 day,1422,69,72.0,137,0.0,0.0,180,17.0,0.2,141.0,4.2,105.0,10.4,7.2,5.5,3.1,1.3,77.0,44.0,293.0,1.0,648.0,13.0,41.1,63.3,20.1,31.8,6.7,106.8,85.1,14.0,1.0,0.0,2.0,83.0,15.9,23.8,291.0
492_1_2,492,1,2,disulfiram,Repeat,4 day,0,mg/kg,Control,disulfiram_Control_4 day,1090,79,49.0,139,0.01,0.0,185,15.0,0.2,144.0,3.8,105.0,10.8,9.0,5.6,3.2,1.3,69.0,47.0,159.0,1.0,641.0,12.8,39.3,61.2,19.9,32.5,5.4,95.7,59.0,13.0,0.0,0.0,2.0,84.0,16.6,22.6,300.0
492_1_3,492,1,3,disulfiram,Repeat,4 day,0,mg/kg,Control,disulfiram_Control_4 day,1673,71,141.0,143,0.0,0.0,212,18.0,0.2,142.0,4.4,104.0,11.1,8.4,5.6,3.0,1.2,70.0,47.0,190.0,2.0,545.0,11.6,36.1,66.1,21.3,32.2,7.3,123.8,55.5,13.0,1.0,0.0,2.0,84.0,16.4,20.2,306.0
492_1_4,492,1,4,disulfiram,Repeat,4 day,0,mg/kg,Control,disulfiram_Control_4 day,1283,79,75.0,134,0.0,0.0,190,20.0,0.2,143.0,4.1,106.0,10.8,6.5,5.4,3.0,1.3,70.0,35.0,135.0,1.0,632.0,13.1,40.0,63.3,20.7,32.7,6.9,120.9,84.2,15.0,1.0,0.0,2.0,82.0,16.2,24.1,275.0
492_1_5,492,1,5,disulfiram,Repeat,4 day,0,mg/kg,Control,disulfiram_Control_4 day,1637,69,121.0,131,0.0,0.0,194,18.0,0.2,143.0,4.5,108.0,10.7,8.1,5.6,3.0,1.2,74.0,40.0,175.0,2.0,579.0,11.8,37.0,63.9,20.4,31.9,8.9,112.8,108.0,19.0,1.0,0.0,4.0,76.0,16.6,22.6,303.0
492_2_1,492,2,1,disulfiram,Repeat,8 day,0,mg/kg,Control,disulfiram_Control_8 day,1330,77,98.0,143,0.01,0.0,192,19.0,0.2,142.0,4.1,105.0,10.8,7.9,5.6,3.2,1.3,65.0,33.0,186.0,2.0,627.0,12.3,37.9,60.4,19.7,32.6,6.6,129.9,118.0,15.0,0.0,0.0,3.0,80.0,16.1,21.3,311.0
492_2_2,492,2,2,disulfiram,Repeat,8 day,0,mg/kg,Control,disulfiram_Control_8 day,1400,72,105.0,142,0.01,0.0,205,15.0,0.2,142.0,4.5,106.0,10.5,7.7,5.3,2.9,1.3,71.0,45.0,189.0,2.0,606.0,12.4,38.2,63.1,20.4,32.4,6.7,89.3,150.8,15.0,1.0,0.0,3.0,81.0,16.7,22.2,308.0
492_2_3,492,2,3,disulfiram,Repeat,8 day,0,mg/kg,Control,disulfiram_Control_8 day,1355,65,115.0,140,0.01,0.0,231,16.0,0.2,142.0,4.9,107.0,10.7,8.6,5.4,3.1,1.3,86.0,53.0,371.0,2.0,646.0,13.4,40.1,62.2,20.7,33.4,5.6,109.1,178.9,13.0,1.0,0.0,2.0,84.0,16.0,22.9,309.0
492_2_4,492,2,4,disulfiram,Repeat,8 day,0,mg/kg,Control,disulfiram_Control_8 day,1371,66,144.0,130,0.0,0.0,202,21.0,0.2,140.0,4.9,105.0,10.9,7.6,5.5,3.1,1.3,72.0,46.0,209.0,3.0,613.0,13.0,40.1,65.5,21.1,32.3,6.8,118.0,118.7,11.0,1.0,0.0,3.0,85.0,16.9,21.3,313.0
492_2_5,492,2,5,disulfiram,Repeat,8 day,0,mg/kg,Control,disulfiram_Control_8 day,1787,77,71.0,137,0.01,0.0,189,16.0,0.2,144.0,4.3,107.0,10.7,7.6,5.5,3.2,1.4,71.0,41.0,160.0,2.0,653.0,12.7,39.5,60.4,19.4,32.2,6.0,137.5,105.9,15.0,1.0,0.0,3.0,80.0,16.3,22.8,334.0
492_3_1,492,3,1,disulfiram,Repeat,15 day,0,mg/kg,Control,disulfiram_Control_15 day,1200,80,92.0,152,0.0,0.0,199,19.0,0.1,140.0,4.3,105.0,10.4,7.9,5.9,3.0,1.1,71.0,51.0,160.0,2.0,697.0,14.0,41.5,59.5,20.0,33.7,4.6,107.4,158.0,11.0,1.0,0.0,2.0,84.0,16.0,21.6,326.0
492_3_2,492,3,2,disulfiram,Repeat,15 day,0,mg/kg,Control,disulfiram_Control_15 day,1209,70,57.0,129,0.0,0.0,204,20.0,0.2,142.0,4.2,106.0,10.7,6.6,5.9,3.4,1.4,66.0,35.0,150.0,3.0,655.0,13.5,39.9,60.9,20.7,34.0,5.0,123.6,133.0,12.0,1.0,0.0,1.0,85.0,16.8,22.4,284.0
492_3_3,492,3,3,disulfiram,Repeat,15 day,0,mg/kg,Control,disulfiram_Control_15 day,1424,72,101.0,144,0.0,0.0,219,25.0,0.2,140.0,4.6,103.0,10.8,7.9,5.9,3.2,1.2,76.0,52.0,196.0,3.0,692.0,13.4,39.6,57.1,19.4,34.0,5.0,110.2,117.4,20.0,1.0,0.0,3.0,75.0,16.5,23.6,340.0
492_3_4,492,3,4,disulfiram,Repeat,15 day,0,mg/kg,Control,disulfiram_Control_15 day,1199,87,101.0,167,0.0,0.0,195,21.0,0.2,142.0,4.6,105.0,10.7,7.3,5.8,3.1,1.2,72.0,43.0,181.0,3.0,756.0,14.9,43.8,57.9,19.8,34.1,4.6,107.4,109.7,14.0,1.0,0.0,2.0,82.0,15.8,26.5,306.0
492_3_5,492,3,5,disulfiram,Repeat,15 day,0,mg/kg,Control,disulfiram_Control_15 day,2122,59,106.0,123,0.0,0.0,204,19.0,0.1,142.0,4.2,106.0,10.5,7.1,5.7,3.1,1.2,74.0,44.0,148.0,2.0,667.0,13.8,41.1,61.6,20.7,33.6,5.5,111.5,150.5,10.0,1.0,0.0,2.0,86.0,16.4,24.5,300.0
492_4_1,492,4,1,disulfiram,Repeat,29 day,0,mg/kg,Control,disulfiram_Control_29 day,1109,81,88.0,143,0.0,0.0,190,19.0,0.2,143.0,3.9,106.0,10.3,6.8,6.1,3.1,1.0,65.0,38.0,165.0,2.0,736.0,14.7,44.3,60.2,20.0,33.2,3.1,97.7,123.2,11.0,1.0,0.0,2.0,85.0,16.4,24.3,323.0
492_4_2,492,4,2,disulfiram,Repeat,29 day,0,mg/kg,Control,disulfiram_Control_29 day,1089,60,131.0,129,0.02,0.0,220,19.0,0.2,143.0,4.0,107.0,9.9,5.7,5.7,3.2,1.3,58.0,32.0,144.0,3.0,834.0,15.3,44.6,53.4,18.3,34.3,2.8,98.0,106.2,22.0,2.0,0.0,4.0,72.0,16.8,25.1,319.0
492_4_3,492,4,3,disulfiram,Repeat,29 day,0,mg/kg,Control,disulfiram_Control_29 day,1276,78,125.0,154,0.02,0.0,204,16.0,0.2,143.0,4.1,107.0,10.4,7.6,6.1,3.2,1.1,62.0,31.0,157.0,3.0,786.0,15.3,44.5,56.5,19.5,34.4,2.3,99.7,136.3,12.0,1.0,0.0,2.0,83.0,16.8,26.6,319.0
492_4_4,492,4,4,disulfiram,Repeat,29 day,0,mg/kg,Control,disulfiram_Control_29 day,1090,97,125.0,178,0.02,0.0,216,18.0,0.2,144.0,3.9,106.0,10.5,7.4,6.2,3.3,1.1,75.0,45.0,201.0,3.0,744.0,15.4,45.9,61.7,20.8,33.6,3.7,108.9,120.2,7.0,1.0,0.0,2.0,89.0,16.2,24.9,330.0
492_4_5,492,4,5,disulfiram,Repeat,29 day,0,mg/kg,Control,disulfiram_Control_29 day,1073,64,98.0,121,0.01,0.0,184,20.0,0.3,143.0,4.3,106.0,10.4,6.5,6.1,3.2,1.1,63.0,29.0,107.0,2.0,803.0,15.3,44.8,55.8,19.1,34.3,2.3,86.8,118.9,9.0,1.0,0.0,1.0,87.0,16.9,23.2,316.0
502_1_1,502,1,1,colchicine,Repeat,4 day,0,mg/kg,Control,colchicine_Control_4 day,1093,66,141.0,147,0.37,0.0,284,20.0,0.5,139.0,4.8,103.0,11.1,8.4,5.9,3.9,2.0,61.0,34.0,101.0,1.0,634.0,13.5,40.5,63.9,21.2,33.2,6.4,128.8,116.0,9.0,1.0,0.0,14.0,77.0,11.4,17.4,223.0
502_1_2,502,1,2,colchicine,Repeat,4 day,0,mg/kg,Control,colchicine_Control_4 day,905,74,131.0,151,0.31,0.03,210,16.0,0.5,141.0,4.2,106.0,10.9,7.2,5.8,4.0,2.2,67.0,37.0,88.0,1.0,616.0,12.8,38.5,62.6,20.7,33.1,6.1,136.5,85.7,11.0,1.0,0.0,3.0,86.0,11.7,17.1,218.0
502_1_3,502,1,3,colchicine,Repeat,4 day,0,mg/kg,Control,colchicine_Control_4 day,1131,116,139.0,195,0.28,0.02,209,17.0,0.4,140.0,4.7,104.0,11.4,7.8,5.7,3.9,2.2,65.0,33.0,90.0,1.0,612.0,13.4,40.5,66.2,21.9,33.1,8.3,104.6,71.9,17.0,2.0,0.0,11.0,71.0,11.1,15.5,212.0
502_1_4,502,1,4,colchicine,Repeat,4 day,0,mg/kg,Control,colchicine_Control_4 day,1111,99,126.0,185,0.41,0.0,223,17.0,0.4,141.0,4.0,103.0,11.2,8.2,5.8,3.5,1.5,70.0,38.0,111.0,2.0,626.0,12.9,39.4,62.9,20.6,32.8,5.7,120.2,105.0,22.0,1.0,0.0,10.0,67.0,11.7,15.6,209.0
502_1_5,502,1,5,colchicine,Repeat,4 day,0,mg/kg,Control,colchicine_Control_4 day,819,71,59.0,132,0.42,0.01,238,19.0,0.5,140.0,4.2,103.0,11.4,8.6,5.6,3.9,2.3,57.0,35.0,67.0,2.0,600.0,12.5,37.2,62.0,20.8,33.6,6.2,119.5,101.0,10.0,1.0,0.0,9.0,81.0,12.0,16.0,204.0
502_2_1,502,2,1,colchicine,Repeat,8 day,0,mg/kg,Control,colchicine_Control_8 day,870,63,122.0,136,0.31,0.0,205,19.0,0.4,140.0,4.7,103.0,10.5,6.9,5.9,3.5,1.5,57.0,32.0,91.0,0.0,685.0,14.4,43.6,63.7,21.1,33.1,4.6,100.6,138.0,6.0,1.0,0.0,4.0,90.0,11.4,17.1,225.0
502_2_2,502,2,2,colchicine,Repeat,8 day,0,mg/kg,Control,colchicine_Control_8 day,806,89,187.0,174,0.34,0.0,203,20.0,0.5,139.0,4.6,103.0,11.1,7.4,6.2,4.1,2.0,73.0,37.0,79.0,0.0,691.0,14.2,42.8,62.0,20.5,33.1,6.3,106.6,106.0,9.0,1.0,0.0,12.0,79.0,10.9,15.5,222.0
502_2_3,502,2,3,colchicine,Repeat,8 day,0,mg/kg,Control,colchicine_Control_8 day,939,106,118.0,188,0.31,0.0,179,21.0,0.6,140.0,4.9,103.0,11.0,6.7,5.9,3.8,1.8,60.0,33.0,66.0,1.0,628.0,13.7,40.9,65.3,21.8,33.5,5.1,113.6,105.0,8.0,1.0,0.0,4.0,88.0,11.0,16.2,218.0
502_2_4,502,2,4,colchicine,Repeat,8 day,0,mg/kg,Control,colchicine_Control_8 day,1210,69,224.0,175,0.35,0.01,219,17.0,0.6,139.0,4.7,103.0,11.4,6.7,6.5,4.1,1.7,57.0,31.0,79.0,0.0,626.0,13.6,41.0,65.4,21.7,33.1,8.0,134.3,121.0,9.0,0.0,0.0,3.0,88.0,11.2,16.4,243.0
502_2_5,502,2,5,colchicine,Repeat,8 day,0,mg/kg,Control,colchicine_Control_8 day,816,91,131.0,177,0.37,0.0,215,21.0,0.5,140.0,4.5,102.0,11.1,8.9,5.9,3.8,1.8,67.0,33.0,60.0,1.0,639.0,13.2,40.4,63.2,20.6,32.6,5.2,103.7,99.1,18.0,1.0,0.0,14.0,67.0,11.4,19.0,212.0
502_3_1,502,3,1,colchicine,Repeat,15 day,0,mg/kg,Control,colchicine_Control_15 day,836,77,136.0,159,0.24,0.0,261,22.0,0.5,138.0,5.0,103.0,9.9,7.1,6.3,3.9,1.6,60.0,35.0,90.0,1.0,663.0,13.7,41.3,62.3,20.7,33.3,3.5,119.4,121.0,10.0,1.0,0.0,7.0,82.0,10.9,16.9,231.0
502_3_2,502,3,2,colchicine,Repeat,15 day,0,mg/kg,Control,colchicine_Control_15 day,871,60,159.0,123,0.31,0.0,189,19.0,0.5,139.0,4.8,107.0,10.4,5.6,6.4,4.0,1.7,69.0,32.0,94.0,2.0,690.0,13.7,41.7,60.4,19.8,32.8,2.2,121.7,99.4,14.0,1.0,0.0,10.0,76.0,11.1,17.2,219.0
502_3_3,502,3,3,colchicine,Repeat,15 day,0,mg/kg,Control,colchicine_Control_15 day,840,91,141.0,164,0.3,0.0,211,18.0,0.5,141.0,5.1,106.0,10.2,6.3,6.1,3.9,1.8,61.0,28.0,96.0,1.0,722.0,14.2,42.9,59.4,19.7,33.1,1.7,128.2,105.0,15.0,1.0,0.0,5.0,79.0,10.5,14.3,228.0
502_3_4,502,3,4,colchicine,Repeat,15 day,0,mg/kg,Control,colchicine_Control_15 day,762,78,114.0,153,0.33,0.0,193,17.0,0.4,140.0,4.9,105.0,10.7,7.4,6.4,3.9,1.6,53.0,34.0,67.0,0.0,665.0,13.8,42.4,63.8,20.8,32.5,3.4,126.9,98.8,8.0,0.0,0.0,4.0,88.0,10.7,16.6,249.0
502_3_5,502,3,5,colchicine,Repeat,15 day,0,mg/kg,Control,colchicine_Control_15 day,713,81,101.0,152,0.34,0.0,207,20.0,0.5,139.0,4.3,103.0,10.7,6.6,6.2,4.0,1.8,54.0,22.0,62.0,2.0,696.0,14.2,43.6,62.6,20.4,32.6,3.2,96.4,86.0,11.0,1.0,0.0,5.0,83.0,10.8,16.2,226.0
502_4_1,502,4,1,colchicine,Repeat,29 day,0,mg/kg,Control,colchicine_Control_29 day,569,75,216.0,168,0.29,0.0,226,23.0,0.5,142.0,4.9,106.0,10.4,6.5,6.5,4.0,1.6,57.0,34.0,93.0,1.0,733.0,14.5,43.8,59.7,19.8,33.2,3.1,90.2,126.0,9.0,1.0,0.0,3.0,86.0,11.1,16.9,230.0
502_4_2,502,4,2,colchicine,Repeat,29 day,0,mg/kg,Control,colchicine_Control_29 day,590,58,172.0,140,0.29,0.0,191,22.0,0.5,142.0,4.6,104.0,10.4,6.7,6.5,4.1,1.7,64.0,39.0,84.0,1.0,777.0,15.0,44.6,57.4,19.3,33.5,2.1,97.8,174.0,7.0,1.0,0.0,5.0,87.0,11.8,17.1,200.0
502_4_3,502,4,3,colchicine,Repeat,29 day,0,mg/kg,Control,colchicine_Control_29 day,541,98,158.0,201,0.29,0.0,170,21.0,0.7,142.0,4.5,102.0,11.1,7.2,6.5,4.1,1.7,54.0,36.0,88.0,1.0,784.0,15.3,45.3,57.8,19.6,33.8,3.4,127.2,122.0,6.0,1.0,0.0,8.0,85.0,11.1,17.6,246.0
502_4_4,502,4,4,colchicine,Repeat,29 day,0,mg/kg,Control,colchicine_Control_29 day,807,67,176.0,152,0.29,0.01,231,24.0,0.6,142.0,4.7,106.0,10.3,6.5,6.0,3.7,1.6,67.0,34.0,113.0,0.0,797.0,15.2,46.3,58.2,19.0,32.7,2.2,105.3,112.0,14.0,1.0,0.0,7.0,78.0,11.4,16.9,211.0
502_4_5,502,4,5,colchicine,Repeat,29 day,0,mg/kg,Control,colchicine_Control_29 day,643,56,100.0,123,0.42,0.0,221,21.0,0.5,140.0,4.5,104.0,10.2,6.0,6.1,4.0,1.9,53.0,28.0,80.0,1.0,802.0,16.2,48.3,60.3,20.2,33.5,2.3,110.3,99.0,6.0,1.0,0.0,3.0,89.0,11.5,16.4,231.0
507_1_1,507,1,1,tolbutamide,Repeat,4 day,0,mg/kg,Control,tolbutamide_Control_4 day,1600,65,68.0,122,0.06,0.02,191,15.0,0.2,143.0,3.8,106.0,11.2,8.3,5.7,2.6,0.8,74.0,46.0,83.0,1.0,668.0,13.4,41.2,61.7,20.1,32.5,6.8,116.2,85.9,21.0,1.0,0.0,2.0,75.0,13.4,17.2,265.0
507_1_2,507,1,2,tolbutamide,Repeat,4 day,0,mg/kg,Control,tolbutamide_Control_4 day,2056,75,91.0,148,0.07,0.01,183,16.0,0.2,143.0,4.2,106.0,11.1,9.2,5.5,2.6,0.9,77.0,61.0,56.0,1.0,688.0,14.4,43.5,63.2,20.9,33.1,6.9,135.0,86.3,21.0,1.0,0.0,2.0,75.0,12.9,16.1,342.0
507_1_3,507,1,3,tolbutamide,Repeat,4 day,0,mg/kg,Control,tolbutamide_Control_4 day,2663,96,135.0,186,0.07,0.02,169,16.0,0.2,144.0,4.8,105.0,11.6,9.6,5.9,2.8,0.9,71.0,40.0,66.0,1.0,692.0,14.4,45.3,65.5,20.9,31.8,8.3,118.5,97.4,21.0,1.0,0.0,2.0,76.0,12.8,16.5,289.0
507_1_4,507,1,4,tolbutamide,Repeat,4 day,0,mg/kg,Control,tolbutamide_Control_4 day,1506,79,50.0,145,0.07,0.01,160,13.0,0.2,144.0,4.0,105.0,11.2,8.7,5.5,2.6,0.9,78.0,52.0,57.0,1.0,674.0,13.5,41.8,61.9,20.0,32.3,6.2,95.0,137.7,23.0,1.0,1.0,2.0,74.0,13.0,14.8,365.0
507_1_5,507,1,5,tolbutamide,Repeat,4 day,0,mg/kg,Control,tolbutamide_Control_4 day,1510,80,52.0,148,0.06,0.01,192,15.0,0.2,144.0,3.8,104.0,11.2,8.8,5.7,2.7,0.9,76.0,56.0,60.0,1.0,710.0,14.3,44.4,62.6,20.1,32.1,6.0,96.9,100.8,22.0,1.0,0.0,3.0,73.0,12.9,17.7,316.0
507_2_1,507,2,1,tolbutamide,Repeat,8 day,0,mg/kg,Control,tolbutamide_Control_8 day,2457,59,100.0,133,0.06,0.01,214,22.0,0.3,140.0,3.8,102.0,10.9,8.0,5.5,2.5,0.8,69.0,49.0,67.0,1.0,691.0,14.1,42.7,61.8,20.4,33.0,5.4,101.9,115.4,14.0,1.0,1.0,3.0,82.0,12.8,15.5,270.0
507_2_2,507,2,2,tolbutamide,Repeat,8 day,0,mg/kg,Control,tolbutamide_Control_8 day,1567,60,94.0,126,0.06,0.01,198,17.0,0.2,142.0,4.2,104.0,10.7,8.5,5.7,2.6,0.8,72.0,47.0,79.0,0.0,638.0,13.6,40.8,64.0,21.3,33.3,5.5,116.8,140.2,12.0,1.0,0.0,2.0,84.0,13.3,17.6,257.0
507_2_3,507,2,3,tolbutamide,Repeat,8 day,0,mg/kg,Control,tolbutamide_Control_8 day,1388,70,106.0,151,0.07,0.01,175,15.0,0.2,142.0,4.3,102.0,10.9,8.6,5.5,2.6,0.9,71.0,40.0,68.0,1.0,654.0,13.3,40.0,61.2,20.4,33.3,6.5,138.7,144.5,16.0,1.0,0.0,2.0,80.0,13.3,17.1,279.0
507_2_4,507,2,4,tolbutamide,Repeat,8 day,0,mg/kg,Control,tolbutamide_Control_8 day,1729,69,139.0,151,0.06,0.01,197,17.0,0.2,144.0,4.0,106.0,10.8,7.7,5.4,2.6,0.9,72.0,39.0,62.0,1.0,633.0,13.3,39.9,63.0,21.0,33.4,5.3,144.7,119.8,16.0,1.0,0.0,3.0,79.0,12.8,16.5,264.0
507_2_5,507,2,5,tolbutamide,Repeat,8 day,0,mg/kg,Control,tolbutamide_Control_8 day,2310,78,260.0,183,0.06,0.02,163,20.0,0.2,143.0,4.2,105.0,11.2,7.6,6.0,2.8,0.9,62.0,41.0,48.0,1.0,671.0,13.9,41.5,61.9,20.7,33.4,5.6,135.5,119.4,20.0,1.0,1.0,3.0,75.0,12.6,18.2,304.0
507_3_1,507,3,1,tolbutamide,Repeat,15 day,0,mg/kg,Control,tolbutamide_Control_15 day,1434,84,121.0,157,0.06,0.01,224,17.0,0.3,142.0,3.3,103.0,11.2,7.3,5.8,2.7,0.9,68.0,44.0,70.0,1.0,740.0,15.1,46.1,62.4,20.5,32.8,4.7,110.2,101.3,12.0,1.0,1.0,2.0,84.0,13.2,17.2,277.0
507_3_2,507,3,2,tolbutamide,Repeat,15 day,0,mg/kg,Control,tolbutamide_Control_15 day,1355,59,195.0,148,0.06,0.01,180,18.0,0.2,142.0,4.2,106.0,11.0,6.6,5.9,2.7,0.8,62.0,34.0,65.0,1.0,703.0,14.1,42.9,61.1,20.0,32.8,4.3,148.9,104.6,20.0,1.0,0.0,2.0,77.0,13.0,18.6,291.0
507_3_3,507,3,3,tolbutamide,Repeat,15 day,0,mg/kg,Control,tolbutamide_Control_15 day,1352,86,188.0,173,0.05,0.02,178,18.0,0.2,141.0,4.3,102.0,11.0,6.7,5.9,2.7,0.8,69.0,41.0,69.0,1.0,685.0,14.0,42.1,61.4,20.4,33.2,4.5,124.4,141.0,18.0,1.0,0.0,2.0,78.0,12.5,17.4,305.0
507_3_4,507,3,4,tolbutamide,Repeat,15 day,0,mg/kg,Control,tolbutamide_Control_15 day,1007,70,75.0,140,0.06,0.01,169,16.0,0.2,144.0,4.1,106.0,10.7,6.8,5.9,2.7,0.8,66.0,33.0,37.0,1.0,793.0,14.9,45.3,57.2,18.8,32.8,3.3,110.4,76.9,20.0,1.0,0.0,1.0,77.0,13.0,16.7,299.0
507_3_5,507,3,5,tolbutamide,Repeat,15 day,0,mg/kg,Control,tolbutamide_Control_15 day,1339,65,77.0,127,0.05,0.01,177,14.0,0.2,144.0,3.6,104.0,11.1,8.3,5.7,2.7,0.9,67.0,33.0,53.0,1.0,686.0,13.7,42.3,61.6,20.0,32.5,5.1,129.5,116.2,20.0,1.0,0.0,2.0,76.0,13.4,18.3,248.0
507_4_1,507,4,1,tolbutamide,Repeat,29 day,0,mg/kg,Control,tolbutamide_Control_29 day,1185,64,201.0,149,0.08,0.02,202,16.0,0.3,144.0,3.6,104.0,11.0,7.2,6.3,2.8,0.8,67.0,36.0,72.0,1.0,803.0,16.2,48.3,60.1,20.1,33.5,2.6,105.9,117.9,14.0,1.0,0.0,2.0,82.0,13.2,18.7,283.0
507_4_2,507,4,2,tolbutamide,Repeat,29 day,0,mg/kg,Control,tolbutamide_Control_29 day,1116,75,210.0,172,0.05,0.01,189,21.0,0.3,142.0,4.2,104.0,10.4,6.5,6.1,2.7,0.8,62.0,46.0,49.0,1.0,873.0,16.0,48.0,55.0,18.4,33.4,1.5,105.2,104.3,14.0,1.0,0.0,2.0,82.0,13.9,19.6,232.0
507_4_3,507,4,3,tolbutamide,Repeat,29 day,0,mg/kg,Control,tolbutamide_Control_29 day,1290,68,193.0,143,0.05,0.01,179,14.0,0.3,144.0,3.9,107.0,10.9,6.4,6.2,2.8,0.8,58.0,39.0,49.0,1.0,783.0,15.5,46.8,59.8,19.7,33.0,2.6,113.1,106.8,12.0,1.0,1.0,1.0,86.0,13.2,16.2,309.0
507_4_4,507,4,4,tolbutamide,Repeat,29 day,0,mg/kg,Control,tolbutamide_Control_29 day,1036,95,161.0,182,0.07,0.02,179,16.0,0.2,144.0,4.1,106.0,10.7,6.6,6.3,2.8,0.8,65.0,47.0,54.0,2.0,806.0,15.5,46.0,57.0,19.2,33.7,2.3,108.9,129.1,18.0,1.0,0.0,2.0,79.0,14.2,18.8,260.0
507_4_5,507,4,5,tolbutamide,Repeat,29 day,0,mg/kg,Control,tolbutamide_Control_29 day,1130,88,85.0,166,0.06,0.01,184,18.0,0.3,142.0,4.3,105.0,10.9,6.7,6.4,2.8,0.8,58.0,35.0,36.0,1.0,802.0,15.6,46.5,58.0,19.5,33.6,2.7,102.6,128.9,22.0,1.0,0.0,3.0,72.0,13.5,18.5,301.0
509_1_1,509,1,1,sulpiride,Repeat,4 day,0,mg/kg,Control,sulpiride_Control_4 day,1258,94,117.0,169,0.05,0.0,202,16.0,0.2,138.0,4.1,102.0,10.9,7.0,5.7,2.6,0.8,62.0,36.0,58.0,1.0,659.0,14.0,42.6,64.7,21.3,32.8,7.0,113.8,100.7,15.0,1.0,0.0,3.0,80.0,12.6,16.1,290.0
509_1_2,509,1,2,sulpiride,Repeat,4 day,0,mg/kg,Control,sulpiride_Control_4 day,1360,76,108.0,142,0.05,0.02,189,18.0,0.2,140.0,4.0,105.0,10.9,7.2,5.5,2.6,0.9,74.0,38.0,98.0,1.0,616.0,13.2,40.0,64.8,21.3,32.9,6.9,108.9,72.6,13.0,1.0,0.0,2.0,84.0,12.8,15.5,294.0
509_1_3,509,1,3,sulpiride,Repeat,4 day,0,mg/kg,Control,sulpiride_Control_4 day,1833,69,89.0,137,0.06,0.01,190,16.0,0.2,141.0,4.2,106.0,10.9,6.9,5.5,2.6,0.9,61.0,38.0,64.0,1.0,660.0,13.5,41.0,62.2,20.4,32.8,7.4,117.6,123.5,10.0,1.0,0.0,2.0,87.0,13.1,17.3,269.0
509_1_4,509,1,4,sulpiride,Repeat,4 day,0,mg/kg,Control,sulpiride_Control_4 day,1366,68,106.0,138,0.05,0.02,175,15.0,0.2,140.0,4.7,105.0,11.2,7.6,5.7,2.7,0.9,67.0,49.0,85.0,1.0,643.0,13.2,40.6,63.2,20.6,32.5,6.3,127.1,62.4,18.0,1.0,0.0,4.0,76.0,13.2,17.1,298.0
509_1_5,509,1,5,sulpiride,Repeat,4 day,0,mg/kg,Control,sulpiride_Control_4 day,2195,91,123.0,180,0.06,0.01,188,14.0,0.2,142.0,4.4,104.0,11.4,8.0,6.0,2.8,0.9,72.0,63.0,64.0,1.0,674.0,13.3,41.2,61.1,19.8,32.4,7.1,118.1,54.5,14.0,1.0,0.0,3.0,81.0,12.9,17.9,283.0
509_2_1,509,2,1,sulpiride,Repeat,8 day,0,mg/kg,Control,sulpiride_Control_8 day,1430,75,182.0,156,0.05,0.03,213,15.0,0.2,139.0,4.5,101.0,10.5,8.3,5.5,2.5,0.8,62.0,50.0,68.0,1.0,676.0,13.6,40.9,60.5,20.1,33.2,6.2,114.3,131.1,12.0,1.0,1.0,4.0,83.0,12.7,17.3,277.0
509_2_2,509,2,2,sulpiride,Repeat,8 day,0,mg/kg,Control,sulpiride_Control_8 day,1277,66,130.0,128,0.05,0.01,181,17.0,0.3,142.0,4.1,105.0,10.8,7.2,5.7,2.6,0.8,60.0,35.0,53.0,1.0,668.0,14.1,41.4,62.0,21.1,33.9,5.0,114.1,95.3,11.0,1.0,0.0,1.0,87.0,12.9,16.8,289.0
509_2_3,509,2,3,sulpiride,Repeat,8 day,0,mg/kg,Control,sulpiride_Control_8 day,1346,70,66.0,138,0.06,0.01,172,15.0,0.2,141.0,4.6,105.0,10.6,7.9,5.4,2.6,0.9,67.0,46.0,60.0,1.0,701.0,14.4,43.5,62.2,20.6,33.1,5.2,131.2,103.7,13.0,1.0,0.0,2.0,82.0,13.0,17.5,264.0
509_2_4,509,2,4,sulpiride,Repeat,8 day,0,mg/kg,Control,sulpiride_Control_8 day,1492,77,115.0,165,0.05,0.02,170,17.0,0.2,143.0,4.3,106.0,11.1,7.7,5.4,2.6,0.9,71.0,48.0,79.0,1.0,652.0,13.7,42.3,64.8,21.0,32.3,5.5,149.4,112.1,17.0,1.0,1.0,3.0,78.0,12.8,14.7,295.0
509_2_5,509,2,5,sulpiride,Repeat,8 day,0,mg/kg,Control,sulpiride_Control_8 day,1358,96,97.0,177,0.05,0.01,172,16.0,0.2,141.0,4.8,105.0,10.9,7.4,5.7,2.7,0.9,64.0,42.0,62.0,1.0,666.0,13.9,41.9,62.8,20.9,33.3,4.8,145.8,109.0,17.0,1.0,0.0,2.0,80.0,12.8,16.8,308.0
509_3_1,509,3,1,sulpiride,Repeat,15 day,0,mg/kg,Control,sulpiride_Control_15 day,1566,48,118.0,115,0.06,0.01,182,13.0,0.2,141.0,3.8,103.0,10.5,6.6,5.3,2.4,0.8,79.0,42.0,67.0,1.0,720.0,14.4,44.0,61.2,20.0,32.7,3.7,101.9,124.0,9.0,0.0,1.0,2.0,87.0,13.4,16.7,253.0
509_3_2,509,3,2,sulpiride,Repeat,15 day,0,mg/kg,Control,sulpiride_Control_15 day,1549,72,266.0,176,0.06,0.02,210,18.0,0.3,141.0,3.4,103.0,11.3,6.7,5.9,2.7,0.8,68.0,34.0,84.0,1.0,756.0,15.6,46.7,61.8,20.6,33.4,3.7,96.2,73.7,21.0,1.0,0.0,3.0,75.0,13.1,19.9,279.0
509_3_3,509,3,3,sulpiride,Repeat,15 day,0,mg/kg,Control,sulpiride_Control_15 day,1556,57,102.0,131,0.05,0.01,188,19.0,0.2,140.0,3.8,102.0,10.9,7.2,5.7,2.6,0.8,70.0,37.0,54.0,1.0,697.0,14.3,42.0,60.3,20.5,34.0,3.9,118.1,116.2,15.0,1.0,0.0,2.0,81.0,13.1,17.9,273.0
509_3_4,509,3,4,sulpiride,Repeat,15 day,0,mg/kg,Control,sulpiride_Control_15 day,1331,84,87.0,155,0.05,0.01,198,18.0,0.2,143.0,3.5,105.0,11.4,8.2,5.9,2.7,0.8,63.0,38.0,75.0,1.0,712.0,13.9,42.6,59.9,19.5,32.5,4.3,136.9,140.9,25.0,1.0,0.0,3.0,71.0,12.6,15.1,322.0
509_3_5,509,3,5,sulpiride,Repeat,15 day,0,mg/kg,Control,sulpiride_Control_15 day,1911,80,94.0,154,0.06,0.01,191,17.0,0.2,141.0,4.2,103.0,11.1,8.3,6.1,2.7,0.8,64.0,43.0,55.0,1.0,772.0,15.0,43.8,56.7,19.4,34.1,3.8,110.2,120.1,23.0,1.0,1.0,2.0,73.0,12.7,16.5,318.0
509_4_1,509,4,1,sulpiride,Repeat,29 day,0,mg/kg,Control,sulpiride_Control_29 day,1024,72,188.0,152,0.06,0.02,172,18.0,0.3,143.0,3.4,103.0,10.4,6.5,6.1,2.7,0.8,59.0,35.0,59.0,1.0,847.0,15.6,45.3,53.5,18.4,34.3,2.1,124.4,144.8,19.0,1.0,0.0,2.0,78.0,12.5,24.9,272.0
509_4_2,509,4,2,sulpiride,Repeat,29 day,0,mg/kg,Control,sulpiride_Control_29 day,929,67,172.0,146,0.06,0.01,169,16.0,0.3,142.0,4.0,106.0,10.5,6.6,6.1,2.7,0.8,63.0,40.0,44.0,1.0,817.0,15.8,46.0,56.3,19.4,34.4,3.1,119.2,92.7,20.0,1.0,0.0,1.0,77.0,13.1,18.0,274.0
509_4_3,509,4,3,sulpiride,Repeat,29 day,0,mg/kg,Control,sulpiride_Control_29 day,953,70,173.0,151,0.07,0.01,164,18.0,0.2,144.0,3.9,104.0,10.6,6.8,6.2,2.8,0.8,70.0,40.0,83.0,1.0,821.0,16.1,46.6,56.8,19.6,34.4,2.1,119.7,106.5,9.0,1.0,0.0,2.0,87.0,12.8,17.6,267.0
509_4_4,509,4,4,sulpiride,Repeat,29 day,0,mg/kg,Control,sulpiride_Control_29 day,860,59,138.0,136,0.06,0.01,163,17.0,0.3,145.0,3.5,107.0,10.4,7.2,6.1,2.7,0.8,58.0,34.0,56.0,1.0,861.0,15.7,46.9,54.4,18.3,33.5,2.1,100.6,110.0,28.0,1.0,0.0,2.0,69.0,13.4,19.3,302.0
509_4_5,509,4,5,sulpiride,Repeat,29 day,0,mg/kg,Control,sulpiride_Control_29 day,1112,64,164.0,150,0.06,0.01,178,17.0,0.3,144.0,3.5,104.0,10.7,7.1,6.2,2.9,0.9,69.0,42.0,67.0,1.0,790.0,15.7,45.2,57.2,19.9,34.7,2.7,133.7,80.6,19.0,2.0,0.0,2.0,76.0,12.8,18.0,318.0
511_1_1,511,1,1,acarbose,Repeat,4 day,0,mg/kg,Control,acarbose_Control_4 day,2052,61,115.0,128,0.06,0.01,195,14.0,0.2,141.0,4.1,105.0,10.8,7.4,5.5,2.6,0.9,70.0,39.0,93.0,1.0,584.0,13.6,41.0,70.2,23.3,33.1,8.8,127.8,110.9,15.0,1.0,0.0,3.0,80.0,13.0,18.3,256.0
511_1_2,511,1,2,acarbose,Repeat,4 day,0,mg/kg,Control,acarbose_Control_4 day,1645,64,109.0,141,0.05,0.01,178,14.0,0.2,139.0,4.2,104.0,10.7,7.4,5.4,2.6,0.9,73.0,47.0,75.0,1.0,646.0,13.7,41.2,63.8,21.2,33.2,6.3,124.5,105.8,25.0,1.0,0.0,4.0,69.0,12.7,16.4,271.0
511_1_3,511,1,3,acarbose,Repeat,4 day,0,mg/kg,Control,acarbose_Control_4 day,2053,78,91.0,154,0.06,0.0,169,14.0,0.2,140.0,4.1,103.0,10.9,7.7,5.5,2.6,0.9,71.0,39.0,77.0,1.0,682.0,13.8,42.5,62.3,20.3,32.6,5.9,120.5,68.9,20.0,2.0,0.0,2.0,75.0,13.0,15.7,273.0
511_1_4,511,1,4,acarbose,Repeat,4 day,0,mg/kg,Control,acarbose_Control_4 day,1648,76,89.0,151,0.05,0.01,159,13.0,0.2,142.0,3.9,104.0,10.8,7.4,5.6,2.6,0.9,70.0,43.0,113.0,1.0,638.0,13.5,40.3,63.2,21.1,33.4,6.8,128.2,104.8,25.0,1.0,0.0,3.0,70.0,13.2,17.6,272.0
511_1_5,511,1,5,acarbose,Repeat,4 day,0,mg/kg,Control,acarbose_Control_4 day,1682,79,91.0,150,0.05,0.0,164,15.0,0.2,141.0,3.8,105.0,10.9,7.8,5.6,2.6,0.9,71.0,44.0,73.0,1.0,611.0,13.7,41.3,67.6,22.4,33.2,7.2,146.5,123.3,22.0,1.0,0.0,4.0,72.0,13.2,15.4,301.0
511_2_1,511,2,1,acarbose,Repeat,8 day,0,mg/kg,Control,acarbose_Control_8 day,1587,84,108.0,157,0.06,0.01,179,18.0,0.2,143.0,3.7,103.0,11.4,8.3,5.7,2.6,0.8,66.0,41.0,77.0,1.0,657.0,13.7,41.1,62.6,20.9,33.4,6.6,139.3,101.4,23.0,0.0,0.0,2.0,74.0,12.5,18.9,297.0
511_2_2,511,2,2,acarbose,Repeat,8 day,0,mg/kg,Control,acarbose_Control_8 day,1289,84,127.0,158,0.05,0.0,184,17.0,0.2,142.0,3.9,102.0,11.1,8.7,5.8,2.7,0.9,66.0,44.0,115.0,1.0,645.0,13.5,40.3,62.5,21.0,33.5,6.8,146.0,107.4,21.0,1.0,0.0,3.0,74.0,12.9,17.8,278.0
511_2_3,511,2,3,acarbose,Repeat,8 day,0,mg/kg,Control,acarbose_Control_8 day,1444,86,150.0,170,0.05,0.01,175,16.0,0.2,141.0,4.1,104.0,11.0,8.0,5.5,2.5,0.8,69.0,41.0,89.0,1.0,620.0,13.3,40.0,64.6,21.5,33.2,6.8,120.4,126.6,14.0,1.0,1.0,3.0,81.0,12.9,16.7,293.0
511_2_4,511,2,4,acarbose,Repeat,8 day,0,mg/kg,Control,acarbose_Control_8 day,1712,81,78.0,154,0.05,0.0,165,14.0,0.2,144.0,3.6,104.0,10.7,7.6,6.0,2.8,0.9,65.0,34.0,59.0,1.0,661.0,14.6,43.9,66.4,22.1,33.2,5.9,102.1,47.7,13.0,1.0,0.0,3.0,82.0,12.8,18.3,348.0
511_2_5,511,2,5,acarbose,Repeat,8 day,0,mg/kg,Control,acarbose_Control_8 day,1330,81,115.0,163,0.05,0.0,166,17.0,0.2,142.0,3.7,105.0,10.8,8.0,5.9,2.7,0.8,67.0,32.0,79.0,1.0,679.0,14.3,42.9,63.2,21.1,33.4,6.2,139.0,64.1,22.0,1.0,0.0,2.0,75.0,13.0,18.1,267.0
511_3_1,511,3,1,acarbose,Repeat,15 day,0,mg/kg,Control,acarbose_Control_15 day,1582,70,155.0,149,0.05,0.02,200,18.0,0.3,142.0,3.7,106.0,10.6,6.0,5.9,2.7,0.8,66.0,39.0,69.0,1.0,665.0,14.2,41.6,62.5,21.3,34.1,5.3,125.4,141.3,21.0,0.0,0.0,1.0,76.0,12.7,16.8,302.0
511_3_2,511,3,2,acarbose,Repeat,15 day,0,mg/kg,Control,acarbose_Control_15 day,2371,65,122.0,142,0.05,0.01,183,16.0,0.2,143.0,4.2,109.0,10.4,6.5,6.1,2.7,0.8,83.0,42.0,55.0,1.0,770.0,15.4,46.2,60.0,20.0,33.3,3.7,114.3,94.7,22.0,1.0,0.0,2.0,74.0,13.5,19.6,262.0
511_3_3,511,3,3,acarbose,Repeat,15 day,0,mg/kg,Control,acarbose_Control_15 day,2018,63,229.0,154,0.05,0.01,180,15.0,0.2,140.0,4.5,105.0,10.6,6.0,5.7,2.6,0.8,84.0,49.0,97.0,1.0,732.0,14.2,42.0,57.4,19.4,33.9,3.8,136.4,81.7,22.0,1.0,0.0,2.0,74.0,13.2,17.0,259.0
511_3_4,511,3,4,acarbose,Repeat,15 day,0,mg/kg,Control,acarbose_Control_15 day,1347,87,135.0,175,0.04,0.01,177,16.0,0.3,143.0,4.3,106.0,10.6,6.8,6.0,2.7,0.8,75.0,44.0,62.0,1.0,725.0,14.6,43.1,59.5,20.1,33.8,4.9,117.6,127.4,20.0,1.0,0.0,3.0,74.0,13.3,19.3,313.0
511_3_5,511,3,5,acarbose,Repeat,15 day,0,mg/kg,Control,acarbose_Control_15 day,1390,87,271.0,187,0.05,0.02,200,15.0,0.2,142.0,3.8,103.0,11.0,6.5,6.3,2.8,0.8,53.0,39.0,90.0,1.0,708.0,14.5,43.2,61.0,20.5,33.7,4.3,128.2,92.7,15.0,1.0,0.0,2.0,82.0,13.0,38.4,303.0
511_4_1,511,4,1,acarbose,Repeat,29 day,0,mg/kg,Control,acarbose_Control_29 day,1077,58,235.0,143,0.06,0.02,203,17.0,0.3,142.0,4.0,103.0,10.6,5.9,6.0,2.7,0.8,101.0,53.0,248.0,1.0,753.0,15.2,43.2,57.4,20.2,35.2,2.2,117.2,97.4,16.0,1.0,0.0,2.0,80.0,13.1,21.7,285.0
511_4_2,511,4,2,acarbose,Repeat,29 day,0,mg/kg,Control,acarbose_Control_29 day,961,78,132.0,161,0.05,0.01,189,19.0,0.2,140.0,4.3,104.0,10.9,6.8,6.4,2.8,0.8,59.0,41.0,126.0,1.0,813.0,16.2,47.3,58.2,19.9,34.1,2.3,99.8,111.1,14.0,2.0,0.0,2.0,82.0,13.1,18.8,296.0
511_4_3,511,4,3,acarbose,Repeat,29 day,0,mg/kg,Control,acarbose_Control_29 day,1059,63,145.0,137,0.05,0.01,175,19.0,0.3,141.0,4.5,104.0,10.7,6.7,5.9,2.7,0.8,60.0,35.0,54.0,1.0,777.0,15.8,44.7,57.6,20.3,35.3,2.6,103.4,101.9,9.0,1.0,0.0,1.0,88.0,13.5,18.0,247.0
511_4_4,511,4,4,acarbose,Repeat,29 day,0,mg/kg,Control,acarbose_Control_29 day,1371,70,152.0,145,0.06,0.01,173,15.0,0.2,143.0,3.6,105.0,11.0,6.7,6.2,2.8,0.8,62.0,35.0,59.0,1.0,838.0,16.4,47.0,56.1,19.6,34.9,1.7,93.1,74.2,21.0,2.0,0.0,2.0,75.0,13.5,21.0,295.0
511_4_5,511,4,5,acarbose,Repeat,29 day,0,mg/kg,Control,acarbose_Control_29 day,1190,65,127.0,147,0.06,0.02,184,16.0,0.2,142.0,4.6,106.0,10.9,5.9,6.5,2.9,0.8,66.0,53.0,118.0,1.0,816.0,15.9,46.1,56.5,19.5,34.5,2.1,103.5,81.0,21.0,2.0,0.0,3.0,73.0,13.4,23.0,294.0
516_1_1,516,1,1,simvastatin,Repeat,4 day,0,mg/kg,Control,simvastatin_Control_4 day,790,86,65.0,147,0.28,0.0,209,18.0,0.6,140.0,4.9,105.0,10.6,7.0,5.6,4.0,2.5,57.0,37.0,92.0,1.0,619.0,13.6,41.0,66.3,21.9,33.0,7.0,104.8,109.0,11.0,1.0,0.0,5.0,84.0,11.0,17.2,228.0
516_1_2,516,1,2,simvastatin,Repeat,4 day,0,mg/kg,Control,simvastatin_Control_4 day,771,95,72.0,152,0.34,0.0,193,18.0,0.5,141.0,5.0,107.0,10.2,7.3,5.6,3.7,2.0,56.0,44.0,82.0,2.0,641.0,14.0,42.3,66.0,21.8,33.1,6.9,129.0,94.1,12.0,1.0,0.0,11.0,76.0,11.2,17.3,232.0
516_1_3,516,1,3,simvastatin,Repeat,4 day,0,mg/kg,Control,simvastatin_Control_4 day,874,71,55.0,132,0.4,0.0,187,18.0,0.8,138.0,5.0,104.0,10.4,7.5,5.7,3.8,2.0,63.0,31.0,75.0,2.0,593.0,12.8,37.9,64.0,21.5,33.6,8.5,134.0,104.0,12.0,1.0,0.0,9.0,78.0,11.6,17.6,217.0
516_1_4,516,1,4,simvastatin,Repeat,4 day,0,mg/kg,Control,simvastatin_Control_4 day,803,82,104.0,149,0.36,0.02,206,20.0,0.6,141.0,3.8,103.0,10.8,8.3,5.6,3.9,2.3,60.0,29.0,78.0,1.0,638.0,13.0,39.7,62.2,20.4,32.7,4.8,122.2,80.8,13.0,1.0,0.0,8.0,79.0,11.9,16.2,229.0
516_1_5,516,1,5,simvastatin,Repeat,4 day,0,mg/kg,Control,simvastatin_Control_4 day,863,77,82.0,137,0.22,0.0,206,17.0,0.7,141.0,4.1,103.0,11.0,8.8,5.7,3.7,1.9,58.0,42.0,78.0,3.0,617.0,13.0,38.9,63.0,21.0,33.3,5.5,115.7,103.0,11.0,1.0,0.0,11.0,77.0,11.6,15.9,229.0
516_2_1,516,2,1,simvastatin,Repeat,8 day,0,mg/kg,Control,simvastatin_Control_8 day,887,95,153.0,177,0.26,0.0,235,20.0,0.7,142.0,4.9,108.0,11.2,6.5,6.1,3.7,1.5,56.0,28.0,95.0,1.0,598.0,12.9,39.5,66.2,21.5,32.5,3.6,123.5,118.0,11.0,1.0,0.0,11.0,77.0,10.7,16.7,229.0
516_2_2,516,2,2,simvastatin,Repeat,8 day,0,mg/kg,Control,simvastatin_Control_8 day,1064,69,96.0,135,0.36,0.0,190,20.0,0.7,145.0,4.3,108.0,11.0,7.1,5.7,4.0,2.4,70.0,39.0,82.0,0.0,609.0,12.7,38.1,62.6,20.8,33.2,4.8,124.9,95.7,15.0,1.0,0.0,8.0,77.0,11.2,17.0,214.0
516_2_3,516,2,3,simvastatin,Repeat,8 day,0,mg/kg,Control,simvastatin_Control_8 day,802,83,110.0,160,0.31,0.03,182,16.0,0.7,142.0,4.8,105.0,11.1,7.6,5.6,3.7,2.0,59.0,31.0,74.0,1.0,601.0,12.4,37.4,62.3,20.7,33.2,3.5,116.7,79.6,14.0,1.0,0.0,11.0,74.0,10.8,17.2,204.0
516_2_4,516,2,4,simvastatin,Repeat,8 day,0,mg/kg,Control,simvastatin_Control_8 day,850,75,77.0,149,0.42,0.0,208,20.0,0.7,142.0,4.4,106.0,11.3,7.3,5.6,3.8,2.1,68.0,41.0,70.0,2.0,591.0,12.8,38.6,65.2,21.6,33.1,3.9,98.6,147.0,8.0,1.0,0.0,4.0,88.0,10.8,16.6,222.0
516_2_5,516,2,5,simvastatin,Repeat,8 day,0,mg/kg,Control,simvastatin_Control_8 day,1162,71,79.0,141,0.35,0.03,204,21.0,0.6,141.0,4.9,105.0,11.1,7.2,5.7,3.6,1.7,64.0,33.0,87.0,2.0,632.0,13.3,40.4,63.9,21.0,32.9,3.3,114.3,103.0,12.0,0.0,0.0,10.0,77.0,11.1,17.5,218.0
516_3_1,516,3,1,simvastatin,Repeat,15 day,0,mg/kg,Control,simvastatin_Control_15 day,791,75,103.0,152,0.35,0.03,208,21.0,0.6,139.0,5.0,108.0,10.6,6.3,5.9,4.0,2.1,61.0,30.0,83.0,1.0,710.0,13.7,42.3,59.6,19.3,32.4,6.5,125.4,110.0,8.0,1.0,0.0,7.0,84.0,11.1,17.6,225.0
516_3_2,516,3,2,simvastatin,Repeat,15 day,0,mg/kg,Control,simvastatin_Control_15 day,820,93,197.0,199,0.29,0.01,186,23.0,0.6,141.0,4.3,106.0,10.8,5.8,6.3,4.0,1.7,62.0,31.0,84.0,1.0,695.0,14.3,42.5,61.2,20.6,33.7,7.2,117.4,120.0,8.0,1.0,0.0,8.0,83.0,11.1,17.2,213.0
516_3_3,516,3,3,simvastatin,Repeat,15 day,0,mg/kg,Control,simvastatin_Control_15 day,658,76,97.0,153,0.39,0.0,200,24.0,0.5,141.0,5.0,106.0,10.6,6.8,5.8,3.8,1.9,68.0,41.0,72.0,1.0,629.0,14.0,41.9,66.6,22.2,33.3,6.9,122.5,130.0,22.0,1.0,0.0,6.0,72.0,11.3,16.7,213.0
516_3_4,516,3,4,simvastatin,Repeat,15 day,0,mg/kg,Control,simvastatin_Control_15 day,771,62,88.0,127,0.4,0.0,219,15.0,0.6,141.0,4.1,106.0,10.9,7.6,5.8,3.6,1.6,69.0,37.0,76.0,2.0,673.0,13.9,41.3,61.5,20.6,33.5,4.6,115.9,131.0,12.0,1.0,0.0,6.0,81.0,12.0,16.9,235.0
516_3_5,516,3,5,simvastatin,Repeat,15 day,0,mg/kg,Control,simvastatin_Control_15 day,846,62,94.0,141,0.32,0.04,218,20.0,0.7,141.0,4.2,104.0,10.7,8.7,5.7,3.7,1.9,61.0,34.0,58.0,2.0,667.0,13.4,40.3,60.4,20.1,33.3,5.9,136.0,120.0,19.0,1.0,0.0,8.0,72.0,10.4,17.4,226.0
516_4_1,516,4,1,simvastatin,Repeat,29 day,0,mg/kg,Control,simvastatin_Control_29 day,567,69,135.0,153,0.25,0.0,206,20.0,0.6,141.0,4.8,103.0,9.8,6.8,5.9,3.9,2.0,57.0,27.0,77.0,2.0,771.0,14.7,43.9,57.0,19.0,33.4,2.0,115.6,93.7,7.0,1.0,0.0,6.0,86.0,11.9,17.5,235.0
516_4_2,516,4,2,simvastatin,Repeat,29 day,0,mg/kg,Control,simvastatin_Control_29 day,748,61,150.0,131,0.34,0.02,194,21.0,0.7,144.0,4.2,106.0,10.2,5.4,6.0,4.0,2.0,64.0,36.0,73.0,1.0,766.0,14.3,43.0,56.1,18.7,33.3,2.4,119.6,152.0,7.0,1.0,0.0,3.0,89.0,11.6,16.7,224.0
516_4_3,516,4,3,simvastatin,Repeat,29 day,0,mg/kg,Control,simvastatin_Control_29 day,777,58,145.0,131,0.32,0.04,201,22.0,0.7,143.0,4.4,105.0,10.4,5.3,6.0,3.8,1.7,63.0,37.0,110.0,1.0,729.0,14.4,42.9,58.9,19.7,33.4,2.0,109.7,119.0,9.0,1.0,0.0,5.0,85.0,11.9,17.3,217.0
516_4_4,516,4,4,simvastatin,Repeat,29 day,0,mg/kg,Control,simvastatin_Control_29 day,673,66,128.0,149,0.29,0.02,178,20.0,0.7,143.0,4.3,105.0,10.8,6.0,6.3,4.1,1.9,55.0,30.0,65.0,2.0,698.0,13.4,39.8,57.1,19.2,33.7,6.9,144.2,176.0,10.0,1.0,0.0,3.0,86.0,11.5,18.5,223.0
516_4_5,516,4,5,simvastatin,Repeat,29 day,0,mg/kg,Control,simvastatin_Control_29 day,595,76,199.0,175,0.35,0.0,203,17.0,0.6,142.0,3.9,105.0,10.6,6.0,6.1,3.8,1.7,49.0,29.0,58.0,2.0,804.0,15.9,48.4,60.1,19.8,32.9,1.5,113.0,123.0,10.0,1.0,0.0,7.0,82.0,11.5,17.5,240.0
518_1_1,518,1,1,ajmaline,Repeat,4 day,0,mg/kg,Control,ajmaline_Control_4 day,1180,82,61.0,156,0.31,0.03,207,21.0,0.5,141.0,4.5,103.0,11.1,7.6,5.9,3.9,2.0,66.0,42.0,91.0,3.0,637.0,13.2,41.5,65.1,20.7,31.8,7.2,115.3,106.0,11.0,1.0,0.0,10.0,79.0,11.3,16.9,218.0
518_1_2,518,1,2,ajmaline,Repeat,4 day,0,mg/kg,Control,ajmaline_Control_4 day,837,84,181.0,177,0.22,0.0,195,21.0,0.3,141.0,4.5,104.0,11.2,7.7,5.9,4.0,2.1,66.0,40.0,87.0,1.0,651.0,13.4,41.1,63.2,20.6,32.7,7.7,129.1,115.0,7.0,1.0,0.0,5.0,87.0,11.3,17.0,234.0
518_1_3,518,1,3,ajmaline,Repeat,4 day,0,mg/kg,Control,ajmaline_Control_4 day,809,68,67.0,126,0.27,0.0,202,16.0,0.6,139.0,4.6,103.0,11.0,6.6,5.5,4.0,2.7,64.0,34.0,100.0,0.0,568.0,12.8,38.5,67.7,22.5,33.2,9.0,107.3,92.7,14.0,1.0,0.0,10.0,75.0,11.8,17.0,204.0
518_1_4,518,1,4,ajmaline,Repeat,4 day,0,mg/kg,Control,ajmaline_Control_4 day,1259,98,135.0,186,0.36,0.0,207,22.0,0.4,140.0,4.5,102.0,11.3,7.5,6.0,3.9,1.9,63.0,35.0,88.0,2.0,597.0,12.8,39.3,65.7,21.4,32.6,8.7,112.9,114.0,17.0,1.0,0.0,19.0,63.0,11.1,15.7,222.0
518_1_5,518,1,5,ajmaline,Repeat,4 day,0,mg/kg,Control,ajmaline_Control_4 day,933,65,63.0,118,0.33,0.01,188,17.0,0.5,139.0,4.3,102.0,10.9,7.7,5.5,3.9,2.4,60.0,34.0,72.0,3.0,634.0,12.8,40.0,63.1,20.1,31.9,7.6,111.0,94.0,16.0,1.0,0.0,8.0,75.0,12.3,15.5,214.0
518_2_1,518,2,1,ajmaline,Repeat,8 day,0,mg/kg,Control,ajmaline_Control_8 day,1226,77,121.0,148,0.3,0.0,207,20.0,0.5,142.0,4.4,104.0,10.8,6.9,5.7,3.8,2.0,65.0,34.0,85.0,2.0,623.0,12.8,39.3,63.2,20.6,32.6,7.7,124.4,130.0,9.0,1.0,0.0,5.0,86.0,11.2,17.9,214.0
518_2_2,518,2,2,ajmaline,Repeat,8 day,0,mg/kg,Control,ajmaline_Control_8 day,980,84,107.0,143,0.28,0.01,196,20.0,0.5,142.0,4.6,104.0,10.8,6.9,5.5,3.6,1.9,69.0,36.0,84.0,0.0,597.0,12.6,37.9,63.5,21.1,33.2,7.2,136.6,125.0,6.0,1.0,0.0,4.0,90.0,11.4,15.8,216.0
518_2_3,518,2,3,ajmaline,Repeat,8 day,0,mg/kg,Control,ajmaline_Control_8 day,806,78,123.0,154,0.42,0.01,199,17.0,0.4,144.0,4.3,104.0,11.3,8.8,5.7,3.9,2.2,66.0,38.0,81.0,2.0,629.0,13.1,40.5,64.3,20.8,32.4,7.0,118.9,99.3,9.0,1.0,0.0,7.0,83.0,11.1,15.7,224.0
518_2_4,518,2,4,ajmaline,Repeat,8 day,0,mg/kg,Control,ajmaline_Control_8 day,1113,87,129.0,174,0.35,0.0,222,17.0,0.5,142.0,3.9,105.0,11.0,8.2,5.9,3.7,1.7,71.0,40.0,73.0,2.0,695.0,14.0,42.9,61.8,20.2,32.7,6.3,125.1,80.7,15.0,1.0,0.0,5.0,79.0,10.9,15.5,222.0
518_2_5,518,2,5,ajmaline,Repeat,8 day,0,mg/kg,Control,ajmaline_Control_8 day,1034,73,152.0,151,0.32,0.0,210,18.0,0.5,142.0,4.7,104.0,11.6,8.8,5.9,3.6,1.6,64.0,39.0,79.0,0.0,604.0,12.3,38.4,63.5,20.4,32.2,7.0,123.4,104.0,22.0,1.0,0.0,4.0,73.0,11.2,15.7,226.0
518_3_1,518,3,1,ajmaline,Repeat,15 day,0,mg/kg,Control,ajmaline_Control_15 day,623,71,70.0,136,0.32,0.02,206,20.0,0.4,141.0,5.1,104.0,10.7,7.0,5.7,3.7,1.9,58.0,30.0,83.0,2.0,648.0,13.5,41.7,64.3,20.9,32.5,3.1,101.0,129.0,6.0,0.0,0.0,3.0,91.0,11.8,18.3,198.0
518_3_2,518,3,2,ajmaline,Repeat,15 day,0,mg/kg,Control,ajmaline_Control_15 day,836,61,192.0,148,0.3,0.0,215,22.0,0.6,142.0,4.6,104.0,11.0,7.0,6.0,3.6,1.5,61.0,28.0,106.0,1.0,668.0,13.7,41.5,62.1,20.6,33.1,3.9,136.0,133.0,8.0,0.0,0.0,4.0,88.0,11.4,18.3,223.0
518_3_3,518,3,3,ajmaline,Repeat,15 day,0,mg/kg,Control,ajmaline_Control_15 day,676,77,155.0,172,0.28,0.01,200,19.0,0.5,142.0,5.2,106.0,10.8,6.6,5.7,3.6,1.7,60.0,33.0,107.0,1.0,659.0,13.9,42.2,64.0,21.1,33.0,4.0,117.6,92.3,17.0,2.0,0.0,4.0,78.0,11.3,17.7,218.0
518_3_4,518,3,4,ajmaline,Repeat,15 day,0,mg/kg,Control,ajmaline_Control_15 day,764,73,116.0,152,0.35,0.01,200,23.0,0.6,143.0,4.7,103.0,11.3,8.2,5.8,3.9,2.1,65.0,30.0,77.0,1.0,677.0,14.1,43.1,63.6,20.9,32.8,4.1,120.3,134.0,8.0,1.0,0.0,4.0,87.0,11.1,17.1,204.0
518_3_5,518,3,5,ajmaline,Repeat,15 day,0,mg/kg,Control,ajmaline_Control_15 day,884,65,97.0,134,0.43,0.0,209,19.0,0.5,140.0,4.8,104.0,10.6,7.0,5.8,4.0,2.2,63.0,34.0,80.0,2.0,669.0,13.0,39.3,58.7,19.5,33.2,4.0,134.6,120.0,16.0,1.0,0.0,5.0,79.0,11.5,17.7,215.0
518_4_1,518,4,1,ajmaline,Repeat,29 day,0,mg/kg,Control,ajmaline_Control_29 day,630,62,211.0,147,0.34,0.0,193,16.0,0.7,144.0,4.7,105.0,10.4,5.9,6.4,4.1,1.8,62.0,26.0,85.0,1.0,850.0,16.3,48.7,57.3,19.2,33.5,2.6,124.7,138.0,6.0,1.0,0.0,4.0,88.0,11.5,18.6,238.0
518_4_2,518,4,2,ajmaline,Repeat,29 day,0,mg/kg,Control,ajmaline_Control_29 day,494,58,75.0,119,0.29,0.02,201,18.0,0.6,142.0,4.6,106.0,9.9,6.6,5.8,3.7,1.8,54.0,26.0,64.0,1.0,778.0,14.7,43.8,56.3,18.9,33.6,1.6,131.5,118.0,11.0,1.0,0.0,4.0,85.0,11.4,16.2,216.0
518_4_3,518,4,3,ajmaline,Repeat,29 day,0,mg/kg,Control,ajmaline_Control_29 day,454,63,239.0,155,0.23,0.0,199,22.0,0.6,143.0,4.8,106.0,10.2,5.9,6.6,4.2,1.8,51.0,29.0,75.0,1.0,804.0,15.6,46.5,57.9,19.4,33.5,1.6,132.5,83.4,6.0,1.0,0.0,5.0,88.0,11.2,17.4,232.0
518_4_4,518,4,4,ajmaline,Repeat,29 day,0,mg/kg,Control,ajmaline_Control_29 day,501,79,76.0,159,0.25,0.03,179,21.0,0.7,142.0,4.7,104.0,10.8,6.5,6.1,4.0,1.9,63.0,34.0,88.0,4.0,762.0,14.7,43.7,57.3,19.3,33.7,1.9,115.3,84.8,13.0,2.0,0.0,12.0,74.0,11.1,18.1,231.0
518_4_5,518,4,5,ajmaline,Repeat,29 day,0,mg/kg,Control,ajmaline_Control_29 day,706,51,81.0,115,0.4,0.03,203,20.0,0.5,142.0,4.6,105.0,10.1,6.4,5.9,3.9,2.0,58.0,34.0,79.0,1.0,779.0,14.7,44.0,56.4,18.8,33.4,2.1,125.7,102.0,12.0,1.0,0.0,3.0,84.0,11.8,17.5,214.0
520_1_1,520,1,1,dantrolene,Repeat,4 day,0,mg/kg,Control,dantrolene_Control_4 day,843,75,153.0,160,0.34,0.0,205,21.0,0.6,138.0,5.0,103.0,10.5,6.5,5.7,3.8,2.0,57.0,34.0,80.0,1.0,677.0,14.1,41.4,61.1,20.8,34.0,7.3,145.4,120.0,13.0,1.0,0.0,5.0,81.0,11.2,16.6,237.0
520_1_2,520,1,2,dantrolene,Repeat,4 day,0,mg/kg,Control,dantrolene_Control_4 day,723,90,131.0,174,0.35,0.0,193,21.0,0.5,143.0,4.5,106.0,10.9,6.4,5.9,3.9,2.0,59.0,30.0,72.0,1.0,641.0,13.4,39.8,62.2,20.9,33.6,4.8,139.5,115.0,15.0,1.0,0.0,11.0,73.0,11.4,18.2,234.0
520_1_3,520,1,3,dantrolene,Repeat,4 day,0,mg/kg,Control,dantrolene_Control_4 day,991,77,163.0,171,0.3,0.0,200,18.0,0.6,140.0,5.3,104.0,11.1,7.3,5.7,3.8,2.0,72.0,37.0,102.0,1.0,579.0,12.8,38.2,65.9,22.1,33.5,6.7,118.4,112.0,17.0,1.0,0.0,8.0,74.0,11.3,16.7,213.0
520_1_4,520,1,4,dantrolene,Repeat,4 day,0,mg/kg,Control,dantrolene_Control_4 day,910,73,63.0,142,0.33,0.0,201,18.0,0.6,141.0,4.4,104.0,11.1,8.7,5.9,3.8,1.8,66.0,36.0,87.0,1.0,577.0,13.0,39.0,67.6,22.5,33.3,6.6,121.9,99.1,21.0,1.0,0.0,4.0,75.0,11.3,15.8,216.0
520_1_5,520,1,5,dantrolene,Repeat,4 day,0,mg/kg,Control,dantrolene_Control_4 day,747,77,64.0,146,0.32,0.02,204,18.0,0.6,139.0,4.4,103.0,10.8,8.4,5.6,3.7,2.0,60.0,33.0,84.0,1.0,617.0,13.3,39.5,64.1,21.6,33.7,7.8,119.0,120.0,12.0,1.0,0.0,5.0,82.0,11.2,16.6,224.0
520_2_1,520,2,1,dantrolene,Repeat,8 day,0,mg/kg,Control,dantrolene_Control_8 day,942,100,142.0,183,0.34,0.0,203,18.0,0.6,139.0,5.3,108.0,11.0,6.8,6.0,3.8,1.7,70.0,35.0,80.0,1.0,647.0,14.3,42.5,65.7,22.1,33.6,5.9,121.8,97.7,10.0,1.0,0.0,5.0,85.0,10.8,16.6,226.0
520_2_2,520,2,2,dantrolene,Repeat,8 day,0,mg/kg,Control,dantrolene_Control_8 day,853,80,138.0,169,0.35,0.0,191,18.0,0.6,139.0,5.0,107.0,10.5,6.8,6.0,3.9,1.9,66.0,28.0,78.0,1.0,680.0,13.7,40.5,59.6,20.1,33.8,4.8,144.3,127.0,14.0,1.0,0.0,5.0,80.0,10.7,17.3,211.0
520_2_3,520,2,3,dantrolene,Repeat,8 day,0,mg/kg,Control,dantrolene_Control_8 day,745,71,43.0,127,0.35,0.0,203,18.0,0.5,139.0,5.1,106.0,10.6,6.8,5.7,3.9,2.2,65.0,33.0,73.0,1.0,668.0,13.9,41.6,62.3,20.8,33.4,5.0,100.4,83.4,11.0,1.0,0.0,4.0,84.0,11.0,17.2,203.0
520_2_4,520,2,4,dantrolene,Repeat,8 day,0,mg/kg,Control,dantrolene_Control_8 day,1198,73,183.0,170,0.26,0.0,215,19.0,0.5,138.0,5.6,107.0,10.5,7.1,5.7,3.7,1.9,65.0,39.0,64.0,1.0,672.0,13.6,41.1,61.2,20.3,33.1,4.2,130.4,92.0,9.0,1.0,0.0,9.0,81.0,10.8,16.0,185.0
520_2_5,520,2,5,dantrolene,Repeat,8 day,0,mg/kg,Control,dantrolene_Control_8 day,919,74,188.0,172,0.29,0.01,208,18.0,0.5,138.0,4.6,106.0,10.8,8.5,5.8,3.8,1.9,55.0,32.0,88.0,3.0,665.0,14.6,42.9,64.6,21.9,34.0,5.8,137.3,132.0,23.0,1.0,0.0,14.0,61.0,11.1,17.2,240.0
520_3_1,520,3,1,dantrolene,Repeat,15 day,0,mg/kg,Control,dantrolene_Control_15 day,723,58,81.0,135,0.33,0.0,196,18.0,0.5,140.0,4.9,104.0,10.3,7.0,6.1,4.0,1.9,55.0,27.0,111.0,0.0,750.0,15.6,45.6,60.8,20.8,34.1,2.8,123.4,166.0,13.0,1.0,0.0,4.0,83.0,10.9,17.8,209.0
520_3_2,520,3,2,dantrolene,Repeat,15 day,0,mg/kg,Control,dantrolene_Control_15 day,1092,64,120.0,154,0.3,0.0,205,20.0,0.5,144.0,4.4,107.0,10.3,7.3,6.0,3.9,1.9,67.0,32.0,62.0,0.0,691.0,14.5,43.1,62.4,20.9,33.5,3.8,106.9,90.0,6.0,0.0,0.0,5.0,88.0,11.1,16.2,211.0
520_3_3,520,3,3,dantrolene,Repeat,15 day,0,mg/kg,Control,dantrolene_Control_15 day,762,61,64.0,127,0.18,0.03,235,16.0,0.6,142.0,4.7,107.0,11.1,8.0,5.8,3.8,1.9,70.0,39.0,89.0,1.0,727.0,14.4,43.2,59.4,19.8,33.4,3.9,119.1,93.5,18.0,1.0,0.0,5.0,77.0,10.9,17.2,213.0
520_3_4,520,3,4,dantrolene,Repeat,15 day,0,mg/kg,Control,dantrolene_Control_15 day,788,72,103.0,155,0.32,0.03,185,17.0,0.5,141.0,4.2,105.0,10.3,7.2,5.7,3.8,2.0,61.0,31.0,71.0,1.0,770.0,15.1,46.8,60.8,19.5,32.2,3.9,112.2,85.6,18.0,0.0,0.0,3.0,78.0,11.4,18.2,201.0
520_3_5,520,3,5,dantrolene,Repeat,15 day,0,mg/kg,Control,dantrolene_Control_15 day,801,55,61.0,125,0.35,0.0,197,18.0,0.7,142.0,4.2,104.0,10.4,8.0,5.8,3.8,1.9,55.0,28.0,80.0,2.0,705.0,14.6,43.6,61.9,20.7,33.5,4.1,102.9,118.0,10.0,0.0,0.0,2.0,87.0,11.1,18.4,175.0
520_4_1,520,4,1,dantrolene,Repeat,29 day,0,mg/kg,Control,dantrolene_Control_29 day,841,85,148.0,166,0.29,0.02,201,18.0,0.6,140.0,4.4,106.0,10.5,6.7,6.3,3.9,1.6,61.0,35.0,113.0,1.0,793.0,16.1,47.4,59.8,20.3,33.9,2.3,112.6,182.0,5.0,1.0,0.0,2.0,92.0,11.4,18.7,197.0
520_4_2,520,4,2,dantrolene,Repeat,29 day,0,mg/kg,Control,dantrolene_Control_29 day,579,55,102.0,122,0.41,0.03,174,20.0,0.6,141.0,4.5,109.0,9.7,5.5,5.9,3.8,1.8,50.0,28.0,85.0,1.0,813.0,15.4,45.4,55.9,18.9,33.9,3.3,123.4,77.9,13.0,1.0,0.0,4.0,82.0,12.0,20.5,211.0
520_4_3,520,4,3,dantrolene,Repeat,29 day,0,mg/kg,Control,dantrolene_Control_29 day,516,69,102.0,133,0.33,0.02,177,17.0,0.5,141.0,4.2,106.0,10.4,7.5,6.2,3.9,1.7,32.0,24.0,68.0,2.0,824.0,15.5,45.9,55.7,18.9,33.9,3.4,106.9,81.0,16.0,2.0,0.0,5.0,78.0,11.6,17.9,244.0
520_4_4,520,4,4,dantrolene,Repeat,29 day,0,mg/kg,Control,dantrolene_Control_29 day,751,81,109.0,153,0.29,0.0,198,18.0,0.6,140.0,4.5,106.0,10.8,6.4,6.3,3.9,1.6,55.0,30.0,79.0,2.0,780.0,15.2,45.8,58.7,19.5,33.2,2.6,112.4,82.6,11.0,2.0,0.0,7.0,81.0,11.7,18.2,236.0
520_4_5,520,4,5,dantrolene,Repeat,29 day,0,mg/kg,Control,dantrolene_Control_29 day,456,58,175.0,143,0.28,0.01,189,17.0,0.6,138.0,4.6,107.0,10.2,6.5,5.8,3.7,1.8,56.0,36.0,71.0,0.0,806.0,16.0,46.4,57.5,19.9,34.6,2.3,129.8,93.1,7.0,1.0,0.0,5.0,87.0,11.8,17.5,200.0
527_1_1,527,1,1,clomipramine,Repeat,4 day,0,mg/kg,Control,clomipramine_Control_4 day,1516,85,126.0,164,0.05,0.01,169,14.0,0.2,142.0,4.2,104.0,10.7,7.3,5.5,2.6,0.9,73.0,41.0,58.0,1.0,635.0,13.7,41.0,64.6,21.6,33.4,7.6,124.0,98.1,18.0,1.0,0.0,3.0,77.0,13.0,18.3,266.0
527_1_2,527,1,2,clomipramine,Repeat,4 day,0,mg/kg,Control,clomipramine_Control_4 day,1602,79,146.0,176,0.06,0.01,186,14.0,0.2,141.0,4.3,103.0,10.8,7.8,5.6,2.6,0.9,64.0,41.0,90.0,1.0,632.0,13.7,41.7,66.1,21.6,32.8,6.4,123.8,69.2,26.0,1.0,0.0,3.0,69.0,12.9,17.6,308.0
527_1_3,527,1,3,clomipramine,Repeat,4 day,0,mg/kg,Control,clomipramine_Control_4 day,2207,87,66.0,160,0.06,0.01,177,15.0,0.2,143.0,3.9,104.0,10.9,7.8,5.6,2.6,0.9,77.0,42.0,86.0,1.0,648.0,13.8,41.9,64.7,21.2,32.8,6.1,122.5,111.7,13.0,1.0,1.0,3.0,82.0,13.0,17.0,271.0
527_1_4,527,1,4,clomipramine,Repeat,4 day,0,mg/kg,Control,clomipramine_Control_4 day,1925,65,77.0,133,0.06,0.01,173,12.0,0.2,143.0,4.1,104.0,10.8,7.4,5.4,2.6,0.9,62.0,42.0,125.0,2.0,670.0,13.3,40.2,59.9,19.8,33.1,6.2,142.8,90.8,19.0,1.0,0.0,3.0,77.0,13.0,17.7,267.0
527_1_5,527,1,5,clomipramine,Repeat,4 day,0,mg/kg,Control,clomipramine_Control_4 day,1650,59,220.0,156,0.07,0.02,177,17.0,0.2,144.0,3.7,106.0,11.1,7.5,5.9,2.7,0.8,64.0,38.0,73.0,1.0,627.0,13.4,40.3,64.3,21.3,33.2,6.9,120.7,110.1,25.0,1.0,0.0,4.0,69.0,12.8,41.7,265.0
527_2_1,527,2,1,clomipramine,Repeat,8 day,0,mg/kg,Control,clomipramine_Control_8 day,1488,86,144.0,165,0.05,0.01,183,14.0,0.2,141.0,4.1,104.0,10.9,6.2,5.7,2.7,0.9,69.0,41.0,85.0,1.0,649.0,14.2,43.1,66.4,21.9,33.0,7.0,122.4,84.9,14.0,1.0,0.0,3.0,81.0,12.9,16.1,303.0
527_2_2,527,2,2,clomipramine,Repeat,8 day,0,mg/kg,Control,clomipramine_Control_8 day,1535,73,215.0,163,0.06,0.02,193,14.0,0.2,141.0,4.4,105.0,10.8,6.5,5.6,2.7,0.9,87.0,43.0,158.0,1.0,668.0,14.4,42.8,64.1,21.5,33.6,5.6,126.5,57.2,15.0,1.0,0.0,4.0,78.0,13.4,17.7,268.0
527_2_3,527,2,3,clomipramine,Repeat,8 day,0,mg/kg,Control,clomipramine_Control_8 day,1397,78,122.0,152,0.06,0.01,200,15.0,0.2,142.0,3.7,102.0,10.9,7.3,5.8,2.7,0.9,64.0,39.0,70.0,1.0,630.0,13.3,40.3,64.0,21.1,33.0,5.8,126.3,100.4,16.0,1.0,1.0,2.0,80.0,13.5,16.9,268.0
527_2_4,527,2,4,clomipramine,Repeat,8 day,0,mg/kg,Control,clomipramine_Control_8 day,1377,83,90.0,160,0.05,0.01,195,17.0,0.2,143.0,4.2,104.0,11.1,7.7,5.9,2.8,0.9,65.0,36.0,163.0,2.0,694.0,14.0,41.6,59.9,20.1,33.6,5.2,121.3,61.0,26.0,1.0,0.0,3.0,69.0,13.6,28.2,311.0
527_2_5,527,2,5,clomipramine,Repeat,8 day,0,mg/kg,Control,clomipramine_Control_8 day,1847,72,88.0,159,0.05,0.01,181,15.0,0.2,143.0,4.1,103.0,11.0,7.0,5.7,2.6,0.8,66.0,40.0,78.0,1.0,675.0,14.2,42.3,62.7,21.0,33.6,5.2,142.7,100.2,23.0,1.0,0.0,3.0,71.0,13.3,16.7,292.0
527_3_1,527,3,1,clomipramine,Repeat,15 day,0,mg/kg,Control,clomipramine_Control_15 day,1530,67,101.0,142,0.05,0.01,202,18.0,0.2,144.0,3.9,105.0,11.1,7.0,6.2,2.8,0.8,69.0,42.0,72.0,1.0,696.0,14.5,42.1,60.6,20.8,34.3,4.8,120.2,90.5,9.0,1.0,0.0,1.0,88.0,13.3,17.1,252.0
527_3_2,527,3,2,clomipramine,Repeat,15 day,0,mg/kg,Control,clomipramine_Control_15 day,1763,73,146.0,152,0.04,0.01,175,17.0,0.2,143.0,4.1,105.0,10.7,7.4,6.2,2.7,0.8,79.0,40.0,89.0,1.0,707.0,14.7,42.3,59.8,20.7,34.7,3.6,126.0,97.4,23.0,1.0,0.0,2.0,74.0,13.7,16.9,270.0
527_3_3,527,3,3,clomipramine,Repeat,15 day,0,mg/kg,Control,clomipramine_Control_15 day,2201,66,214.0,164,0.06,0.01,193,14.0,0.2,142.0,4.2,101.0,10.7,7.3,6.0,2.6,0.8,78.0,50.0,77.0,1.0,686.0,14.5,42.5,62.0,21.1,34.1,4.2,118.1,109.4,19.0,1.0,0.0,3.0,77.0,13.5,17.8,259.0
527_3_4,527,3,4,clomipramine,Repeat,15 day,0,mg/kg,Control,clomipramine_Control_15 day,2068,78,127.0,174,0.06,0.02,176,19.0,0.2,145.0,4.0,104.0,10.8,7.4,6.2,2.8,0.8,76.0,44.0,67.0,1.0,745.0,15.2,44.9,60.2,20.4,34.0,4.0,99.8,97.1,16.0,1.0,0.0,3.0,79.0,13.1,15.9,261.0
527_3_5,527,3,5,clomipramine,Repeat,15 day,0,mg/kg,Control,clomipramine_Control_15 day,1824,62,155.0,148,0.05,0.02,180,16.0,0.2,147.0,4.1,106.0,10.7,7.7,5.9,2.6,0.8,70.0,42.0,104.0,1.0,764.0,14.6,42.6,55.8,19.1,34.2,3.0,149.7,67.7,20.0,1.0,0.0,2.0,77.0,13.7,18.3,283.0
527_4_1,527,4,1,clomipramine,Repeat,29 day,0,mg/kg,Control,clomipramine_Control_29 day,1078,63,128.0,137,0.05,0.01,203,16.0,0.2,142.0,3.5,100.0,10.6,6.6,6.0,2.7,0.8,56.0,31.0,54.0,1.0,804.0,14.9,43.4,53.9,18.5,34.3,2.4,108.3,98.8,15.0,2.0,1.0,2.0,81.0,13.7,18.9,250.0
527_4_2,527,4,2,clomipramine,Repeat,29 day,0,mg/kg,Control,clomipramine_Control_29 day,1510,63,93.0,136,0.06,0.01,170,16.0,0.3,142.0,4.2,108.0,10.4,6.9,6.4,2.9,0.8,69.0,32.0,241.0,1.0,759.0,15.3,43.7,57.6,20.2,35.1,2.7,117.8,109.8,22.0,1.0,0.0,2.0,74.0,14.0,18.7,288.0
527_4_3,527,4,3,clomipramine,Repeat,29 day,0,mg/kg,Control,clomipramine_Control_29 day,1224,58,142.0,135,0.06,0.02,199,15.0,0.2,145.0,3.5,105.0,10.7,6.4,6.5,2.9,0.8,59.0,30.0,61.0,1.0,827.0,16.5,47.7,57.7,20.0,34.6,2.2,112.7,59.4,17.0,2.0,0.0,2.0,78.0,13.6,18.9,247.0
527_4_4,527,4,4,clomipramine,Repeat,29 day,0,mg/kg,Control,clomipramine_Control_29 day,1095,67,51.0,138,0.05,0.01,173,13.0,0.2,143.0,3.8,107.0,10.3,6.0,6.1,2.7,0.8,69.0,32.0,54.0,1.0,802.0,15.1,42.8,53.4,18.8,35.2,1.7,91.5,51.5,19.0,1.0,0.0,2.0,78.0,13.5,19.5,243.0
527_4_5,527,4,5,clomipramine,Repeat,29 day,0,mg/kg,Control,clomipramine_Control_29 day,1269,69,114.0,158,0.05,0.01,193,16.0,0.2,144.0,4.1,106.0,10.8,7.0,6.3,2.8,0.8,70.0,33.0,55.0,1.0,845.0,16.0,46.8,55.4,19.0,34.2,2.3,95.7,107.5,13.0,1.0,0.0,2.0,83.0,13.9,20.3,268.0
529_1_1,529,1,1,trimethadione,Repeat,4 day,0,mg/kg,Control,trimethadione_Control_4 day,1750,75,119.0,160,0.05,0.0,180,15.0,0.2,142.0,4.8,104.0,11.1,6.8,5.8,2.7,0.9,86.0,48.0,115.0,1.0,690.0,14.3,42.7,61.9,20.7,33.5,6.8,107.0,64.0,13.0,1.0,0.0,2.0,84.0,13.2,17.9,266.0
529_1_2,529,1,2,trimethadione,Repeat,4 day,0,mg/kg,Control,trimethadione_Control_4 day,1791,109,73.0,178,0.05,0.0,195,15.0,0.2,141.0,4.8,106.0,11.4,7.3,5.5,2.5,0.8,87.0,52.0,153.0,1.0,601.0,13.4,40.3,67.0,22.3,33.3,7.7,121.8,79.4,16.0,0.0,0.0,3.0,80.0,13.6,16.3,228.0
529_1_3,529,1,3,trimethadione,Repeat,4 day,0,mg/kg,Control,trimethadione_Control_4 day,2044,74,178.0,161,0.05,0.01,174,17.0,0.2,140.0,4.5,106.0,11.2,7.2,5.7,2.6,0.8,79.0,46.0,90.0,1.0,651.0,13.5,40.5,62.2,20.7,33.3,7.5,151.1,93.4,19.0,1.0,0.0,3.0,77.0,13.5,18.1,230.0
529_1_4,529,1,4,trimethadione,Repeat,4 day,0,mg/kg,Control,trimethadione_Control_4 day,2080,74,141.0,160,0.05,0.01,175,13.0,0.2,144.0,4.5,108.0,11.1,6.6,5.6,2.6,0.9,68.0,38.0,91.0,1.0,609.0,13.5,40.4,66.2,22.2,33.5,7.3,135.5,79.5,18.0,1.0,0.0,2.0,78.0,13.1,17.6,280.0
529_1_5,529,1,5,trimethadione,Repeat,4 day,0,mg/kg,Control,trimethadione_Control_4 day,2173,86,198.0,174,0.05,0.01,179,15.0,0.2,141.0,4.6,106.0,11.1,7.2,5.7,2.6,0.8,70.0,53.0,98.0,1.0,645.0,13.7,41.0,63.6,21.2,33.3,6.5,139.8,111.0,16.0,1.0,0.0,3.0,80.0,13.1,15.0,321.0
529_2_1,529,2,1,trimethadione,Repeat,8 day,0,mg/kg,Control,trimethadione_Control_8 day,1472,80,127.0,166,0.06,0.01,216,18.0,0.2,143.0,3.9,103.0,11.1,7.0,5.9,2.7,0.8,74.0,44.0,87.0,1.0,672.0,14.6,43.5,64.8,21.7,33.6,5.6,122.9,99.8,14.0,1.0,1.0,2.0,82.0,14.4,19.7,256.0
529_2_2,529,2,2,trimethadione,Repeat,8 day,0,mg/kg,Control,trimethadione_Control_8 day,1492,103,63.0,167,0.05,0.0,201,14.0,0.2,144.0,4.1,106.0,10.7,5.7,5.4,2.5,0.9,70.0,38.0,75.0,1.0,651.0,14.0,41.2,63.3,21.5,34.0,5.5,113.5,92.8,13.0,1.0,1.0,3.0,82.0,13.9,15.5,250.0
529_2_3,529,2,3,trimethadione,Repeat,8 day,0,mg/kg,Control,trimethadione_Control_8 day,1562,70,163.0,157,0.04,0.02,181,19.0,0.2,142.0,4.4,106.0,10.8,6.6,5.7,2.6,0.8,63.0,31.0,75.0,1.0,625.0,12.7,37.4,59.9,20.3,34.0,5.0,131.0,75.2,17.0,1.0,0.0,2.0,80.0,13.8,18.5,258.0
529_2_4,529,2,4,trimethadione,Repeat,8 day,0,mg/kg,Control,trimethadione_Control_8 day,2057,100,92.0,184,0.06,0.01,184,17.0,0.2,145.0,4.0,104.0,11.3,8.4,5.8,2.7,0.9,66.0,44.0,193.0,1.0,655.0,13.9,41.7,63.7,21.2,33.3,6.5,113.2,73.3,19.0,1.0,0.0,3.0,76.0,13.3,16.7,284.0
529_2_5,529,2,5,trimethadione,Repeat,8 day,0,mg/kg,Control,trimethadione_Control_8 day,2031,75,100.0,153,0.05,0.01,177,16.0,0.2,146.0,3.9,107.0,11.1,6.8,6.0,2.7,0.8,64.0,34.0,109.0,1.0,606.0,13.6,41.1,67.8,22.5,33.2,6.6,136.0,105.6,19.0,1.0,1.0,2.0,77.0,13.9,18.0,271.0
529_3_1,529,3,1,trimethadione,Repeat,15 day,0,mg/kg,Control,trimethadione_Control_15 day,1391,94,109.0,168,0.04,0.0,196,18.0,0.3,146.0,3.9,108.0,10.7,6.1,5.9,2.7,0.8,68.0,36.0,73.0,1.0,750.0,15.2,44.7,59.6,20.3,34.1,5.2,146.2,83.6,19.0,2.0,0.0,1.0,78.0,14.0,21.6,282.0
529_3_2,529,3,2,trimethadione,Repeat,15 day,0,mg/kg,Control,trimethadione_Control_15 day,2218,87,133.0,171,0.04,0.0,234,19.0,0.2,145.0,4.2,109.0,10.5,6.3,6.2,2.7,0.8,74.0,35.0,97.0,1.0,742.0,14.7,44.0,59.3,19.8,33.4,4.3,125.0,112.1,26.0,1.0,1.0,2.0,70.0,12.9,17.1,285.0
529_3_3,529,3,3,trimethadione,Repeat,15 day,0,mg/kg,Control,trimethadione_Control_15 day,1688,74,142.0,156,0.04,0.0,206,15.0,0.2,144.0,4.0,106.0,10.8,6.6,5.9,2.7,0.8,66.0,38.0,133.0,1.0,697.0,14.6,42.6,61.1,21.0,34.3,4.1,130.2,93.2,17.0,1.0,0.0,2.0,80.0,13.2,18.4,297.0
529_3_4,529,3,4,trimethadione,Repeat,15 day,0,mg/kg,Control,trimethadione_Control_15 day,1920,84,160.0,176,0.04,0.01,207,17.0,0.2,146.0,3.7,106.0,11.0,7.1,6.0,2.7,0.8,63.0,40.0,103.0,1.0,724.0,15.0,43.9,60.6,20.7,34.2,4.2,136.8,78.2,13.0,1.0,0.0,2.0,84.0,13.4,18.5,295.0
529_3_5,529,3,5,trimethadione,Repeat,15 day,0,mg/kg,Control,trimethadione_Control_15 day,1302,65,100.0,152,0.05,0.01,198,17.0,0.2,147.0,3.8,107.0,10.9,8.0,6.0,2.6,0.8,98.0,61.0,88.0,1.0,682.0,15.0,44.5,65.3,22.0,33.7,4.4,98.7,129.5,18.0,1.0,1.0,3.0,77.0,13.4,21.9,264.0
529_4_1,529,4,1,trimethadione,Repeat,29 day,0,mg/kg,Control,trimethadione_Control_29 day,1831,81,176.0,158,0.04,0.0,205,16.0,0.3,141.0,4.1,104.0,10.6,5.3,6.1,2.7,0.8,66.0,29.0,68.0,1.0,777.0,15.1,43.5,56.0,19.4,34.7,3.1,120.0,110.6,13.0,1.0,0.0,1.0,84.0,13.6,15.7,241.0
529_4_2,529,4,2,trimethadione,Repeat,29 day,0,mg/kg,Control,trimethadione_Control_29 day,1094,70,241.0,164,0.06,0.01,164,13.0,0.2,142.0,4.0,105.0,11.0,6.0,6.2,2.8,0.8,63.0,39.0,75.0,1.0,769.0,15.1,43.4,56.4,19.6,34.8,2.3,106.8,126.7,12.0,1.0,0.0,1.0,85.0,13.0,16.3,271.0
529_4_3,529,4,3,trimethadione,Repeat,29 day,0,mg/kg,Control,trimethadione_Control_29 day,874,53,164.0,130,0.04,0.0,179,15.0,0.2,142.0,3.9,106.0,10.8,6.2,6.1,2.8,0.8,66.0,41.0,48.0,1.0,781.0,15.0,43.1,55.2,19.3,34.9,2.4,110.5,136.0,28.0,1.0,0.0,1.0,69.0,13.7,19.0,248.0
529_4_4,529,4,4,trimethadione,Repeat,29 day,0,mg/kg,Control,trimethadione_Control_29 day,931,69,165.0,156,0.04,0.0,180,15.0,0.2,144.0,4.0,106.0,11.0,6.2,6.6,3.0,0.8,52.0,32.0,65.0,1.0,800.0,16.2,46.7,58.4,20.3,34.8,2.3,107.2,110.1,16.0,1.0,0.0,2.0,81.0,14.4,18.2,285.0
529_4_5,529,4,5,trimethadione,Repeat,29 day,0,mg/kg,Control,trimethadione_Control_29 day,1052,95,196.0,191,0.06,0.01,191,16.0,0.2,144.0,4.2,107.0,10.5,6.1,6.3,2.8,0.8,66.0,34.0,65.0,1.0,764.0,15.8,45.3,59.3,20.6,34.7,2.9,105.0,86.5,22.0,2.0,0.0,3.0,73.0,13.7,18.1,281.0
534_1_1,534,1,1,terbinafine,Repeat,4 day,0,mg/kg,Control,terbinafine_Control_4 day,729,77,158.0,156,0.17,0.11,204,14.0,0.4,139.0,4.9,102.0,10.5,7.1,5.5,3.3,1.5,63.0,28.0,198.0,2.0,621.0,13.4,39.3,63.3,21.6,34.1,6.0,112.2,95.2,16.0,1.0,1.0,3.0,80.0,11.7,18.5,213.0
534_1_2,534,1,2,terbinafine,Repeat,4 day,0,mg/kg,Control,terbinafine_Control_4 day,776,69,59.0,129,0.14,0.09,179,14.0,0.4,141.0,4.3,103.0,11.0,7.5,5.6,3.5,1.7,61.0,29.0,215.0,3.0,625.0,13.8,40.7,65.2,22.1,33.8,5.7,110.4,118.4,15.0,1.0,1.0,3.0,80.0,11.5,18.1,227.0
534_1_3,534,1,3,terbinafine,Repeat,4 day,0,mg/kg,Control,terbinafine_Control_4 day,918,68,117.0,150,0.16,0.09,185,15.0,0.4,142.0,3.9,104.0,10.7,7.0,5.6,3.5,1.7,81.0,54.0,186.0,2.0,632.0,13.5,40.3,63.8,21.4,33.6,5.4,124.8,107.9,28.0,1.0,0.0,3.0,67.0,12.5,19.6,213.0
534_1_4,534,1,4,terbinafine,Repeat,4 day,0,mg/kg,Control,terbinafine_Control_4 day,643,67,79.0,133,0.13,0.1,195,13.0,0.4,143.0,3.9,104.0,10.7,7.3,5.5,3.4,1.6,64.0,28.0,157.0,2.0,640.0,13.3,39.2,61.3,20.8,33.9,5.3,121.9,100.0,10.0,1.0,1.0,2.0,86.0,12.0,16.9,216.0
534_1_5,534,1,5,terbinafine,Repeat,4 day,0,mg/kg,Control,terbinafine_Control_4 day,957,92,83.0,170,0.17,0.1,201,16.0,0.4,143.0,3.9,104.0,11.0,7.8,5.7,3.6,1.7,65.0,32.0,203.0,1.0,627.0,13.5,39.9,63.6,21.5,33.8,7.0,116.7,99.8,27.0,1.0,1.0,4.0,67.0,11.4,19.0,270.0
534_2_1,534,2,1,terbinafine,Repeat,8 day,0,mg/kg,Control,terbinafine_Control_8 day,814,68,116.0,138,0.15,0.1,242,17.0,0.5,141.0,4.0,103.0,10.4,6.9,5.7,3.4,1.5,66.0,31.0,208.0,0.0,703.0,14.1,41.6,59.2,20.0,33.8,4.4,119.4,171.8,14.0,1.0,1.0,3.0,81.0,11.9,19.7,224.0
534_2_2,534,2,2,terbinafine,Repeat,8 day,0,mg/kg,Control,terbinafine_Control_8 day,1056,62,98.0,132,0.13,0.09,194,16.0,0.4,142.0,4.5,103.0,10.8,8.0,5.7,3.4,1.5,72.0,35.0,247.0,1.0,673.0,13.8,41.0,60.9,20.5,33.7,5.5,121.7,92.8,16.0,1.0,1.0,3.0,79.0,11.9,18.5,243.0
534_2_3,534,2,3,terbinafine,Repeat,8 day,0,mg/kg,Control,terbinafine_Control_8 day,938,76,130.0,164,0.17,0.11,193,17.0,0.5,142.0,4.9,102.0,10.7,7.8,6.2,3.8,1.6,68.0,36.0,224.0,1.0,665.0,14.1,41.0,61.7,21.2,34.3,5.3,130.5,133.9,16.0,1.0,1.0,3.0,79.0,11.3,18.6,240.0
534_2_4,534,2,4,terbinafine,Repeat,8 day,0,mg/kg,Control,terbinafine_Control_8 day,842,74,75.0,136,0.15,0.09,194,13.0,0.4,142.0,4.2,103.0,11.1,7.4,5.8,3.6,1.6,67.0,31.0,220.0,1.0,647.0,13.6,40.2,62.2,21.0,33.8,5.8,120.1,85.6,16.0,1.0,1.0,3.0,79.0,11.5,18.9,243.0
534_2_5,534,2,5,terbinafine,Repeat,8 day,0,mg/kg,Control,terbinafine_Control_8 day,723,67,60.0,131,0.14,0.08,186,14.0,0.4,142.0,4.8,103.0,10.4,8.8,5.5,3.3,1.5,68.0,35.0,163.0,1.0,658.0,13.9,41.4,62.9,21.1,33.5,5.0,118.0,110.4,16.0,1.0,1.0,2.0,80.0,11.8,17.9,230.0
534_3_1,534,3,1,terbinafine,Repeat,15 day,0,mg/kg,Control,terbinafine_Control_15 day,846,54,126.0,124,0.18,0.13,237,17.0,0.5,141.0,3.8,102.0,10.4,7.4,5.9,3.3,1.3,64.0,34.0,216.0,1.0,688.0,14.0,41.1,59.6,20.4,34.1,5.1,109.1,135.9,11.0,1.0,1.0,2.0,85.0,12.0,22.6,213.0
534_3_2,534,3,2,terbinafine,Repeat,15 day,0,mg/kg,Control,terbinafine_Control_15 day,698,61,132.0,134,0.18,0.12,199,16.0,0.5,144.0,3.6,106.0,10.8,6.2,5.8,3.6,1.6,73.0,32.0,246.0,1.0,787.0,15.5,45.4,57.7,19.7,34.2,3.9,111.5,138.3,11.0,0.0,1.0,2.0,86.0,11.4,20.5,206.0
534_3_3,534,3,3,terbinafine,Repeat,15 day,0,mg/kg,Control,terbinafine_Control_15 day,819,73,119.0,150,0.15,0.09,204,15.0,0.4,143.0,3.5,104.0,10.7,7.3,5.9,3.4,1.4,69.0,37.0,175.0,1.0,703.0,14.0,41.2,58.7,19.9,34.0,4.6,132.1,105.5,16.0,1.0,1.0,2.0,81.0,11.0,17.8,240.0
534_3_4,534,3,4,terbinafine,Repeat,15 day,0,mg/kg,Control,terbinafine_Control_15 day,660,64,102.0,131,0.15,0.09,204,17.0,0.4,143.0,3.8,105.0,10.7,7.7,5.7,3.4,1.5,66.0,38.0,171.0,1.0,690.0,14.3,42.1,61.0,20.7,33.9,4.1,102.4,94.3,10.0,1.0,1.0,2.0,86.0,11.4,19.1,227.0
534_3_5,534,3,5,terbinafine,Repeat,15 day,0,mg/kg,Control,terbinafine_Control_15 day,649,66,61.0,125,0.13,0.07,198,15.0,0.4,143.0,3.9,108.0,10.2,7.3,5.8,3.4,1.4,64.0,33.0,136.0,1.0,781.0,15.6,45.6,58.3,20.0,34.3,2.3,93.1,58.5,13.0,1.0,1.0,3.0,83.0,11.6,18.1,216.0
534_4_1,534,4,1,terbinafine,Repeat,29 day,0,mg/kg,Control,terbinafine_Control_29 day,904,55,63.0,107,0.16,0.09,267,16.0,0.5,141.0,3.9,102.0,10.0,7.1,5.9,3.3,1.3,55.0,29.0,176.0,1.0,756.0,15.9,43.8,58.0,21.0,36.2,2.2,104.2,143.2,13.0,1.0,1.0,1.0,83.0,12.1,21.0,227.0
534_4_2,534,4,2,terbinafine,Repeat,29 day,0,mg/kg,Control,terbinafine_Control_29 day,564,60,138.0,131,0.18,0.12,230,18.0,0.6,142.0,4.2,105.0,10.4,6.5,6.1,3.7,1.5,85.0,50.0,363.0,2.0,749.0,14.6,41.8,55.8,19.4,34.9,2.5,114.1,129.1,19.0,1.0,1.0,2.0,78.0,12.3,21.0,222.0
534_4_3,534,4,3,terbinafine,Repeat,29 day,0,mg/kg,Control,terbinafine_Control_29 day,720,53,129.0,123,0.15,0.09,233,18.0,0.6,140.0,4.3,104.0,10.4,7.3,6.2,3.3,1.1,64.0,29.0,269.0,1.0,741.0,15.2,43.7,59.1,20.5,34.7,2.4,137.7,132.5,11.0,1.0,1.0,2.0,86.0,12.2,20.1,247.0
534_4_4,534,4,4,terbinafine,Repeat,29 day,0,mg/kg,Control,terbinafine_Control_29 day,687,78,127.0,155,0.16,0.09,196,18.0,0.4,143.0,3.7,105.0,11.0,6.8,6.1,3.5,1.3,62.0,31.0,140.0,2.0,788.0,16.0,45.4,57.5,20.3,35.3,2.6,119.3,98.0,17.0,1.0,1.0,4.0,77.0,11.8,19.6,230.0
534_4_5,534,4,5,terbinafine,Repeat,29 day,0,mg/kg,Control,terbinafine_Control_29 day,723,67,94.0,130,0.15,0.07,206,18.0,0.5,143.0,3.9,106.0,10.6,6.9,5.8,3.5,1.5,63.0,30.0,174.0,1.0,754.0,15.8,44.1,58.5,21.0,35.9,2.8,105.3,173.4,19.0,2.0,1.0,3.0,76.0,11.7,18.4,227.0
545_1_1,545,1,1,danazol,Repeat,4 day,0,mg/kg,Control,danazol_Control_4 day,1444,82,131.0,154,0.0,0.0,205,20.0,0.2,142.0,4.1,104.0,11.3,7.5,5.7,3.2,1.2,63.0,40.0,234.0,1.0,650.0,13.0,39.7,61.1,19.9,32.7,6.3,125.2,75.1,13.0,1.0,0.0,3.0,82.0,15.2,25.3,296.0
545_1_2,545,1,2,danazol,Repeat,4 day,0,mg/kg,Control,danazol_Control_4 day,1327,62,103.0,149,0.02,0.0,197,18.0,0.2,143.0,3.9,105.0,11.1,8.1,5.6,3.2,1.3,72.0,51.0,199.0,3.0,660.0,13.9,43.8,66.4,21.1,31.8,7.0,105.3,89.0,15.0,1.0,0.0,2.0,81.0,15.5,23.0,310.0
545_1_3,545,1,3,danazol,Repeat,4 day,0,mg/kg,Control,danazol_Control_4 day,1615,77,103.0,142,0.0,0.0,180,17.0,0.2,143.0,4.3,106.0,10.9,7.3,5.5,3.0,1.2,78.0,51.0,167.0,2.0,633.0,13.5,40.3,63.6,21.4,33.6,7.2,116.6,79.1,15.0,0.0,0.0,2.0,81.0,15.6,24.1,316.0
545_1_4,545,1,4,danazol,Repeat,4 day,0,mg/kg,Control,danazol_Control_4 day,1621,76,73.0,136,0.01,0.0,216,21.0,0.2,142.0,4.2,108.0,11.0,8.1,5.6,3.1,1.2,71.0,39.0,204.0,1.0,635.0,13.5,41.4,65.1,21.2,32.6,6.9,122.3,93.3,28.0,1.0,0.0,4.0,65.0,15.4,24.2,312.0
545_1_5,545,1,5,danazol,Repeat,4 day,0,mg/kg,Control,danazol_Control_4 day,1177,64,68.0,119,0.01,0.0,190,21.0,0.2,143.0,4.4,106.0,10.9,8.2,5.3,3.0,1.3,78.0,48.0,146.0,1.0,621.0,12.9,39.0,62.9,20.8,33.0,6.1,134.0,67.5,15.0,1.0,0.0,4.0,78.0,15.7,23.0,288.0
545_2_1,545,2,1,danazol,Repeat,8 day,0,mg/kg,Control,danazol_Control_8 day,2412,67,150.0,144,0.01,0.0,189,21.0,0.2,142.0,4.7,108.0,10.4,7.2,5.4,3.0,1.3,69.0,41.0,195.0,1.0,687.0,14.1,41.9,61.0,20.6,33.7,5.6,116.8,131.7,14.0,1.0,0.0,2.0,83.0,15.6,21.6,294.0
545_2_2,545,2,2,danazol,Repeat,8 day,0,mg/kg,Control,danazol_Control_8 day,1589,75,81.0,151,0.0,0.0,214,20.0,0.2,141.0,4.5,105.0,10.5,6.8,5.4,2.8,1.0,76.0,44.0,218.0,2.0,652.0,13.7,40.5,62.2,20.9,33.7,6.9,101.5,88.3,9.0,1.0,0.0,3.0,86.0,15.1,22.1,312.0
545_2_3,545,2,3,danazol,Repeat,8 day,0,mg/kg,Control,danazol_Control_8 day,1735,91,107.0,177,0.0,0.0,200,19.0,0.2,142.0,4.4,105.0,10.6,7.0,5.9,3.0,1.1,66.0,39.0,187.0,1.0,678.0,14.0,40.6,59.9,20.7,34.5,5.5,113.5,135.3,13.0,1.0,0.0,3.0,83.0,15.3,24.1,309.0
545_2_4,545,2,4,danazol,Repeat,8 day,0,mg/kg,Control,danazol_Control_8 day,1404,102,106.0,179,0.0,0.0,195,22.0,0.1,142.0,4.3,106.0,10.8,7.7,5.6,3.1,1.2,68.0,46.0,178.0,2.0,682.0,13.5,39.9,58.5,19.8,33.8,5.9,105.6,138.6,32.0,1.0,0.0,4.0,63.0,15.0,23.2,314.0
545_2_5,545,2,5,danazol,Repeat,8 day,0,mg/kg,Control,danazol_Control_8 day,1679,67,90.0,134,0.01,0.0,216,24.0,0.2,142.0,4.3,104.0,10.6,7.4,5.3,3.0,1.3,69.0,40.0,142.0,2.0,695.0,13.9,41.0,59.0,20.1,34.0,5.5,145.2,80.1,26.0,1.0,0.0,3.0,69.0,15.2,23.0,285.0
545_3_1,545,3,1,danazol,Repeat,15 day,0,mg/kg,Control,danazol_Control_15 day,1783,86,150.0,180,0.0,0.0,203,19.0,0.2,141.0,4.4,103.0,10.9,8.3,6.0,3.2,1.1,54.0,34.0,165.0,2.0,637.0,14.1,40.2,63.1,22.2,35.2,4.7,125.2,139.5,13.0,0.0,0.0,2.0,84.0,15.1,23.2,310.0
545_3_2,545,3,2,danazol,Repeat,15 day,0,mg/kg,Control,danazol_Control_15 day,1408,61,124.0,135,0.01,0.0,208,19.0,0.2,141.0,4.3,105.0,10.9,6.7,5.8,3.1,1.1,67.0,35.0,159.0,4.0,709.0,14.0,40.9,57.7,19.8,34.3,3.7,122.1,101.4,18.0,1.0,0.0,2.0,79.0,15.9,23.9,304.0
545_3_3,545,3,3,danazol,Repeat,15 day,0,mg/kg,Control,danazol_Control_15 day,1206,83,128.0,168,0.0,0.0,182,22.0,0.2,143.0,3.9,106.0,10.5,7.1,5.6,2.9,1.1,70.0,40.0,211.0,3.0,730.0,15.0,43.4,59.5,20.5,34.5,3.7,124.1,124.4,10.0,1.0,0.0,2.0,86.0,15.3,23.7,353.0
545_3_4,545,3,4,danazol,Repeat,15 day,0,mg/kg,Control,danazol_Control_15 day,2104,64,168.0,144,0.0,0.0,179,21.0,0.2,142.0,4.4,107.0,10.8,6.7,5.7,3.0,1.1,67.0,35.0,192.0,4.0,667.0,14.3,40.2,60.3,21.5,35.6,2.9,133.6,144.4,12.0,1.0,0.0,2.0,83.0,15.3,24.7,347.0
545_3_5,545,3,5,danazol,Repeat,15 day,0,mg/kg,Control,danazol_Control_15 day,1518,78,129.0,163,0.01,0.0,169,17.0,0.2,144.0,4.2,106.0,11.1,7.0,6.1,3.3,1.1,70.0,40.0,206.0,2.0,686.0,14.9,42.7,62.3,21.7,34.8,3.8,115.4,100.9,14.0,1.0,0.0,2.0,83.0,14.8,27.7,314.0
545_4_1,545,4,1,danazol,Repeat,29 day,0,mg/kg,Control,danazol_Control_29 day,1912,81,162.0,167,0.0,0.0,206,20.0,0.1,141.0,3.8,105.0,10.8,6.6,5.9,2.9,1.0,52.0,35.0,115.0,4.0,748.0,14.4,41.3,55.3,19.3,34.9,2.1,112.2,90.9,15.0,1.0,0.0,2.0,82.0,15.8,21.6,314.0
545_4_2,545,4,2,danazol,Repeat,29 day,0,mg/kg,Control,danazol_Control_29 day,1426,58,68.0,111,0.0,0.0,196,16.0,0.3,143.0,3.5,107.0,10.1,5.8,5.7,2.8,1.0,81.0,48.0,160.0,3.0,709.0,14.0,41.1,58.0,19.8,34.1,1.9,104.3,126.2,24.0,1.0,0.0,2.0,73.0,15.8,23.9,264.0
545_4_3,545,4,3,danazol,Repeat,29 day,0,mg/kg,Control,danazol_Control_29 day,908,62,76.0,124,0.0,0.0,197,18.0,0.2,142.0,4.1,107.0,10.3,6.6,5.8,3.1,1.1,58.0,35.0,138.0,3.0,730.0,14.5,43.1,59.0,19.9,33.7,2.2,93.3,138.9,9.0,1.0,0.0,1.0,87.0,16.0,26.5,274.0
545_4_4,545,4,4,danazol,Repeat,29 day,0,mg/kg,Control,danazol_Control_29 day,1171,86,150.0,184,0.0,0.0,218,20.0,0.1,142.0,4.0,104.0,10.6,6.9,6.2,3.3,1.1,66.0,51.0,155.0,4.0,773.0,15.3,45.1,58.3,19.7,33.9,2.0,92.7,127.2,7.0,1.0,0.0,2.0,89.0,16.1,22.3,316.0
545_4_5,545,4,5,danazol,Repeat,29 day,0,mg/kg,Control,danazol_Control_29 day,1090,68,135.0,135,0.0,0.0,185,24.0,0.2,141.0,4.4,105.0,10.4,5.9,6.0,3.1,1.0,62.0,40.0,140.0,3.0,740.0,14.7,43.7,59.0,19.9,33.7,2.2,107.0,115.9,13.0,1.0,0.0,2.0,83.0,15.6,23.1,297.0
551_1_1,551,1,1,bendazac,Repeat,4 day,0,mg/kg,Control,bendazac_Control_4 day,898,68,178.0,165,0.32,0.03,223,18.0,0.5,139.0,4.6,103.0,10.8,7.3,5.7,3.8,2.0,69.0,44.0,119.0,1.0,668.0,14.4,42.4,63.5,21.6,34.1,5.3,150.6,100.0,12.0,1.0,0.0,9.0,78.0,11.9,18.2,214.0
551_1_2,551,1,2,bendazac,Repeat,4 day,0,mg/kg,Control,bendazac_Control_4 day,1064,77,172.0,171,0.26,0.0,196,17.0,0.6,139.0,4.8,103.0,10.7,7.1,5.8,3.8,1.9,75.0,45.0,113.0,1.0,669.0,14.4,42.7,63.8,21.6,33.8,6.3,121.6,99.9,20.0,1.0,0.0,12.0,67.0,11.5,17.2,215.0
551_1_3,551,1,3,bendazac,Repeat,4 day,0,mg/kg,Control,bendazac_Control_4 day,1393,84,128.0,171,0.4,0.03,221,17.0,0.6,140.0,4.9,104.0,11.2,8.3,5.6,3.9,2.3,77.0,45.0,105.0,1.0,659.0,14.2,42.1,63.8,21.5,33.7,7.5,101.2,62.7,13.0,1.0,0.0,10.0,76.0,11.8,18.6,243.0
551_1_4,551,1,4,bendazac,Repeat,4 day,0,mg/kg,Control,bendazac_Control_4 day,950,79,106.0,160,0.35,0.02,190,15.0,0.5,141.0,4.5,103.0,11.2,7.7,5.9,4.0,2.1,59.0,32.0,91.0,1.0,646.0,14.0,41.9,64.9,21.7,33.5,5.3,99.1,100.0,12.0,1.0,0.0,5.0,83.0,11.5,16.5,232.0
551_1_5,551,1,5,bendazac,Repeat,4 day,0,mg/kg,Control,bendazac_Control_4 day,992,83,55.0,147,0.39,0.03,204,16.0,0.4,140.0,4.7,104.0,10.8,8.3,5.7,3.9,2.2,63.0,41.0,79.0,2.0,666.0,13.9,43.9,65.9,20.8,31.6,8.2,127.9,106.0,12.0,2.0,0.0,5.0,82.0,11.4,17.0,212.0
551_2_1,551,2,1,bendazac,Repeat,8 day,0,mg/kg,Control,bendazac_Control_8 day,985,71,85.0,144,0.18,0.0,326,18.0,0.6,141.0,5.0,104.0,11.2,9.1,6.1,4.1,2.1,61.0,27.0,90.0,1.0,670.0,14.3,42.9,64.1,21.4,33.4,4.1,157.0,129.0,12.0,1.0,0.0,4.0,83.0,11.3,18.2,233.0
551_2_2,551,2,2,bendazac,Repeat,8 day,0,mg/kg,Control,bendazac_Control_8 day,792,64,95.0,139,0.33,0.0,193,19.0,0.5,141.0,4.7,104.0,10.9,7.4,5.7,3.9,2.2,64.0,31.0,84.0,1.0,665.0,14.2,40.4,60.7,21.4,35.2,4.5,140.1,78.1,8.0,1.0,0.0,4.0,87.0,11.5,16.4,224.0
551_2_3,551,2,3,bendazac,Repeat,8 day,0,mg/kg,Control,bendazac_Control_8 day,766,58,99.0,125,0.36,0.04,193,21.0,0.5,141.0,5.0,104.0,11.1,7.1,5.6,3.8,2.1,60.0,28.0,89.0,0.0,684.0,14.0,40.8,59.6,20.4,34.2,4.2,118.6,103.0,10.0,0.0,0.0,3.0,87.0,11.6,16.8,212.0
551_2_4,551,2,4,bendazac,Repeat,8 day,0,mg/kg,Control,bendazac_Control_8 day,737,82,139.0,167,0.22,0.01,206,22.0,0.5,143.0,4.4,102.0,11.7,8.9,6.0,4.0,2.0,61.0,32.0,80.0,2.0,595.0,13.5,40.2,67.6,22.8,33.7,6.3,109.4,71.4,19.0,1.0,0.0,13.0,68.0,11.7,16.6,244.0
551_2_5,551,2,5,bendazac,Repeat,8 day,0,mg/kg,Control,bendazac_Control_8 day,743,75,137.0,156,0.27,0.01,195,18.0,0.4,140.0,4.8,104.0,11.6,7.7,5.8,3.7,1.8,58.0,32.0,81.0,1.0,671.0,14.6,42.9,64.0,21.7,33.9,6.6,115.5,101.0,14.0,1.0,0.0,6.0,79.0,11.4,16.7,230.0
551_3_1,551,3,1,bendazac,Repeat,15 day,0,mg/kg,Control,bendazac_Control_15 day,816,73,198.0,158,0.36,0.0,201,21.0,0.6,140.0,5.1,106.0,10.1,6.2,6.2,3.5,1.3,65.0,30.0,112.0,1.0,717.0,14.6,42.8,59.7,20.4,34.1,4.2,126.9,118.0,12.0,0.0,0.0,6.0,81.0,11.1,17.3,243.0
551_3_2,551,3,2,bendazac,Repeat,15 day,0,mg/kg,Control,bendazac_Control_15 day,838,70,140.0,147,0.25,0.03,179,17.0,0.5,142.0,4.6,106.0,10.2,6.4,6.2,4.0,1.8,62.0,31.0,83.0,3.0,715.0,15.7,46.5,65.0,22.0,33.9,4.1,114.1,98.1,10.0,1.0,0.0,8.0,82.0,10.8,16.6,243.0
551_3_3,551,3,3,bendazac,Repeat,15 day,0,mg/kg,Control,bendazac_Control_15 day,766,66,99.0,137,0.3,0.0,183,19.0,0.5,141.0,4.7,106.0,10.3,7.3,6.1,3.7,1.5,61.0,35.0,96.0,3.0,665.0,14.4,42.3,63.6,21.6,34.0,3.7,112.6,117.0,11.0,1.0,0.0,13.0,75.0,11.0,16.2,246.0
551_3_4,551,3,4,bendazac,Repeat,15 day,0,mg/kg,Control,bendazac_Control_15 day,537,81,151.0,165,0.33,0.0,211,16.0,0.5,142.0,4.3,105.0,10.7,7.7,6.1,4.0,1.9,62.0,28.0,133.0,2.0,687.0,14.3,43.1,62.7,20.7,33.1,3.9,128.9,140.0,11.0,1.0,0.0,4.0,84.0,11.0,16.4,220.0
551_3_5,551,3,5,bendazac,Repeat,15 day,0,mg/kg,Control,bendazac_Control_15 day,792,84,178.0,183,0.31,0.0,212,18.0,0.5,141.0,4.7,104.0,10.8,8.0,6.2,3.8,1.6,56.0,36.0,87.0,3.0,638.0,13.6,40.3,63.2,21.3,33.7,5.8,131.3,131.0,15.0,1.0,0.0,4.0,80.0,10.9,19.7,228.0
551_4_1,551,4,1,bendazac,Repeat,29 day,0,mg/kg,Control,bendazac_Control_29 day,684,62,169.0,138,0.26,0.0,199,23.0,0.5,140.0,5.0,106.0,9.7,6.8,6.4,3.7,1.4,63.0,36.0,75.0,2.0,782.0,15.5,46.0,58.8,19.8,33.6,4.1,103.7,92.4,12.0,1.0,0.0,5.0,82.0,12.0,18.0,213.0
551_4_2,551,4,2,bendazac,Repeat,29 day,0,mg/kg,Control,bendazac_Control_29 day,506,65,125.0,127,0.26,0.02,185,18.0,0.6,141.0,4.3,105.0,10.3,6.4,6.2,3.4,1.2,63.0,31.0,54.0,1.0,779.0,15.5,45.4,58.3,19.8,34.0,3.7,116.4,132.0,10.0,1.0,0.0,5.0,84.0,11.6,18.4,229.0
551_4_3,551,4,3,bendazac,Repeat,29 day,0,mg/kg,Control,bendazac_Control_29 day,597,88,112.0,162,0.29,0.02,190,21.0,0.6,141.0,4.4,104.0,9.9,6.6,6.2,3.6,1.4,63.0,32.0,69.0,2.0,774.0,15.1,44.8,57.8,19.5,33.7,2.5,102.2,149.0,12.0,1.0,0.0,4.0,84.0,11.5,19.6,217.0
551_4_4,551,4,4,bendazac,Repeat,29 day,0,mg/kg,Control,bendazac_Control_29 day,502,69,124.0,145,0.26,0.01,175,17.0,0.6,141.0,4.4,106.0,10.1,5.6,6.1,3.7,1.5,54.0,25.0,58.0,2.0,782.0,15.7,46.1,59.0,20.1,34.0,2.2,126.6,89.6,14.0,1.0,0.0,5.0,79.0,11.8,17.2,214.0
551_4_5,551,4,5,bendazac,Repeat,29 day,0,mg/kg,Control,bendazac_Control_29 day,662,72,120.0,142,0.21,0.0,200,21.0,0.7,139.0,4.1,103.0,10.1,6.7,6.3,3.8,1.5,79.0,42.0,101.0,2.0,782.0,15.7,47.1,60.3,20.0,33.3,5.2,130.5,123.0,9.0,1.0,0.0,2.0,89.0,11.6,15.7,222.0
555_1_1,555,1,1,etoposide,Repeat,4 day,0,mg/kg,Control,etoposide_Control_4 day,964,64,152.0,131,0.3,0.0,220,19.0,0.6,140.0,4.6,103.0,10.6,7.1,5.6,3.6,1.8,68.0,39.0,117.0,1.0,571.0,12.9,37.5,65.7,22.6,34.4,7.9,111.1,119.0,8.0,1.0,0.0,14.0,77.0,11.9,17.3,210.0
555_1_2,555,1,2,etoposide,Repeat,4 day,0,mg/kg,Control,etoposide_Control_4 day,884,95,129.0,161,0.33,0.03,184,19.0,0.5,140.0,4.7,101.0,10.8,7.5,5.6,3.4,1.6,57.0,31.0,74.0,1.0,657.0,13.2,39.7,60.4,20.1,33.2,6.6,121.7,124.0,10.0,1.0,0.0,2.0,87.0,11.4,16.0,220.0
555_1_3,555,1,3,etoposide,Repeat,4 day,0,mg/kg,Control,etoposide_Control_4 day,994,83,79.0,148,0.24,0.02,179,20.0,0.5,140.0,4.9,106.0,10.9,6.9,5.7,3.7,1.9,67.0,33.0,100.0,1.0,665.0,14.1,41.5,62.3,21.2,34.0,6.1,147.5,95.8,19.0,2.0,0.0,16.0,63.0,10.9,17.6,219.0
555_1_4,555,1,4,etoposide,Repeat,4 day,0,mg/kg,Control,etoposide_Control_4 day,899,78,73.0,142,0.32,0.04,196,18.0,0.5,141.0,4.4,105.0,10.9,7.8,5.6,3.6,1.8,69.0,34.0,108.0,2.0,632.0,13.9,40.9,64.6,22.0,34.0,6.2,112.9,81.4,14.0,1.0,0.0,7.0,78.0,11.8,16.1,216.0
555_1_5,555,1,5,etoposide,Repeat,4 day,0,mg/kg,Control,etoposide_Control_4 day,898,75,63.0,140,0.27,0.04,185,18.0,0.5,139.0,4.7,103.0,10.9,7.4,5.7,3.5,1.6,57.0,35.0,86.0,1.0,641.0,14.2,42.0,65.6,22.1,33.8,7.0,124.9,81.3,18.0,1.0,0.0,8.0,73.0,12.0,17.2,206.0
555_2_1,555,2,1,etoposide,Repeat,8 day,0,mg/kg,Control,etoposide_Control_8 day,793,103,159.0,190,0.29,0.0,230,23.0,0.5,138.0,5.2,103.0,10.0,7.4,5.9,3.6,1.6,60.0,34.0,108.0,2.0,654.0,13.7,40.4,61.8,20.9,33.8,5.7,113.9,106.0,10.0,1.0,0.0,5.0,84.0,11.3,17.6,205.0
555_2_2,555,2,2,etoposide,Repeat,8 day,0,mg/kg,Control,etoposide_Control_8 day,1287,86,100.0,166,0.36,0.05,221,16.0,0.5,142.0,4.4,105.0,10.5,7.4,5.7,3.6,1.7,67.0,40.0,93.0,1.0,663.0,14.1,41.2,62.2,21.3,34.2,7.2,137.3,126.0,17.0,1.0,0.0,7.0,75.0,11.4,16.1,225.0
555_2_3,555,2,3,etoposide,Repeat,8 day,0,mg/kg,Control,etoposide_Control_8 day,913,69,163.0,150,0.32,0.05,194,17.0,0.5,140.0,5.0,105.0,10.5,6.8,5.6,3.6,1.8,58.0,32.0,91.0,1.0,637.0,13.9,40.6,63.8,21.9,34.3,5.4,124.8,201.0,10.0,1.0,0.0,7.0,82.0,11.7,18.3,225.0
555_2_4,555,2,4,etoposide,Repeat,8 day,0,mg/kg,Control,etoposide_Control_8 day,972,71,76.0,143,0.33,0.07,225,18.0,0.4,140.0,4.5,104.0,10.3,7.3,5.9,3.5,1.5,65.0,39.0,79.0,2.0,661.0,14.2,41.8,63.3,21.5,33.9,5.8,124.6,95.6,20.0,2.0,0.0,6.0,72.0,11.7,17.3,224.0
555_2_5,555,2,5,etoposide,Repeat,8 day,0,mg/kg,Control,etoposide_Control_8 day,877,85,113.0,169,0.32,0.1,211,15.0,0.5,140.0,4.7,105.0,10.5,7.1,5.6,3.4,1.6,59.0,34.0,90.0,2.0,614.0,13.3,38.7,63.0,21.7,34.4,6.3,111.1,88.9,9.0,1.0,0.0,5.0,85.0,11.5,16.5,225.0
555_3_1,555,3,1,etoposide,Repeat,15 day,0,mg/kg,Control,etoposide_Control_15 day,984,71,181.0,159,0.34,0.02,231,19.0,0.6,141.0,4.7,105.0,10.2,7.1,6.1,3.8,1.7,65.0,33.0,100.0,1.0,685.0,14.6,43.2,63.1,21.3,33.7,4.3,113.3,123.0,14.0,2.0,0.0,13.0,70.0,11.3,17.2,258.0
555_3_2,555,3,2,etoposide,Repeat,15 day,0,mg/kg,Control,etoposide_Control_15 day,739,101,104.0,193,0.32,0.0,187,21.0,0.5,143.0,4.4,105.0,10.7,6.9,5.8,3.5,1.5,64.0,42.0,90.0,2.0,657.0,14.2,42.1,64.1,21.6,33.7,5.8,122.7,101.0,10.0,1.0,0.0,2.0,86.0,10.9,17.8,220.0
555_3_3,555,3,3,etoposide,Repeat,15 day,0,mg/kg,Control,etoposide_Control_15 day,590,82,95.0,159,0.3,0.04,174,19.0,0.5,142.0,4.7,106.0,10.3,6.2,5.8,3.6,1.6,54.0,32.0,73.0,2.0,743.0,15.5,45.2,60.9,20.8,34.2,4.1,120.1,109.0,16.0,1.0,0.0,7.0,76.0,11.4,17.2,223.0
555_3_4,555,3,4,etoposide,Repeat,15 day,0,mg/kg,Control,etoposide_Control_15 day,639,88,63.0,150,0.41,0.05,188,20.0,0.5,141.0,4.8,104.0,10.6,6.0,6.1,3.8,1.7,62.0,29.0,71.0,2.0,728.0,14.5,43.0,59.1,19.9,33.7,4.4,114.3,130.0,10.0,2.0,0.0,5.0,84.0,11.5,16.7,228.0
555_3_5,555,3,5,etoposide,Repeat,15 day,0,mg/kg,Control,etoposide_Control_15 day,911,65,46.0,123,0.27,0.02,213,18.0,0.6,141.0,4.3,105.0,10.2,6.5,5.9,3.5,1.5,64.0,36.0,63.0,2.0,729.0,15.1,43.7,59.9,20.7,34.5,3.0,118.9,83.8,19.0,2.0,0.0,7.0,72.0,11.7,17.3,201.0
555_4_1,555,4,1,etoposide,Repeat,29 day,0,mg/kg,Control,etoposide_Control_29 day,624,83,134.0,161,0.3,0.01,211,21.0,0.7,142.0,4.6,106.0,10.4,6.3,6.1,3.6,1.4,68.0,30.0,112.0,2.0,735.0,14.6,42.9,58.4,19.9,34.0,7.0,91.7,160.0,7.0,2.0,0.0,4.0,88.0,11.5,18.7,224.0
555_4_2,555,4,2,etoposide,Repeat,29 day,0,mg/kg,Control,etoposide_Control_29 day,545,70,237.0,165,0.34,0.06,223,29.0,0.7,143.0,4.3,105.0,10.9,7.2,6.4,3.8,1.5,61.0,32.0,111.0,2.0,771.0,15.4,45.8,59.4,19.9,33.5,6.4,110.8,129.0,9.0,2.0,0.0,6.0,83.0,11.6,14.2,218.0
555_4_3,555,4,3,etoposide,Repeat,29 day,0,mg/kg,Control,etoposide_Control_29 day,597,85,138.0,158,0.29,0.03,205,21.0,0.6,141.0,5.1,106.0,10.3,6.2,6.0,3.6,1.5,63.0,29.0,91.0,1.0,746.0,14.7,43.7,58.6,19.7,33.7,7.0,114.4,101.0,19.0,1.0,0.0,7.0,73.0,11.6,16.4,214.0
555_4_4,555,4,4,etoposide,Repeat,29 day,0,mg/kg,Control,etoposide_Control_29 day,557,60,122.0,132,0.31,0.01,191,20.0,0.5,143.0,4.6,107.0,10.5,5.7,6.0,3.5,1.4,63.0,31.0,47.0,2.0,759.0,15.5,45.2,59.6,20.5,34.4,6.4,101.1,96.3,11.0,2.0,0.0,8.0,80.0,12.3,21.8,204.0
555_4_5,555,4,5,etoposide,Repeat,29 day,0,mg/kg,Control,etoposide_Control_29 day,513,71,183.0,161,0.3,0.02,191,17.0,0.5,139.0,4.2,101.0,10.7,7.4,6.3,3.7,1.4,57.0,35.0,66.0,2.0,821.0,15.9,46.9,57.1,19.4,33.9,4.2,137.9,100.0,15.0,2.0,0.0,6.0,76.0,11.8,19.7,250.0
569_1_1,569,1,1,acetamidofluorene,Repeat,4 day,0,mg/kg,Control,acetamidofluorene_Control_4 day,802,91,66.0,174,0.14,0.08,218,16.0,0.5,140.0,4.4,101.0,10.8,7.5,5.9,3.6,1.6,70.0,30.0,228.0,1.0,638.0,14.1,40.3,63.2,22.0,34.9,6.3,140.6,74.6,16.0,1.0,1.0,3.0,79.0,11.4,20.8,203.0
569_1_2,569,1,2,acetamidofluorene,Repeat,4 day,0,mg/kg,Control,acetamidofluorene_Control_4 day,935,90,140.0,172,0.18,0.15,205,15.0,0.4,141.0,3.9,102.0,11.0,8.7,5.8,3.5,1.5,73.0,47.0,254.0,2.0,633.0,13.5,38.6,60.9,21.3,34.9,6.1,123.8,118.9,15.0,1.0,1.0,3.0,81.0,11.2,19.6,240.0
569_1_3,569,1,3,acetamidofluorene,Repeat,4 day,0,mg/kg,Control,acetamidofluorene_Control_4 day,856,64,57.0,133,0.15,0.09,198,15.0,0.5,141.0,4.3,104.0,11.1,7.2,5.7,3.6,1.7,94.0,45.0,281.0,1.0,634.0,14.2,40.4,63.7,22.3,35.0,5.3,129.5,135.5,11.0,1.0,1.0,3.0,83.0,11.4,20.5,216.0
569_1_4,569,1,4,acetamidofluorene,Repeat,4 day,0,mg/kg,Control,acetamidofluorene_Control_4 day,994,93,200.0,200,0.2,0.12,201,17.0,0.5,141.0,4.3,99.0,11.5,8.4,6.1,3.7,1.5,63.0,41.0,155.0,1.0,669.0,14.4,41.9,62.6,21.6,34.5,6.2,106.4,92.7,10.0,2.0,1.0,4.0,83.0,11.2,20.0,247.0
569_1_5,569,1,5,acetamidofluorene,Repeat,4 day,0,mg/kg,Control,acetamidofluorene_Control_4 day,981,71,60.0,136,0.14,0.07,220,13.0,0.4,143.0,3.8,103.0,10.6,8.4,5.5,3.4,1.6,66.0,28.0,168.0,1.0,668.0,13.7,40.7,61.0,20.5,33.7,4.9,134.8,106.1,11.0,1.0,1.0,2.0,85.0,11.5,18.7,230.0
569_2_1,569,2,1,acetamidofluorene,Repeat,8 day,0,mg/kg,Control,acetamidofluorene_Control_8 day,978,53,133.0,123,0.18,0.11,222,14.0,0.4,140.0,4.5,103.0,10.8,7.5,5.7,3.2,1.3,57.0,35.0,168.0,2.0,626.0,13.8,39.4,62.9,22.1,35.1,5.2,128.5,84.3,7.0,1.0,0.0,2.0,89.0,11.5,19.6,233.0
569_2_2,569,2,2,acetamidofluorene,Repeat,8 day,0,mg/kg,Control,acetamidofluorene_Control_8 day,910,74,114.0,147,0.14,0.07,181,13.0,0.4,140.0,4.1,103.0,10.8,7.1,5.8,3.3,1.3,62.0,36.0,204.0,2.0,629.0,13.7,39.3,62.6,21.8,34.8,6.7,154.5,224.4,12.0,1.0,1.0,2.0,84.0,11.7,18.7,302.0
569_2_3,569,2,3,acetamidofluorene,Repeat,8 day,0,mg/kg,Control,acetamidofluorene_Control_8 day,901,71,109.0,146,0.18,0.1,201,14.0,0.4,141.0,4.0,102.0,10.9,8.2,5.8,3.5,1.5,69.0,33.0,160.0,1.0,648.0,13.9,39.1,60.3,21.5,35.6,5.8,136.0,101.3,17.0,1.0,0.0,3.0,79.0,11.7,20.6,227.0
569_2_4,569,2,4,acetamidofluorene,Repeat,8 day,0,mg/kg,Control,acetamidofluorene_Control_8 day,877,58,73.0,124,0.11,0.05,207,13.0,0.4,140.0,4.0,104.0,10.8,7.9,5.8,3.5,1.5,68.0,40.0,265.0,1.0,663.0,14.8,41.8,63.1,22.3,35.3,5.5,145.1,86.1,17.0,1.0,0.0,2.0,79.0,11.7,20.4,227.0
569_2_5,569,2,5,acetamidofluorene,Repeat,8 day,0,mg/kg,Control,acetamidofluorene_Control_8 day,908,68,52.0,142,0.12,0.05,195,14.0,0.4,141.0,4.0,104.0,10.4,6.8,5.4,3.3,1.6,69.0,35.0,143.0,1.0,649.0,14.1,39.9,61.4,21.7,35.3,4.7,127.8,77.3,12.0,1.0,1.0,3.0,83.0,11.7,19.2,221.0
569_3_1,569,3,1,acetamidofluorene,Repeat,15 day,0,mg/kg,Control,acetamidofluorene_Control_15 day,1267,57,245.0,139,0.22,0.16,203,16.0,0.5,141.0,4.0,102.0,10.6,6.8,5.7,3.4,1.5,64.0,33.0,158.0,1.0,712.0,14.7,41.8,58.7,20.7,35.2,3.7,127.5,134.2,13.0,1.0,1.0,2.0,83.0,11.7,20.6,231.0
569_3_2,569,3,2,acetamidofluorene,Repeat,15 day,0,mg/kg,Control,acetamidofluorene_Control_15 day,814,70,112.0,137,0.16,0.11,194,16.0,0.5,142.0,4.1,103.0,10.5,6.9,6.0,3.7,1.6,69.0,40.0,199.0,1.0,695.0,14.8,41.7,60.0,21.3,35.4,4.2,133.6,102.3,9.0,1.0,1.0,2.0,85.0,11.9,20.9,225.0
569_3_3,569,3,3,acetamidofluorene,Repeat,15 day,0,mg/kg,Control,acetamidofluorene_Control_15 day,894,85,99.0,154,0.17,0.12,200,17.0,0.5,142.0,4.1,104.0,10.6,7.6,6.0,3.5,1.4,61.0,34.0,149.0,2.0,730.0,14.9,43.5,59.6,20.4,34.3,4.6,113.7,81.8,12.0,1.0,1.0,2.0,84.0,11.8,22.9,228.0
569_3_4,569,3,4,acetamidofluorene,Repeat,15 day,0,mg/kg,Control,acetamidofluorene_Control_15 day,734,62,89.0,124,0.14,0.08,206,14.0,0.5,142.0,3.9,105.0,10.8,7.7,5.8,3.3,1.3,67.0,34.0,200.0,1.0,703.0,14.2,40.8,58.0,20.2,34.7,4.0,109.2,91.9,11.0,1.0,1.0,3.0,85.0,11.9,21.4,214.0
569_3_5,569,3,5,acetamidofluorene,Repeat,15 day,0,mg/kg,Control,acetamidofluorene_Control_15 day,692,74,145.0,162,0.15,0.08,178,14.0,0.4,141.0,4.4,103.0,10.8,7.7,6.2,3.6,1.4,61.0,34.0,142.0,1.0,742.0,14.8,43.7,58.8,19.9,33.9,3.3,102.6,74.0,18.0,1.0,0.0,2.0,77.0,11.8,19.1,231.0
569_4_1,569,4,1,acetamidofluorene,Repeat,29 day,0,mg/kg,Control,acetamidofluorene_Control_29 day,590,72,126.0,153,0.15,0.1,351,21.0,0.5,139.0,4.0,100.0,10.1,7.5,5.5,3.1,1.3,57.0,30.0,154.0,1.0,711.0,14.0,41.0,57.6,19.7,34.3,2.5,95.5,164.4,9.0,1.0,1.0,2.0,86.0,11.6,19.7,204.0
569_4_2,569,4,2,acetamidofluorene,Repeat,29 day,0,mg/kg,Control,acetamidofluorene_Control_29 day,498,81,125.0,163,0.15,0.1,207,17.0,0.4,140.0,3.8,101.0,10.5,6.5,5.9,3.5,1.5,69.0,32.0,204.0,1.0,776.0,15.3,43.9,56.5,19.8,35.0,2.8,99.4,109.8,16.0,1.0,1.0,2.0,80.0,11.6,19.1,234.0
569_4_3,569,4,3,acetamidofluorene,Repeat,29 day,0,mg/kg,Control,acetamidofluorene_Control_29 day,651,68,85.0,137,0.15,0.1,250,22.0,0.5,140.0,4.3,103.0,10.4,7.5,6.1,3.6,1.4,61.0,34.0,235.0,1.0,776.0,14.7,42.5,54.8,19.0,34.7,3.0,105.4,127.7,11.0,1.0,1.0,2.0,84.0,11.2,20.2,225.0
569_4_4,569,4,4,acetamidofluorene,Repeat,29 day,0,mg/kg,Control,acetamidofluorene_Control_29 day,526,63,72.0,128,0.14,0.07,272,18.0,0.4,143.0,3.3,107.0,10.3,7.3,5.7,3.3,1.4,62.0,26.0,219.0,1.0,748.0,14.6,42.5,56.8,19.5,34.4,2.2,115.2,99.5,20.0,1.0,0.0,3.0,76.0,11.7,19.5,202.0
569_4_5,569,4,5,acetamidofluorene,Repeat,29 day,0,mg/kg,Control,acetamidofluorene_Control_29 day,792,65,131.0,136,0.14,0.09,245,17.0,0.4,140.0,3.7,101.0,10.5,7.0,5.8,3.3,1.3,60.0,32.0,160.0,1.0,750.0,15.7,45.0,60.0,20.9,34.9,2.6,106.4,111.2,10.0,1.0,1.0,2.0,86.0,11.7,25.4,214.0
571_1_1,571,1,1,nitrosodiethylamine,Repeat,4 day,0,mg/kg,Control,nitrosodiethylamine_Control_4 day,957,101,74.0,189,0.13,0.08,217,18.0,0.4,140.0,4.4,102.0,10.6,8.3,5.4,3.3,1.6,66.0,35.0,222.0,1.0,614.0,13.6,39.0,63.6,22.2,34.9,5.9,122.5,101.2,10.0,1.0,1.0,3.0,85.0,12.0,19.8,211.0
571_1_2,571,1,2,nitrosodiethylamine,Repeat,4 day,0,mg/kg,Control,nitrosodiethylamine_Control_4 day,1183,87,67.0,157,0.13,0.08,212,15.0,0.4,142.0,3.6,104.0,10.7,7.4,5.7,3.3,1.4,70.0,34.0,213.0,1.0,639.0,13.8,40.1,62.7,21.6,34.5,5.5,134.4,90.1,14.0,1.0,0.0,3.0,81.0,11.6,18.7,222.0
571_1_3,571,1,3,nitrosodiethylamine,Repeat,4 day,0,mg/kg,Control,nitrosodiethylamine_Control_4 day,911,84,64.0,138,0.13,0.08,191,16.0,0.4,139.0,4.2,102.0,10.8,7.5,5.8,3.6,1.6,65.0,38.0,178.0,1.0,683.0,13.9,40.3,59.1,20.4,34.5,5.9,147.3,65.1,20.0,1.0,1.0,2.0,76.0,12.2,16.4,214.0
571_1_4,571,1,4,nitrosodiethylamine,Repeat,4 day,0,mg/kg,Control,nitrosodiethylamine_Control_4 day,899,69,105.0,142,0.17,0.12,191,17.0,0.4,141.0,4.0,102.0,11.0,8.0,5.6,3.5,1.7,66.0,39.0,237.0,1.0,631.0,14.1,40.4,64.0,22.4,35.0,5.8,129.9,76.6,21.0,1.0,1.0,2.0,75.0,12.4,19.6,222.0
571_1_5,571,1,5,nitrosodiethylamine,Repeat,4 day,0,mg/kg,Control,nitrosodiethylamine_Control_4 day,860,72,86.0,139,0.12,0.09,192,15.0,0.4,139.0,3.9,101.0,10.7,9.0,5.3,3.3,1.6,68.0,33.0,206.0,1.0,627.0,13.6,38.9,62.1,21.7,34.9,6.0,141.0,105.8,23.0,2.0,1.0,3.0,71.0,11.8,17.2,222.0
571_2_1,571,2,1,nitrosodiethylamine,Repeat,8 day,0,mg/kg,Control,nitrosodiethylamine_Control_8 day,734,92,127.0,170,0.21,0.14,202,19.0,0.5,141.0,4.0,102.0,10.6,9.6,5.5,3.4,1.6,68.0,32.0,242.0,1.0,634.0,13.4,39.4,62.2,21.1,34.0,6.8,147.7,109.2,15.0,1.0,0.0,2.0,81.0,11.6,19.2,222.0
571_2_2,571,2,2,nitrosodiethylamine,Repeat,8 day,0,mg/kg,Control,nitrosodiethylamine_Control_8 day,836,59,89.0,112,0.17,0.11,197,19.0,0.4,141.0,4.3,104.0,10.1,7.6,5.2,3.1,1.5,66.0,28.0,181.0,1.0,625.0,13.2,38.0,60.7,21.1,34.8,4.7,133.3,149.3,11.0,1.0,0.0,2.0,85.0,12.1,21.6,202.0
571_2_3,571,2,3,nitrosodiethylamine,Repeat,8 day,0,mg/kg,Control,nitrosodiethylamine_Control_8 day,1020,87,113.0,164,0.16,0.11,193,15.0,0.4,140.0,4.3,102.0,10.5,7.6,5.6,3.4,1.5,63.0,31.0,193.0,1.0,642.0,13.7,39.6,61.6,21.4,34.7,5.9,144.4,92.1,16.0,1.0,0.0,3.0,79.0,11.5,20.6,237.0
571_2_4,571,2,4,nitrosodiethylamine,Repeat,8 day,0,mg/kg,Control,nitrosodiethylamine_Control_8 day,758,74,86.0,137,0.13,0.07,200,11.0,0.4,141.0,4.1,103.0,10.3,9.3,5.6,3.2,1.3,67.0,32.0,200.0,1.0,638.0,13.6,38.3,60.1,21.3,35.4,5.3,147.4,112.1,16.0,1.0,0.0,2.0,80.0,12.4,22.4,204.0
571_2_5,571,2,5,nitrosodiethylamine,Repeat,8 day,0,mg/kg,Control,nitrosodiethylamine_Control_8 day,968,104,99.0,182,0.15,0.08,182,11.0,0.4,142.0,4.0,105.0,10.6,8.2,5.6,3.5,1.7,67.0,38.0,134.0,1.0,631.0,13.6,38.1,60.4,21.5,35.6,6.4,141.6,83.2,22.0,1.0,0.0,3.0,73.0,11.2,19.0,222.0
571_3_1,571,3,1,nitrosodiethylamine,Repeat,15 day,0,mg/kg,Control,nitrosodiethylamine_Control_15 day,627,66,83.0,127,0.15,0.1,226,19.0,0.5,141.0,4.4,102.0,10.4,7.5,5.7,3.4,1.5,60.0,24.0,230.0,1.0,705.0,15.0,43.3,61.4,21.2,34.6,4.3,119.5,129.5,11.0,1.0,1.0,2.0,84.0,12.0,20.9,222.0
571_3_2,571,3,2,nitrosodiethylamine,Repeat,15 day,0,mg/kg,Control,nitrosodiethylamine_Control_15 day,618,63,109.0,141,0.14,0.08,198,15.0,0.5,141.0,3.9,100.0,10.5,7.8,5.9,3.5,1.5,81.0,36.0,169.0,1.0,701.0,14.3,40.5,57.8,20.4,35.4,4.7,124.2,126.9,13.0,0.0,1.0,1.0,84.0,12.2,21.9,209.0
571_3_3,571,3,3,nitrosodiethylamine,Repeat,15 day,0,mg/kg,Control,nitrosodiethylamine_Control_15 day,803,69,63.0,131,0.12,0.07,206,14.0,0.5,142.0,3.9,103.0,11.0,8.7,5.6,3.4,1.5,53.0,28.0,205.0,1.0,646.0,13.9,39.8,61.5,21.5,35.0,4.9,125.9,73.9,12.0,1.0,1.0,2.0,83.0,12.1,20.1,202.0
571_3_4,571,3,4,nitrosodiethylamine,Repeat,15 day,0,mg/kg,Control,nitrosodiethylamine_Control_15 day,782,83,129.0,165,0.16,0.1,209,14.0,0.4,143.0,3.6,101.0,10.7,7.4,5.9,3.4,1.4,64.0,32.0,227.0,1.0,739.0,15.2,43.4,58.7,20.6,35.0,3.6,127.9,68.4,18.0,1.0,1.0,2.0,78.0,12.1,22.5,222.0
571_3_5,571,3,5,nitrosodiethylamine,Repeat,15 day,0,mg/kg,Control,nitrosodiethylamine_Control_15 day,614,83,84.0,158,0.14,0.08,186,13.0,0.4,141.0,4.3,102.0,10.5,8.5,5.9,3.4,1.4,63.0,35.0,161.0,1.0,694.0,14.9,42.3,61.0,21.4,35.1,4.1,123.7,72.3,15.0,1.0,1.0,2.0,81.0,11.8,22.9,228.0
571_4_1,571,4,1,nitrosodiethylamine,Repeat,29 day,0,mg/kg,Control,nitrosodiethylamine_Control_29 day,635,66,115.0,128,0.16,0.1,209,17.0,0.5,141.0,3.6,103.0,10.2,7.5,6.0,3.6,1.5,55.0,24.0,174.0,1.0,729.0,15.7,42.6,58.5,21.5,36.8,2.8,106.6,84.6,11.0,1.0,1.0,3.0,84.0,11.6,27.8,222.0
571_4_2,571,4,2,nitrosodiethylamine,Repeat,29 day,0,mg/kg,Control,nitrosodiethylamine_Control_29 day,599,78,93.0,136,0.15,0.09,212,20.0,0.5,142.0,3.6,104.0,10.1,7.0,5.8,3.5,1.5,55.0,27.0,224.0,1.0,732.0,15.1,40.5,55.3,20.6,37.2,2.8,115.3,90.0,9.0,2.0,1.0,1.0,87.0,11.7,18.5,237.0
571_4_3,571,4,3,nitrosodiethylamine,Repeat,29 day,0,mg/kg,Control,nitrosodiethylamine_Control_29 day,750,66,90.0,131,0.14,0.08,208,17.0,0.5,142.0,3.7,103.0,10.2,5.9,6.0,3.3,1.2,74.0,37.0,199.0,1.0,778.0,15.4,42.3,54.3,19.7,36.3,2.4,96.4,63.2,17.0,2.0,1.0,2.0,78.0,11.7,22.9,204.0
571_4_4,571,4,4,nitrosodiethylamine,Repeat,29 day,0,mg/kg,Control,nitrosodiethylamine_Control_29 day,504,69,104.0,126,0.13,0.07,201,17.0,0.5,140.0,3.7,102.0,10.4,7.3,6.5,3.4,1.1,65.0,38.0,122.0,2.0,786.0,15.7,43.4,55.3,20.0,36.2,2.5,121.9,70.7,13.0,1.0,1.0,2.0,83.0,11.9,20.8,225.0
571_4_5,571,4,5,nitrosodiethylamine,Repeat,29 day,0,mg/kg,Control,nitrosodiethylamine_Control_29 day,546,83,118.0,155,0.18,0.12,212,16.0,0.5,140.0,3.8,103.0,10.5,6.6,6.4,3.6,1.3,69.0,39.0,296.0,1.0,768.0,15.5,42.6,55.4,20.2,36.5,2.6,102.6,96.6,24.0,1.0,0.0,2.0,72.0,11.2,19.5,237.0
573_1_1,573,1,1,ticlopidine,Repeat,4 day,0,mg/kg,Control,ticlopidine_Control_4 day,968,68,109.0,149,0.11,0.06,214,24.0,0.4,139.0,4.9,101.0,10.4,8.8,5.3,3.3,1.6,65.0,40.0,130.0,2.0,609.0,13.4,37.1,60.9,22.0,36.2,6.4,116.9,218.2,20.0,1.0,1.0,3.0,75.0,11.8,20.3,206.0
573_1_2,573,1,2,ticlopidine,Repeat,4 day,0,mg/kg,Control,ticlopidine_Control_4 day,1029,61,111.0,140,0.11,0.07,196,15.0,0.4,141.0,4.5,103.0,11.0,7.7,5.8,3.5,1.5,70.0,38.0,132.0,1.0,625.0,14.1,39.3,62.8,22.5,35.8,5.5,138.3,106.7,12.0,1.0,1.0,3.0,83.0,11.4,19.6,204.0
573_1_3,573,1,3,ticlopidine,Repeat,4 day,0,mg/kg,Control,ticlopidine_Control_4 day,897,87,106.0,169,0.12,0.08,206,16.0,0.4,142.0,4.6,105.0,10.8,7.6,5.4,3.5,1.8,75.0,45.0,86.0,1.0,632.0,13.4,37.9,60.1,21.2,35.3,6.4,119.5,110.5,21.0,1.0,0.0,4.0,74.0,11.3,18.5,222.0
573_1_4,573,1,4,ticlopidine,Repeat,4 day,0,mg/kg,Control,ticlopidine_Control_4 day,860,62,64.0,131,0.11,0.07,202,15.0,0.3,143.0,4.1,105.0,10.7,9.2,5.2,3.1,1.5,67.0,41.0,168.0,1.0,638.0,13.5,37.9,59.4,21.2,35.7,6.0,110.7,112.1,15.0,1.0,0.0,3.0,78.0,11.8,18.9,204.0
573_1_5,573,1,5,ticlopidine,Repeat,4 day,0,mg/kg,Control,ticlopidine_Control_4 day,1413,71,119.0,154,0.12,0.07,209,15.0,0.3,143.0,3.8,104.0,11.2,9.6,5.6,3.5,1.7,74.0,50.0,128.0,1.0,609.0,13.8,38.6,63.3,22.7,35.9,6.9,153.8,97.6,17.0,1.0,1.0,3.0,78.0,12.1,24.7,219.0
573_2_1,573,2,1,ticlopidine,Repeat,8 day,0,mg/kg,Control,ticlopidine_Control_8 day,945,77,100.0,160,0.1,0.06,218,16.0,0.4,142.0,3.7,103.0,10.9,7.1,5.7,3.3,1.4,70.0,39.0,128.0,2.0,715.0,14.7,40.2,56.1,20.5,36.5,4.4,126.0,96.9,14.0,1.0,1.0,3.0,81.0,11.2,19.6,243.0
573_2_2,573,2,2,ticlopidine,Repeat,8 day,0,mg/kg,Control,ticlopidine_Control_8 day,1542,89,88.0,165,0.1,0.06,188,16.0,0.4,141.0,3.9,103.0,10.9,6.2,5.6,3.3,1.4,83.0,39.0,114.0,1.0,638.0,14.0,38.5,60.3,22.0,36.5,5.1,131.9,109.8,10.0,1.0,1.0,2.0,86.0,11.3,19.6,214.0
573_2_3,573,2,3,ticlopidine,Repeat,8 day,0,mg/kg,Control,ticlopidine_Control_8 day,975,69,67.0,143,0.12,0.08,186,15.0,0.4,143.0,3.7,105.0,10.6,6.2,5.9,3.8,1.8,83.0,46.0,130.0,1.0,672.0,14.4,39.7,59.1,21.5,36.4,3.9,123.8,110.7,13.0,1.0,1.0,2.0,82.0,11.3,18.7,225.0
573_2_4,573,2,4,ticlopidine,Repeat,8 day,0,mg/kg,Control,ticlopidine_Control_8 day,1181,66,65.0,141,0.11,0.07,184,12.0,0.3,140.0,4.3,102.0,10.4,7.4,5.7,3.5,1.6,84.0,47.0,210.0,1.0,607.0,13.1,36.0,59.3,21.5,36.3,5.7,138.3,119.8,20.0,1.0,1.0,3.0,74.0,11.8,23.1,228.0
573_2_5,573,2,5,ticlopidine,Repeat,8 day,0,mg/kg,Control,ticlopidine_Control_8 day,1237,88,88.0,158,0.1,0.06,201,16.0,0.4,141.0,3.8,103.0,10.6,7.7,5.5,3.3,1.5,88.0,53.0,141.0,1.0,658.0,13.7,37.8,57.5,20.8,36.3,4.4,115.2,80.5,10.0,1.0,1.0,2.0,85.0,11.3,22.7,211.0
573_3_1,573,3,1,ticlopidine,Repeat,15 day,0,mg/kg,Control,ticlopidine_Control_15 day,755,71,96.0,143,0.1,0.06,236,20.0,0.5,141.0,4.9,102.0,10.4,7.6,5.6,3.2,1.3,74.0,35.0,151.0,1.0,659.0,14.6,40.6,61.7,22.1,35.9,4.6,115.4,130.6,15.0,1.0,1.0,3.0,79.0,11.2,19.7,231.0
573_3_2,573,3,2,ticlopidine,Repeat,15 day,0,mg/kg,Control,ticlopidine_Control_15 day,813,54,113.0,120,0.1,0.05,220,16.0,0.5,144.0,3.7,105.0,10.6,7.4,5.6,3.4,1.5,63.0,29.0,172.0,2.0,667.0,14.0,38.8,58.2,20.9,36.0,4.5,114.6,126.7,13.0,0.0,1.0,3.0,82.0,11.8,21.2,225.0
573_3_3,573,3,3,ticlopidine,Repeat,15 day,0,mg/kg,Control,ticlopidine_Control_15 day,954,58,154.0,128,0.09,0.05,211,17.0,0.4,141.0,4.6,105.0,10.2,7.0,5.6,3.4,1.5,69.0,32.0,161.0,1.0,733.0,14.4,40.1,54.7,19.7,36.0,3.9,115.9,81.1,17.0,1.0,1.0,2.0,79.0,11.8,23.0,214.0
573_3_4,573,3,4,ticlopidine,Repeat,15 day,0,mg/kg,Control,ticlopidine_Control_15 day,778,83,112.0,158,0.11,0.07,195,16.0,0.4,143.0,4.2,105.0,10.6,7.3,5.8,3.5,1.5,65.0,27.0,166.0,1.0,698.0,14.9,40.0,57.3,21.4,37.3,4.0,106.5,126.3,23.0,1.0,1.0,3.0,72.0,11.5,21.2,219.0
573_3_5,573,3,5,ticlopidine,Repeat,15 day,0,mg/kg,Control,ticlopidine_Control_15 day,902,60,95.0,141,0.09,0.05,217,17.0,0.4,141.0,4.6,103.0,11.0,8.4,5.6,3.3,1.4,80.0,45.0,126.0,1.0,649.0,13.7,38.2,58.8,21.2,36.0,4.5,128.0,144.5,12.0,1.0,1.0,3.0,82.0,11.6,18.1,214.0
573_4_1,573,4,1,ticlopidine,Repeat,29 day,0,mg/kg,Control,ticlopidine_Control_29 day,921,63,121.0,127,0.11,0.07,232,19.0,0.6,140.0,4.2,103.0,10.5,6.8,6.0,3.5,1.4,55.0,30.0,144.0,1.0,696.0,15.8,40.8,58.5,22.7,38.7,2.6,110.2,77.8,9.0,1.0,1.0,2.0,87.0,11.6,19.0,243.0
573_4_2,573,4,2,ticlopidine,Repeat,29 day,0,mg/kg,Control,ticlopidine_Control_29 day,642,53,165.0,121,0.1,0.06,195,18.0,0.5,142.0,3.7,103.0,11.0,7.0,6.1,3.5,1.3,61.0,27.0,189.0,1.0,688.0,14.5,39.0,56.6,21.1,37.3,2.8,102.8,113.5,16.0,1.0,1.0,2.0,80.0,11.8,17.3,231.0
573_4_3,573,4,3,ticlopidine,Repeat,29 day,0,mg/kg,Control,ticlopidine_Control_29 day,808,73,104.0,145,0.11,0.07,222,18.0,0.6,142.0,3.7,105.0,11.1,6.6,6.4,3.8,1.5,59.0,29.0,157.0,1.0,789.0,15.9,43.3,54.8,20.2,36.8,2.7,90.6,114.7,24.0,1.0,1.0,2.0,71.0,11.0,16.6,237.0
573_4_4,573,4,4,ticlopidine,Repeat,29 day,0,mg/kg,Control,ticlopidine_Control_29 day,596,68,138.0,144,0.12,0.08,201,17.0,0.5,142.0,3.5,104.0,10.7,6.3,6.0,3.5,1.4,54.0,28.0,214.0,0.0,792.0,16.2,42.9,54.2,20.5,37.9,2.6,123.5,97.1,11.0,1.0,1.0,2.0,84.0,11.6,18.5,231.0
573_4_5,573,4,5,ticlopidine,Repeat,29 day,0,mg/kg,Control,ticlopidine_Control_29 day,747,58,106.0,129,0.1,0.06,222,19.0,0.5,142.0,4.1,104.0,10.5,6.7,5.9,3.5,1.5,64.0,34.0,137.0,1.0,752.0,15.1,41.0,54.5,20.1,36.9,2.7,106.7,82.1,17.0,1.0,0.0,2.0,79.0,11.6,19.2,225.0
579_1_1,579,1,1,bromoethylamine,Repeat,4 day,0,mg/kg,Control,bromoethylamine_Control_4 day,1782,60,52.0,114,0.0,0.0,184,15.0,0.2,141.0,4.2,104.0,10.9,7.5,5.7,3.2,1.3,72.0,49.0,176.0,2.0,647.0,13.5,38.8,59.9,20.8,34.8,4.9,120.0,105.8,16.0,1.0,0.0,2.0,81.0,16.1,24.2,260.0
579_1_2,579,1,2,bromoethylamine,Repeat,4 day,0,mg/kg,Control,bromoethylamine_Control_4 day,1700,64,34.0,124,0.01,0.0,179,15.0,0.2,142.0,4.5,110.0,10.1,7.4,5.2,2.9,1.2,81.0,53.0,137.0,1.0,648.0,13.5,39.6,61.1,20.8,34.1,4.3,120.4,118.7,6.0,1.0,0.0,1.0,91.0,16.2,25.1,274.0
579_1_3,579,1,3,bromoethylamine,Repeat,4 day,0,mg/kg,Control,bromoethylamine_Control_4 day,2278,80,83.0,144,0.01,0.0,186,17.0,0.2,140.0,5.0,105.0,10.5,8.0,5.3,2.8,1.1,74.0,43.0,162.0,1.0,620.0,12.8,37.5,60.5,20.7,34.2,5.0,114.3,135.4,16.0,1.0,0.0,2.0,79.0,16.8,23.0,235.0
579_1_4,579,1,4,bromoethylamine,Repeat,4 day,0,mg/kg,Control,bromoethylamine_Control_4 day,1762,75,104.0,148,0.01,0.0,178,19.0,0.2,141.0,5.1,105.0,11.1,7.9,5.3,2.9,1.2,70.0,46.0,191.0,2.0,632.0,13.3,38.7,61.2,21.0,34.4,5.6,121.7,120.9,13.0,1.0,0.0,3.0,81.0,16.1,23.9,280.0
579_1_5,579,1,5,bromoethylamine,Repeat,4 day,0,mg/kg,Control,bromoethylamine_Control_4 day,1571,63,107.0,130,0.0,0.0,178,14.0,0.2,143.0,4.5,106.0,10.9,7.5,5.8,3.0,1.1,64.0,35.0,184.0,1.0,659.0,14.3,41.7,63.2,21.7,34.4,4.2,137.8,99.5,17.0,1.0,0.0,2.0,79.0,16.5,22.3,404.0
579_2_1,579,2,1,bromoethylamine,Repeat,8 day,0,mg/kg,Control,bromoethylamine_Control_8 day,1618,86,59.0,143,0.02,0.0,190,15.0,0.2,140.0,4.0,106.0,10.7,7.2,5.7,2.9,1.0,70.0,39.0,191.0,2.0,650.0,13.4,39.2,60.2,20.6,34.2,4.6,137.4,119.4,11.0,1.0,0.0,2.0,84.0,15.4,22.9,309.0
579_2_2,579,2,2,bromoethylamine,Repeat,8 day,0,mg/kg,Control,bromoethylamine_Control_8 day,2022,74,131.0,154,0.0,0.0,189,19.0,0.2,141.0,4.7,105.0,10.5,6.6,5.4,2.9,1.1,72.0,36.0,210.0,2.0,677.0,14.3,41.3,61.0,21.1,34.6,4.0,107.2,102.7,13.0,1.0,0.0,2.0,84.0,16.7,23.1,284.0
579_2_3,579,2,3,bromoethylamine,Repeat,8 day,0,mg/kg,Control,bromoethylamine_Control_8 day,1438,58,88.0,116,0.01,0.0,198,16.0,0.2,140.0,4.8,103.0,10.6,7.5,5.4,2.9,1.1,64.0,42.0,173.0,3.0,634.0,13.5,39.5,62.3,21.3,34.2,5.0,138.6,79.9,19.0,1.0,0.0,2.0,78.0,15.9,22.0,293.0
579_2_4,579,2,4,bromoethylamine,Repeat,8 day,0,mg/kg,Control,bromoethylamine_Control_8 day,1330,66,92.0,131,0.01,0.0,183,17.0,0.2,139.0,5.2,104.0,10.8,7.2,5.4,2.9,1.2,69.0,44.0,145.0,3.0,619.0,13.2,37.8,61.1,21.4,35.0,4.4,150.8,124.4,9.0,1.0,0.0,3.0,86.0,16.1,23.0,273.0
579_2_5,579,2,5,bromoethylamine,Repeat,8 day,0,mg/kg,Control,bromoethylamine_Control_8 day,1419,72,104.0,149,0.0,0.0,181,21.0,0.2,139.0,4.6,105.0,10.8,6.1,5.7,3.0,1.2,66.0,34.0,234.0,2.0,667.0,13.9,39.9,59.9,20.8,34.8,3.8,128.8,142.2,14.0,1.0,0.0,3.0,82.0,15.5,25.2,285.0
579_3_1,579,3,1,bromoethylamine,Repeat,15 day,0,mg/kg,Control,bromoethylamine_Control_15 day,1215,68,98.0,137,0.0,0.0,187,18.0,0.2,142.0,4.8,106.0,10.6,7.5,5.7,3.0,1.1,64.0,36.0,159.0,2.0,686.0,14.7,42.1,61.4,21.4,34.9,3.7,109.4,96.1,10.0,1.0,0.0,2.0,86.0,15.7,23.0,290.0
579_3_2,579,3,2,bromoethylamine,Repeat,15 day,0,mg/kg,Control,bromoethylamine_Control_15 day,1130,79,108.0,149,0.01,0.0,194,17.0,0.2,144.0,4.1,106.0,10.9,7.6,5.9,3.0,1.1,67.0,39.0,135.0,4.0,683.0,14.0,40.2,58.9,20.6,34.9,3.9,120.3,80.9,12.0,0.0,0.0,2.0,84.0,15.8,26.8,327.0
579_3_3,579,3,3,bromoethylamine,Repeat,15 day,0,mg/kg,Control,bromoethylamine_Control_15 day,1205,76,91.0,146,0.0,0.0,180,20.0,0.2,144.0,4.5,105.0,11.3,7.4,6.2,3.1,1.0,74.0,48.0,140.0,3.0,637.0,13.5,38.8,60.9,21.2,34.8,4.0,137.1,107.2,14.0,2.0,0.0,2.0,82.0,15.8,23.7,297.0
579_3_4,579,3,4,bromoethylamine,Repeat,15 day,0,mg/kg,Control,bromoethylamine_Control_15 day,1352,59,71.0,116,0.0,0.0,166,20.0,0.2,144.0,4.8,107.0,10.9,7.1,5.5,3.1,1.3,75.0,32.0,151.0,2.0,690.0,13.3,38.0,55.1,19.3,35.0,2.9,123.5,77.8,9.0,1.0,0.0,2.0,87.0,16.4,22.5,281.0
579_3_5,579,3,5,bromoethylamine,Repeat,15 day,0,mg/kg,Control,bromoethylamine_Control_15 day,1439,76,121.0,148,0.01,0.0,192,17.0,0.2,145.0,4.3,106.0,10.8,7.3,5.7,3.1,1.2,84.0,55.0,295.0,1.0,705.0,14.4,41.4,58.8,20.5,34.9,3.4,99.4,84.2,8.0,2.0,0.0,3.0,86.0,15.7,23.5,310.0
579_4_1,579,4,1,bromoethylamine,Repeat,29 day,0,mg/kg,Control,bromoethylamine_Control_29 day,1190,60,196.0,140,0.01,0.0,224,19.0,0.2,143.0,4.4,104.0,10.4,6.1,6.1,3.2,1.1,62.0,42.0,130.0,3.0,732.0,15.7,42.9,58.6,21.4,36.6,2.5,89.6,117.9,12.0,1.0,0.0,2.0,84.0,16.9,24.0,317.0
579_4_2,579,4,2,bromoethylamine,Repeat,29 day,0,mg/kg,Control,bromoethylamine_Control_29 day,1173,63,165.0,141,0.01,0.0,194,21.0,0.2,143.0,4.7,104.0,10.7,7.6,6.1,3.1,1.0,77.0,44.0,172.0,3.0,796.0,15.9,44.8,56.3,20.0,35.5,2.7,108.2,132.2,14.0,4.0,0.0,3.0,79.0,16.7,25.9,309.0
579_4_3,579,4,3,bromoethylamine,Repeat,29 day,0,mg/kg,Control,bromoethylamine_Control_29 day,1520,78,41.0,135,0.02,0.0,190,19.0,0.2,145.0,4.1,104.0,10.4,6.6,6.0,3.0,1.0,71.0,40.0,132.0,3.0,752.0,15.4,41.4,55.0,20.5,37.2,2.6,112.8,138.3,10.0,2.0,0.0,2.0,86.0,16.9,26.7,287.0
579_4_4,579,4,4,bromoethylamine,Repeat,29 day,0,mg/kg,Control,bromoethylamine_Control_29 day,1123,61,105.0,134,0.01,0.0,195,20.0,0.2,144.0,4.3,104.0,10.5,5.8,6.0,3.3,1.2,64.0,32.0,205.0,3.0,741.0,15.3,40.7,54.9,20.6,37.6,2.1,116.8,138.4,9.0,1.0,0.0,1.0,88.0,16.4,25.6,290.0
579_4_5,579,4,5,bromoethylamine,Repeat,29 day,0,mg/kg,Control,bromoethylamine_Control_29 day,1215,68,115.0,135,0.0,0.0,214,19.0,0.2,146.0,3.7,106.0,10.0,5.9,5.8,3.0,1.1,65.0,38.0,96.0,2.0,790.0,16.1,42.8,54.2,20.3,37.5,1.7,75.6,103.7,9.0,1.0,0.0,2.0,87.0,16.5,25.4,282.0
585_1_1,585,1,1,ethionamide,Repeat,4 day,0,mg/kg,Control,ethionamide_Control_4 day,728,86,122.0,151,0.35,0.01,205,20.0,0.5,139.0,5.0,105.0,10.5,6.1,5.7,3.7,1.9,57.0,33.0,75.0,1.0,610.0,13.7,40.1,65.7,22.5,34.2,12.2,112.2,132.0,15.0,2.0,0.0,5.0,78.0,12.0,18.6,201.0
585_1_2,585,1,2,ethionamide,Repeat,4 day,0,mg/kg,Control,ethionamide_Control_4 day,636,71,77.0,139,0.29,0.01,173,20.0,0.6,142.0,4.5,106.0,11.0,6.3,5.9,3.0,1.0,66.0,44.0,116.0,4.0,562.0,11.9,35.1,62.4,21.3,34.1,13.3,146.1,172.0,37.0,1.0,0.0,12.0,51.0,12.6,16.1,412.0
585_1_3,585,1,3,ethionamide,Repeat,4 day,0,mg/kg,Control,ethionamide_Control_4 day,903,78,107.0,154,0.25,0.03,195,19.0,0.5,142.0,4.5,103.0,11.2,8.1,5.8,3.7,1.8,66.0,36.0,62.0,1.0,618.0,13.3,40.2,65.0,21.4,33.0,9.8,119.5,99.0,11.0,0.0,0.0,6.0,83.0,11.5,17.1,214.0
585_1_4,585,1,4,ethionamide,Repeat,4 day,0,mg/kg,Control,ethionamide_Control_4 day,824,78,101.0,155,0.32,0.01,191,16.0,0.5,141.0,4.4,105.0,11.0,7.2,5.8,3.8,1.9,60.0,39.0,71.0,1.0,576.0,13.1,38.1,66.2,22.8,34.4,17.3,123.2,134.0,13.0,1.0,0.0,7.0,79.0,11.7,18.1,227.0
585_1_5,585,1,5,ethionamide,Repeat,4 day,0,mg/kg,Control,ethionamide_Control_4 day,1168,90,88.0,166,0.29,0.03,179,16.0,0.5,141.0,4.5,104.0,11.1,8.7,5.8,3.6,1.6,65.0,43.0,77.0,3.0,640.0,13.9,41.1,64.3,21.8,33.9,8.4,138.9,114.0,17.0,1.0,0.0,8.0,74.0,11.5,16.4,256.0
585_2_1,585,2,1,ethionamide,Repeat,8 day,0,mg/kg,Control,ethionamide_Control_8 day,1014,66,118.0,142,0.27,0.06,218,16.0,0.5,141.0,4.3,104.0,10.1,7.7,6.3,4.0,1.7,58.0,35.0,93.0,2.0,747.0,14.9,44.4,59.4,19.9,33.6,1.9,127.4,118.0,10.0,1.0,0.0,6.0,83.0,11.4,17.0,214.0
585_2_2,585,2,2,ethionamide,Repeat,8 day,0,mg/kg,Control,ethionamide_Control_8 day,1032,67,181.0,146,0.26,0.03,182,20.0,0.4,140.0,5.0,106.0,10.3,7.4,5.9,3.6,1.6,67.0,30.0,83.0,2.0,644.0,13.9,41.1,63.9,21.6,33.8,4.9,93.9,93.8,14.0,1.0,0.0,9.0,76.0,11.7,15.9,209.0
585_2_3,585,2,3,ethionamide,Repeat,8 day,0,mg/kg,Control,ethionamide_Control_8 day,712,59,91.0,126,0.29,0.1,202,19.0,0.4,141.0,5.0,105.0,9.9,6.7,5.9,3.6,1.6,65.0,29.0,66.0,2.0,623.0,13.7,39.8,63.9,22.1,34.5,4.1,138.3,100.0,22.0,1.0,0.0,6.0,71.0,11.8,18.5,223.0
585_2_4,585,2,4,ethionamide,Repeat,8 day,0,mg/kg,Control,ethionamide_Control_8 day,735,107,87.0,183,0.32,0.09,180,17.0,0.3,140.0,4.5,104.0,10.4,7.3,5.9,3.5,1.5,49.0,28.0,62.0,2.0,631.0,14.2,41.2,65.3,22.5,34.4,3.9,103.8,94.8,8.0,1.0,0.0,10.0,81.0,11.3,17.9,233.0
585_2_5,585,2,5,ethionamide,Repeat,8 day,0,mg/kg,Control,ethionamide_Control_8 day,691,72,170.0,170,0.39,0.04,196,20.0,0.3,138.0,5.0,100.0,10.4,7.3,6.0,3.6,1.5,53.0,32.0,69.0,2.0,663.0,14.0,41.2,62.2,21.1,33.8,4.0,134.4,130.0,11.0,1.0,0.0,9.0,79.0,11.2,18.2,213.0
585_3_1,585,3,1,ethionamide,Repeat,15 day,0,mg/kg,Control,ethionamide_Control_15 day,829,53,109.0,124,0.33,0.05,194,21.0,0.4,143.0,4.8,107.0,10.5,6.6,5.9,3.9,2.0,59.0,28.0,100.0,1.0,702.0,14.5,42.7,60.8,20.6,33.9,4.0,119.1,135.0,8.0,1.0,0.0,8.0,84.0,12.0,18.5,223.0
585_3_2,585,3,2,ethionamide,Repeat,15 day,0,mg/kg,Control,ethionamide_Control_15 day,902,90,80.0,168,0.26,0.04,189,22.0,0.5,143.0,4.7,106.0,10.9,6.9,6.1,4.1,2.1,67.0,35.0,50.0,1.0,765.0,15.5,45.1,59.0,20.3,34.3,3.3,122.7,146.0,9.0,1.0,0.0,3.0,87.0,11.7,17.2,209.0
585_3_3,585,3,3,ethionamide,Repeat,15 day,0,mg/kg,Control,ethionamide_Control_15 day,684,68,212.0,155,0.36,0.04,199,20.0,0.5,140.0,5.0,104.0,10.8,6.7,5.8,4.1,2.4,52.0,30.0,65.0,1.0,686.0,14.6,43.3,63.1,21.2,33.6,4.3,114.6,149.0,20.0,1.0,0.0,4.0,75.0,12.3,18.2,191.0
585_3_4,585,3,4,ethionamide,Repeat,15 day,0,mg/kg,Control,ethionamide_Control_15 day,679,67,59.0,138,0.32,0.09,204,18.0,0.6,143.0,4.4,105.0,10.7,6.9,5.8,4.2,2.6,64.0,34.0,75.0,3.0,722.0,14.8,43.5,60.3,20.5,34.1,3.9,130.5,109.0,14.0,1.0,0.0,6.0,79.0,11.9,18.7,225.0
585_3_5,585,3,5,ethionamide,Repeat,15 day,0,mg/kg,Control,ethionamide_Control_15 day,698,66,98.0,146,0.33,0.04,195,18.0,0.5,141.0,4.7,106.0,10.6,6.7,5.6,4.0,2.5,68.0,33.0,53.0,1.0,719.0,14.4,43.5,60.6,20.0,33.0,4.3,116.0,75.3,20.0,1.0,0.0,6.0,73.0,12.3,20.9,229.0
585_4_1,585,4,1,ethionamide,Repeat,29 day,0,mg/kg,Control,ethionamide_Control_29 day,579,61,228.0,141,0.29,0.0,194,24.0,0.5,140.0,5.1,103.0,10.2,7.0,6.3,4.0,1.7,50.0,29.0,76.0,1.0,807.0,16.1,46.9,58.0,20.0,34.4,4.8,129.0,131.0,8.0,2.0,0.0,11.0,79.0,11.7,18.1,231.0
585_4_2,585,4,2,ethionamide,Repeat,29 day,0,mg/kg,Control,ethionamide_Control_29 day,590,71,177.0,146,0.31,0.0,199,22.0,0.6,140.0,4.6,107.0,9.6,5.2,5.9,4.0,2.1,66.0,40.0,121.0,2.0,787.0,15.8,46.8,59.5,20.1,33.7,4.8,92.5,85.7,13.0,1.0,0.0,6.0,80.0,12.0,19.0,216.0
585_4_3,585,4,3,ethionamide,Repeat,29 day,0,mg/kg,Control,ethionamide_Control_29 day,487,71,181.0,157,0.28,0.03,197,20.0,0.6,141.0,4.5,105.0,10.7,6.1,6.3,4.0,1.7,59.0,34.0,67.0,2.0,820.0,15.6,46.1,56.3,19.0,33.9,6.3,129.7,158.0,14.0,1.0,0.0,3.0,83.0,12.1,18.1,226.0
585_4_4,585,4,4,ethionamide,Repeat,29 day,0,mg/kg,Control,ethionamide_Control_29 day,413,79,134.0,139,0.34,0.06,188,19.0,0.5,140.0,4.4,103.0,10.2,5.9,6.1,3.8,1.7,49.0,27.0,54.0,2.0,778.0,15.4,44.8,57.6,19.7,34.3,4.7,109.6,107.0,16.0,2.0,0.0,5.0,77.0,11.7,19.0,268.0
585_4_5,585,4,5,ethionamide,Repeat,29 day,0,mg/kg,Control,ethionamide_Control_29 day,548,63,66.0,123,0.34,0.01,219,21.0,0.7,141.0,4.2,104.0,10.2,5.9,6.3,4.2,2.0,54.0,28.0,56.0,2.0,789.0,15.3,45.2,57.3,19.4,33.8,3.4,119.7,131.0,15.0,2.0,0.0,8.0,75.0,12.1,18.6,238.0
587_1_1,587,1,1,nimesulide,Repeat,4 day,0,mg/kg,Control,nimesulide_Control_4 day,939,70,112.0,143,0.29,0.08,231,15.0,0.5,139.0,4.6,107.0,10.6,6.7,5.6,4.1,2.7,60.0,32.0,90.0,3.0,666.0,14.0,41.4,62.1,21.0,33.9,8.2,120.6,77.5,11.0,1.0,0.0,5.0,83.0,11.8,18.6,195.0
587_1_2,587,1,2,nimesulide,Repeat,4 day,0,mg/kg,Control,nimesulide_Control_4 day,1190,85,88.0,157,0.34,0.07,183,17.0,0.6,139.0,4.5,104.0,10.8,7.9,5.5,4.0,2.7,65.0,40.0,89.0,1.0,625.0,13.4,39.7,63.6,21.4,33.7,7.5,147.0,143.0,12.0,1.0,0.0,5.0,82.0,11.6,17.1,190.0
587_1_3,587,1,3,nimesulide,Repeat,4 day,0,mg/kg,Control,nimesulide_Control_4 day,1072,66,56.0,124,0.31,0.04,203,20.0,0.6,139.0,5.5,106.0,10.6,7.5,5.4,4.0,2.9,67.0,42.0,79.0,1.0,606.0,13.2,39.0,64.4,21.8,33.9,10.4,126.2,97.1,19.0,1.0,0.0,8.0,72.0,11.6,16.8,205.0
587_1_4,587,1,4,nimesulide,Repeat,4 day,0,mg/kg,Control,nimesulide_Control_4 day,936,65,71.0,128,0.35,0.05,196,18.0,0.6,141.0,4.6,105.0,10.9,7.2,5.7,4.0,2.4,62.0,30.0,82.0,1.0,680.0,14.2,41.5,60.9,20.8,34.2,10.6,127.4,98.2,17.0,1.0,0.0,8.0,74.0,11.0,15.7,211.0
587_1_5,587,1,5,nimesulide,Repeat,4 day,0,mg/kg,Control,nimesulide_Control_4 day,843,59,35.0,109,0.32,0.08,202,18.0,0.5,139.0,4.5,103.0,10.7,8.4,5.4,4.0,2.9,64.0,40.0,68.0,1.0,601.0,12.9,37.9,63.1,21.5,34.1,9.2,116.4,73.1,15.0,1.0,0.0,5.0,79.0,12.4,18.1,196.0
587_2_1,587,2,1,nimesulide,Repeat,8 day,0,mg/kg,Control,nimesulide_Control_8 day,938,81,143.0,156,0.31,0.0,221,19.0,0.6,141.0,5.0,106.0,10.2,6.5,5.8,3.9,2.1,60.0,41.0,71.0,1.0,632.0,14.1,40.9,64.6,22.3,34.5,7.5,114.7,188.0,12.0,1.0,0.0,6.0,82.0,11.3,17.2,220.0
587_2_2,587,2,2,nimesulide,Repeat,8 day,0,mg/kg,Control,nimesulide_Control_8 day,910,82,141.0,163,0.27,0.03,189,19.0,0.5,142.0,4.9,107.0,10.2,7.1,5.6,4.1,2.7,62.0,33.0,81.0,1.0,664.0,14.5,42.8,64.5,21.9,33.9,6.0,118.5,118.0,11.0,1.0,0.0,6.0,82.0,11.3,16.9,221.0
587_2_3,587,2,3,nimesulide,Repeat,8 day,0,mg/kg,Control,nimesulide_Control_8 day,901,66,75.0,123,0.34,0.02,189,19.0,0.6,139.0,5.4,106.0,10.3,6.5,5.5,3.9,2.4,66.0,32.0,68.0,1.0,636.0,14.4,41.9,65.9,22.7,34.4,7.5,123.6,122.0,20.0,1.0,0.0,16.0,63.0,11.4,17.6,214.0
587_2_4,587,2,4,nimesulide,Repeat,8 day,0,mg/kg,Control,nimesulide_Control_8 day,914,78,98.0,158,0.35,0.03,191,22.0,0.6,142.0,4.9,105.0,10.8,7.0,5.9,4.2,2.5,55.0,28.0,95.0,2.0,649.0,13.7,40.9,63.0,21.1,33.5,6.9,115.3,108.0,10.0,1.0,0.0,14.0,75.0,11.9,23.9,213.0
587_2_5,587,2,5,nimesulide,Repeat,8 day,0,mg/kg,Control,nimesulide_Control_8 day,719,89,86.0,169,0.35,0.07,197,17.0,0.5,138.0,4.8,102.0,10.8,7.9,5.6,3.8,2.1,78.0,43.0,144.0,2.0,631.0,14.1,41.5,65.8,22.4,34.1,8.0,115.9,136.0,10.0,1.0,0.0,5.0,84.0,10.8,15.8,232.0
587_3_1,587,3,1,nimesulide,Repeat,15 day,0,mg/kg,Control,nimesulide_Control_15 day,908,57,131.0,132,0.35,0.0,207,19.0,0.5,140.0,4.8,106.0,10.1,6.6,5.9,3.9,2.0,64.0,29.0,65.0,1.0,644.0,14.5,41.9,65.1,22.5,34.6,7.7,101.8,155.0,15.0,1.0,0.0,4.0,80.0,11.8,17.6,240.0
587_3_2,587,3,2,nimesulide,Repeat,15 day,0,mg/kg,Control,nimesulide_Control_15 day,963,69,225.0,160,0.34,0.0,195,19.0,0.5,141.0,4.4,106.0,10.8,6.8,6.2,4.1,2.0,64.0,32.0,62.0,1.0,710.0,14.8,43.9,61.8,20.8,33.7,5.5,128.1,81.1,12.0,1.0,0.0,7.0,80.0,11.7,17.0,253.0
587_3_3,587,3,3,nimesulide,Repeat,15 day,0,mg/kg,Control,nimesulide_Control_15 day,943,62,86.0,126,0.31,0.0,198,15.0,0.6,141.0,5.0,109.0,10.6,7.0,5.7,3.9,2.2,55.0,25.0,46.0,1.0,676.0,15.2,43.8,64.7,22.5,34.7,6.4,108.5,124.0,20.0,2.0,0.0,8.0,70.0,11.8,17.3,216.0
587_3_4,587,3,4,nimesulide,Repeat,15 day,0,mg/kg,Control,nimesulide_Control_15 day,828,68,65.0,125,0.3,0.0,183,16.0,0.5,141.0,4.6,106.0,10.6,6.9,5.8,3.9,2.1,57.0,29.0,48.0,1.0,727.0,14.1,41.9,57.7,19.4,33.6,7.1,133.1,77.8,8.0,1.0,0.0,5.0,86.0,11.7,17.0,216.0
587_3_5,587,3,5,nimesulide,Repeat,15 day,0,mg/kg,Control,nimesulide_Control_15 day,851,71,115.0,162,0.25,0.01,214,18.0,0.6,140.0,4.5,105.0,11.2,8.8,5.9,4.1,2.3,60.0,27.0,49.0,1.0,692.0,14.8,44.3,64.0,21.4,33.5,6.9,119.5,152.0,14.0,1.0,0.0,7.0,79.0,11.8,18.3,246.0
587_4_1,587,4,1,nimesulide,Repeat,29 day,0,mg/kg,Control,nimesulide_Control_29 day,712,68,183.0,146,0.29,0.0,196,21.0,0.6,145.0,4.6,108.0,10.4,6.2,6.1,3.9,1.8,52.0,24.0,83.0,3.0,757.0,15.2,44.8,59.2,20.1,33.9,2.9,105.6,109.0,14.0,2.0,0.0,4.0,81.0,11.8,17.7,206.0
587_4_2,587,4,2,nimesulide,Repeat,29 day,0,mg/kg,Control,nimesulide_Control_29 day,522,79,241.0,172,0.29,0.0,213,20.0,0.7,144.0,4.6,107.0,10.6,7.4,6.6,4.2,1.8,54.0,25.0,88.0,1.0,754.0,14.9,43.8,58.1,19.8,34.0,3.2,118.8,133.0,16.0,1.0,0.0,7.0,76.0,11.4,18.6,232.0
587_4_3,587,4,3,nimesulide,Repeat,29 day,0,mg/kg,Control,nimesulide_Control_29 day,797,69,152.0,141,0.34,0.01,190,21.0,0.6,145.0,4.8,109.0,10.5,5.8,5.9,4.1,2.3,59.0,27.0,67.0,1.0,778.0,15.5,46.6,59.9,19.9,33.2,2.6,168.5,131.0,7.0,1.0,0.0,5.0,87.0,12.3,15.9,200.0
587_4_4,587,4,4,nimesulide,Repeat,29 day,0,mg/kg,Control,nimesulide_Control_29 day,550,96,120.0,177,0.3,0.0,208,19.0,0.5,144.0,4.6,106.0,10.9,6.7,6.1,4.3,2.4,73.0,37.0,70.0,2.0,779.0,15.7,46.4,59.5,20.1,33.8,2.5,122.6,100.0,17.0,2.0,0.0,9.0,72.0,11.0,16.7,250.0
587_4_5,587,4,5,nimesulide,Repeat,29 day,0,mg/kg,Control,nimesulide_Control_29 day,556,54,106.0,124,0.29,0.02,193,20.0,0.7,141.0,4.9,111.0,10.3,6.7,5.5,3.8,2.2,71.0,32.0,82.0,2.0,737.0,14.3,41.4,56.1,19.4,34.5,2.5,117.0,128.0,8.0,1.0,0.0,4.0,87.0,11.8,18.2,181.0
589_1_1,589,1,1,ethanol,Repeat,4 day,0,mg/kg,Control,ethanol_Control_4 day,1173,79,186.0,154,0.22,0.0,233,18.0,0.5,139.0,4.7,104.0,10.5,7.9,5.7,3.9,2.2,65.0,47.0,87.0,1.0,639.0,13.8,40.4,63.2,21.7,34.3,5.9,114.6,65.4,14.0,1.0,0.0,1.0,84.0,11.5,16.6,207.0
589_1_2,589,1,2,ethanol,Repeat,4 day,0,mg/kg,Control,ethanol_Control_4 day,1134,90,94.0,165,0.29,0.03,191,19.0,0.5,141.0,4.8,106.0,10.8,6.6,5.6,3.8,2.1,59.0,35.0,69.0,2.0,675.0,14.3,42.6,63.1,21.1,33.5,5.8,110.5,89.9,14.0,1.0,0.0,7.0,78.0,10.8,17.5,194.0
589_1_3,589,1,3,ethanol,Repeat,4 day,0,mg/kg,Control,ethanol_Control_4 day,680,88,84.0,159,0.26,0.07,199,23.0,0.6,142.0,4.8,105.0,10.9,9.0,5.8,3.9,2.1,64.0,34.0,91.0,1.0,677.0,14.5,42.6,62.9,21.3,33.9,9.0,115.0,88.4,21.0,1.0,0.0,10.0,68.0,10.8,17.2,207.0
589_1_4,589,1,4,ethanol,Repeat,4 day,0,mg/kg,Control,ethanol_Control_4 day,680,74,57.0,141,0.31,0.06,202,19.0,0.6,143.0,4.1,103.0,11.6,10.0,5.5,3.9,2.4,60.0,41.0,76.0,1.0,648.0,13.9,42.2,65.0,21.4,32.9,6.2,99.7,76.8,18.0,1.0,0.0,7.0,74.0,10.9,17.5,210.0
589_1_5,589,1,5,ethanol,Repeat,4 day,0,mg/kg,Control,ethanol_Control_4 day,1009,88,84.0,184,0.22,0.04,228,19.0,0.6,140.0,4.6,103.0,10.8,9.8,5.8,3.9,2.1,61.0,41.0,56.0,1.0,643.0,14.2,41.8,65.0,22.1,34.0,6.5,122.9,91.0,13.0,1.0,0.0,5.0,81.0,11.0,17.4,210.0
589_2_1,589,2,1,ethanol,Repeat,8 day,0,mg/kg,Control,ethanol_Control_8 day,715,84,95.0,151,0.39,0.0,210,26.0,0.5,143.0,4.1,105.0,10.7,7.4,5.9,4.0,2.1,56.0,31.0,82.0,0.0,673.0,14.1,41.4,61.6,21.0,34.1,4.7,127.4,126.0,7.0,1.0,0.0,4.0,87.0,11.0,17.9,208.0
589_2_2,589,2,2,ethanol,Repeat,8 day,0,mg/kg,Control,ethanol_Control_8 day,756,77,149.0,162,0.35,0.0,202,19.0,0.4,143.0,4.7,106.0,10.4,7.0,5.8,4.0,2.2,58.0,28.0,74.0,1.0,648.0,14.0,42.1,65.0,21.6,33.3,6.0,136.1,88.3,11.0,2.0,0.0,5.0,82.0,11.0,18.3,216.0
589_2_3,589,2,3,ethanol,Repeat,8 day,0,mg/kg,Control,ethanol_Control_8 day,779,72,82.0,131,0.39,0.0,186,20.0,0.4,141.0,4.9,105.0,10.7,7.4,5.8,4.1,2.4,66.0,36.0,84.0,1.0,694.0,14.2,41.6,60.0,20.5,34.1,6.0,131.9,152.0,9.0,1.0,0.0,5.0,86.0,11.0,17.1,224.0
589_2_4,589,2,4,ethanol,Repeat,8 day,0,mg/kg,Control,ethanol_Control_8 day,924,57,58.0,130,0.31,0.03,203,18.0,0.5,140.0,4.8,107.0,10.4,7.7,5.5,3.9,2.4,70.0,34.0,69.0,1.0,712.0,14.8,43.8,61.6,20.8,33.7,3.6,108.9,107.0,6.0,1.0,0.0,3.0,90.0,11.3,16.4,224.0
589_2_5,589,2,5,ethanol,Repeat,8 day,0,mg/kg,Control,ethanol_Control_8 day,741,67,156.0,144,0.38,0.0,188,19.0,0.5,140.0,4.8,105.0,10.0,7.8,5.6,3.8,2.1,60.0,39.0,97.0,1.0,712.0,14.0,42.1,59.2,19.7,33.3,5.6,131.4,101.0,20.0,1.0,0.0,3.0,76.0,11.4,15.2,191.0
589_3_1,589,3,1,ethanol,Repeat,15 day,0,mg/kg,Control,ethanol_Control_15 day,697,72,186.0,155,0.29,0.04,197,19.0,0.5,145.0,4.1,107.0,10.4,7.7,6.1,3.8,1.7,57.0,27.0,100.0,0.0,725.0,14.9,44.2,60.9,20.5,33.7,3.9,114.3,96.8,11.0,1.0,0.0,4.0,84.0,11.0,18.8,218.0
589_3_2,589,3,2,ethanol,Repeat,15 day,0,mg/kg,Control,ethanol_Control_15 day,710,65,113.0,135,0.34,0.01,196,20.0,0.6,142.0,4.6,107.0,10.5,6.7,5.8,4.0,2.2,69.0,34.0,74.0,1.0,751.0,15.7,45.7,60.8,20.8,34.3,4.0,99.5,108.0,12.0,1.0,0.0,4.0,82.0,11.5,20.6,213.0
589_3_3,589,3,3,ethanol,Repeat,15 day,0,mg/kg,Control,ethanol_Control_15 day,571,62,85.0,127,0.37,0.06,204,19.0,0.5,142.0,4.7,106.0,10.4,7.5,5.7,3.6,1.7,65.0,34.0,83.0,0.0,750.0,15.0,44.3,59.0,20.0,33.8,4.0,122.7,117.0,16.0,1.0,0.0,6.0,77.0,11.5,20.7,195.0
589_3_4,589,3,4,ethanol,Repeat,15 day,0,mg/kg,Control,ethanol_Control_15 day,777,58,90.0,122,0.36,0.03,203,18.0,0.5,142.0,4.2,103.0,10.7,6.8,5.9,3.7,1.7,63.0,27.0,79.0,1.0,777.0,15.3,45.3,58.4,19.7,33.7,4.3,113.4,97.4,9.0,1.0,0.0,3.0,88.0,11.9,17.1,204.0
589_3_5,589,3,5,ethanol,Repeat,15 day,0,mg/kg,Control,ethanol_Control_15 day,636,65,129.0,154,0.41,0.0,223,19.0,0.5,142.0,4.2,105.0,10.9,7.6,6.0,4.1,2.2,55.0,28.0,65.0,1.0,729.0,15.0,44.2,60.6,20.6,34.0,5.2,100.1,94.2,19.0,1.0,0.0,4.0,76.0,11.3,18.4,226.0
589_4_1,589,4,1,ethanol,Repeat,29 day,0,mg/kg,Control,ethanol_Control_29 day,657,60,176.0,126,0.29,0.0,240,21.0,0.6,140.0,4.3,109.0,9.9,5.3,6.0,3.6,1.5,70.0,32.0,91.0,2.0,786.0,15.0,43.7,55.6,19.1,34.3,10.1,141.9,114.0,15.0,2.0,0.0,6.0,78.0,11.1,17.4,220.0
589_4_2,589,4,2,ethanol,Repeat,29 day,0,mg/kg,Control,ethanol_Control_29 day,603,74,201.0,152,0.22,0.0,218,21.0,0.5,140.0,4.6,107.0,10.6,6.5,6.2,3.8,1.6,52.0,28.0,74.0,1.0,781.0,15.1,44.8,57.4,19.4,33.8,4.1,122.9,104.0,6.0,2.0,0.0,5.0,87.0,11.2,17.0,212.0
589_4_3,589,4,3,ethanol,Repeat,29 day,0,mg/kg,Control,ethanol_Control_29 day,646,87,153.0,154,0.23,0.0,191,18.0,0.5,141.0,4.5,107.0,10.3,5.8,6.1,3.8,1.7,56.0,25.0,74.0,1.0,812.0,15.6,45.8,56.4,19.2,34.1,10.3,115.2,133.0,6.0,1.0,0.0,3.0,90.0,11.0,16.5,220.0
589_4_4,589,4,4,ethanol,Repeat,29 day,0,mg/kg,Control,ethanol_Control_29 day,487,90,110.0,174,0.16,0.0,234,22.0,0.6,143.0,4.1,107.0,10.8,7.0,6.1,3.6,1.4,63.0,41.0,92.0,2.0,794.0,15.2,45.5,57.3,19.2,33.5,6.9,89.3,74.9,15.0,2.0,0.0,9.0,73.0,11.0,16.3,204.0
589_4_5,589,4,5,ethanol,Repeat,29 day,0,mg/kg,Control,ethanol_Control_29 day,639,70,104.0,134,0.27,0.0,213,20.0,0.7,140.0,4.1,105.0,10.7,5.9,6.3,3.6,1.3,65.0,34.0,75.0,2.0,862.0,16.2,47.8,55.4,18.7,33.8,8.4,102.3,99.8,13.0,1.0,0.0,4.0,82.0,11.7,17.9,222.0
594_1_1,594,1,1,phenacetin,Repeat,4 day,0,mg/kg,Control,phenacetin_Control_4 day,1775,69,136.0,159,0.04,0.01,162,13.0,0.2,143.0,4.1,105.0,10.8,7.5,5.3,2.4,0.8,61.0,41.0,73.0,1.0,621.0,13.0,39.0,62.8,20.9,33.3,6.7,121.1,96.5,20.0,1.0,0.0,3.0,75.0,13.5,16.2,260.0
594_1_2,594,1,2,phenacetin,Repeat,4 day,0,mg/kg,Control,phenacetin_Control_4 day,2502,93,82.0,168,0.04,0.0,180,15.0,0.2,144.0,4.1,107.0,11.1,6.8,5.7,2.6,0.8,65.0,33.0,154.0,1.0,618.0,13.1,39.1,63.2,21.2,33.5,6.4,130.7,67.1,24.0,1.0,0.0,2.0,73.0,13.2,16.5,301.0
594_1_3,594,1,3,phenacetin,Repeat,4 day,0,mg/kg,Control,phenacetin_Control_4 day,1652,70,103.0,155,0.04,0.0,195,11.0,0.2,143.0,4.2,106.0,10.8,6.2,5.7,2.6,0.8,75.0,38.0,209.0,1.0,622.0,13.6,40.9,65.8,21.8,33.2,7.0,114.0,90.8,31.0,1.0,0.0,4.0,63.0,13.6,16.8,315.0
594_1_4,594,1,4,phenacetin,Repeat,4 day,0,mg/kg,Control,phenacetin_Control_4 day,2838,101,47.0,173,0.04,0.0,170,15.0,0.2,144.0,4.5,106.0,11.0,7.4,5.7,2.6,0.8,73.0,42.0,68.0,1.0,616.0,12.9,38.9,63.2,21.0,33.2,5.9,135.1,85.4,28.0,1.0,0.0,3.0,68.0,13.0,17.8,312.0
594_1_5,594,1,5,phenacetin,Repeat,4 day,0,mg/kg,Control,phenacetin_Control_4 day,1833,96,144.0,200,0.04,0.01,176,15.0,0.2,145.0,4.0,104.0,11.7,8.2,6.1,2.8,0.8,62.0,35.0,89.0,1.0,664.0,13.5,41.1,61.8,20.4,33.0,7.0,105.2,87.3,19.0,1.0,0.0,2.0,77.0,12.9,16.2,308.0
594_2_1,594,2,1,phenacetin,Repeat,8 day,0,mg/kg,Control,phenacetin_Control_8 day,1298,96,100.0,179,0.04,0.0,170,16.0,0.2,142.0,4.7,106.0,10.8,6.2,6.0,2.7,0.8,66.0,33.0,52.0,1.0,655.0,13.7,40.5,61.8,20.9,33.8,5.6,103.5,97.0,13.0,2.0,0.0,3.0,81.0,13.8,19.2,274.0
594_2_2,594,2,2,phenacetin,Repeat,8 day,0,mg/kg,Control,phenacetin_Control_8 day,1489,72,111.0,146,0.05,0.01,183,15.0,0.2,144.0,3.9,105.0,10.8,7.2,5.7,2.6,0.8,64.0,27.0,98.0,1.0,663.0,13.8,40.5,61.1,20.9,34.1,4.8,128.0,159.8,15.0,1.0,0.0,2.0,80.0,13.7,17.3,316.0
594_2_3,594,2,3,phenacetin,Repeat,8 day,0,mg/kg,Control,phenacetin_Control_8 day,1422,92,151.0,176,0.05,0.0,179,13.0,0.2,142.0,4.0,103.0,10.8,7.8,5.9,2.6,0.8,70.0,39.0,122.0,1.0,636.0,13.9,41.2,64.8,21.9,33.8,5.9,121.5,69.1,24.0,2.0,0.0,4.0,70.0,13.2,17.9,302.0
594_2_4,594,2,4,phenacetin,Repeat,8 day,0,mg/kg,Control,phenacetin_Control_8 day,1672,83,126.0,170,0.04,0.01,171,15.0,0.2,142.0,4.3,106.0,11.0,7.4,5.9,2.7,0.8,71.0,34.0,142.0,1.0,666.0,14.0,42.2,63.3,21.1,33.3,5.7,110.4,62.9,16.0,1.0,0.0,2.0,79.0,13.3,16.4,303.0
594_2_5,594,2,5,phenacetin,Repeat,8 day,0,mg/kg,Control,phenacetin_Control_8 day,1384,79,151.0,167,0.04,0.0,165,16.0,0.2,143.0,4.2,105.0,11.2,7.0,5.9,2.7,0.8,58.0,34.0,65.0,1.0,661.0,13.9,40.9,61.8,21.0,33.9,5.2,130.5,78.3,13.0,1.0,0.0,2.0,83.0,13.6,17.8,306.0
594_3_1,594,3,1,phenacetin,Repeat,15 day,0,mg/kg,Control,phenacetin_Control_15 day,1760,74,122.0,156,0.06,0.02,187,15.0,0.2,142.0,4.6,104.0,10.5,7.4,5.8,2.7,0.9,60.0,40.0,105.0,1.0,689.0,14.4,41.9,60.8,20.9,34.4,4.3,115.3,136.1,16.0,1.0,0.0,2.0,81.0,13.7,16.4,264.0
594_3_2,594,3,2,phenacetin,Repeat,15 day,0,mg/kg,Control,phenacetin_Control_15 day,1462,73,137.0,155,0.06,0.02,188,13.0,0.2,144.0,4.2,105.0,10.8,6.3,6.1,2.8,0.8,59.0,37.0,162.0,1.0,777.0,14.8,43.5,56.0,19.0,34.0,3.5,109.8,87.6,18.0,2.0,0.0,2.0,77.0,12.9,18.2,299.0
594_3_3,594,3,3,phenacetin,Repeat,15 day,0,mg/kg,Control,phenacetin_Control_15 day,1780,61,141.0,146,0.06,0.02,162,14.0,0.2,143.0,4.4,106.0,10.8,7.6,5.8,2.6,0.8,66.0,39.0,201.0,1.0,738.0,14.4,42.4,57.4,19.6,34.1,3.6,110.2,95.2,19.0,1.0,0.0,3.0,77.0,13.6,17.3,258.0
594_3_4,594,3,4,phenacetin,Repeat,15 day,0,mg/kg,Control,phenacetin_Control_15 day,1300,74,193.0,160,0.06,0.04,172,17.0,0.2,144.0,3.7,104.0,11.2,6.8,6.3,2.8,0.8,55.0,32.0,102.0,1.0,654.0,13.8,40.3,61.7,21.1,34.2,4.9,133.8,105.8,17.0,1.0,0.0,2.0,80.0,13.2,16.9,302.0
594_3_5,594,3,5,phenacetin,Repeat,15 day,0,mg/kg,Control,phenacetin_Control_15 day,1412,81,52.0,143,0.07,0.02,198,14.0,0.2,145.0,3.9,104.0,10.8,7.4,6.1,2.8,0.8,72.0,34.0,223.0,2.0,744.0,14.0,42.3,56.9,18.8,33.1,4.3,119.3,117.3,33.0,2.0,0.0,4.0,60.0,13.1,18.5,478.0
594_4_1,594,4,1,phenacetin,Repeat,29 day,0,mg/kg,Control,phenacetin_Control_29 day,1111,70,131.0,155,0.04,0.02,194,16.0,0.3,147.0,3.5,104.0,10.6,7.0,6.5,2.9,0.8,61.0,37.0,45.0,1.0,780.0,14.8,43.4,55.6,18.9,34.1,3.2,132.7,105.2,13.0,2.0,0.0,3.0,82.0,14.0,18.1,261.0
594_4_2,594,4,2,phenacetin,Repeat,29 day,0,mg/kg,Control,phenacetin_Control_29 day,957,64,290.0,150,0.05,0.02,175,16.0,0.3,144.0,4.3,105.0,10.7,5.9,6.2,2.8,0.8,56.0,31.0,82.0,1.0,744.0,15.1,42.6,57.3,20.3,35.4,2.3,108.9,118.0,21.0,1.0,0.0,2.0,75.0,13.7,17.4,288.0
594_4_3,594,4,3,phenacetin,Repeat,29 day,0,mg/kg,Control,phenacetin_Control_29 day,1111,57,119.0,134,0.05,0.02,172,14.0,0.2,144.0,4.2,105.0,10.8,5.6,6.4,2.9,0.8,70.0,39.0,90.0,1.0,789.0,14.9,43.6,55.3,18.9,34.1,2.1,104.0,143.8,26.0,1.0,0.0,2.0,70.0,14.0,17.2,260.0
594_4_4,594,4,4,phenacetin,Repeat,29 day,0,mg/kg,Control,phenacetin_Control_29 day,1577,60,128.0,143,0.05,0.02,203,20.0,0.3,145.0,3.7,105.0,10.7,5.7,6.4,2.8,0.8,66.0,33.0,97.0,1.0,797.0,15.2,43.5,54.6,19.0,34.9,2.7,110.1,98.9,32.0,1.0,0.0,3.0,63.0,14.0,30.1,283.0
594_4_5,594,4,5,phenacetin,Repeat,29 day,0,mg/kg,Control,phenacetin_Control_29 day,1308,70,144.0,163,0.05,0.02,182,20.0,0.3,144.0,4.1,105.0,10.8,6.0,6.5,2.9,0.8,88.0,45.0,69.0,1.0,803.0,15.1,44.2,55.0,18.8,34.2,2.9,114.7,80.4,19.0,2.0,0.0,3.0,76.0,14.2,32.4,288.0
596_1_1,596,1,1,bucetin,Repeat,4 day,0,mg/kg,Control,bucetin_Control_4 day,1216,71,100.0,149,0.06,0.02,189,14.0,0.2,143.0,4.4,105.0,10.9,6.4,6.1,2.8,0.8,64.0,32.0,83.0,1.0,622.0,13.3,40.0,64.3,21.4,33.4,7.6,123.7,130.2,31.0,1.0,0.0,3.0,64.0,13.5,14.7,319.0
596_1_2,596,1,2,bucetin,Repeat,4 day,0,mg/kg,Control,bucetin_Control_4 day,1676,72,121.0,156,0.05,0.02,186,16.0,0.2,142.0,4.6,106.0,10.9,8.1,5.9,2.7,0.8,64.0,34.0,72.0,1.0,627.0,13.1,39.8,63.5,20.9,32.9,7.7,124.8,69.9,22.0,1.0,0.0,3.0,73.0,14.2,17.2,289.0
596_1_3,596,1,3,bucetin,Repeat,4 day,0,mg/kg,Control,bucetin_Control_4 day,1532,107,81.0,183,0.04,0.02,180,14.0,0.2,145.0,4.0,105.0,10.9,7.0,5.8,2.7,0.9,67.0,37.0,68.0,1.0,614.0,13.3,40.0,65.2,21.7,33.3,6.9,123.8,87.5,13.0,1.0,0.0,2.0,83.0,14.2,17.4,276.0
596_1_4,596,1,4,bucetin,Repeat,4 day,0,mg/kg,Control,bucetin_Control_4 day,2359,84,105.0,169,0.04,0.02,167,16.0,0.2,144.0,3.8,105.0,11.2,8.4,5.9,2.7,0.8,71.0,33.0,64.0,1.0,650.0,13.9,41.3,63.6,21.3,33.5,6.7,122.5,92.2,21.0,1.0,0.0,3.0,75.0,14.5,16.7,309.0
596_1_5,596,1,5,bucetin,Repeat,4 day,0,mg/kg,Control,bucetin_Control_4 day,1849,78,116.0,169,0.05,0.02,173,14.0,0.2,146.0,3.9,106.0,11.2,7.6,5.8,2.7,0.9,68.0,33.0,49.0,2.0,622.0,13.3,39.8,64.0,21.4,33.4,7.3,106.5,78.1,23.0,1.0,0.0,4.0,72.0,13.6,23.1,333.0
596_2_1,596,2,1,bucetin,Repeat,8 day,0,mg/kg,Control,bucetin_Control_8 day,1905,70,150.0,160,0.04,0.02,195,16.0,0.3,144.0,3.7,104.0,11.2,6.6,5.8,2.6,0.8,60.0,26.0,56.0,1.0,615.0,13.4,40.5,65.8,21.8,33.1,6.7,121.7,96.3,16.0,1.0,0.0,3.0,80.0,14.0,15.0,287.0
596_2_2,596,2,2,bucetin,Repeat,8 day,0,mg/kg,Control,bucetin_Control_8 day,1898,80,95.0,150,0.03,0.01,183,14.0,0.2,141.0,4.3,105.0,10.9,6.9,5.8,2.6,0.8,65.0,29.0,66.0,1.0,693.0,14.2,41.3,59.6,20.5,34.3,5.2,102.2,71.4,16.0,2.0,0.0,3.0,78.0,14.3,17.5,256.0
596_2_3,596,2,3,bucetin,Repeat,8 day,0,mg/kg,Control,bucetin_Control_8 day,1734,80,163.0,180,0.04,0.02,191,15.0,0.2,143.0,4.1,106.0,11.1,7.4,5.8,2.7,0.9,71.0,35.0,125.0,1.0,658.0,13.7,40.6,61.7,20.8,33.6,6.6,81.4,97.8,13.0,1.0,0.0,3.0,83.0,13.3,16.8,230.0
596_2_4,596,2,4,bucetin,Repeat,8 day,0,mg/kg,Control,bucetin_Control_8 day,2002,72,179.0,166,0.04,0.02,190,17.0,0.2,142.0,4.0,106.0,10.9,7.5,5.9,2.7,0.8,61.0,33.0,179.0,1.0,635.0,12.9,38.4,60.5,20.3,33.5,7.2,150.1,100.7,13.0,1.0,0.0,2.0,83.0,14.1,16.2,289.0
596_2_5,596,2,5,bucetin,Repeat,8 day,0,mg/kg,Control,bucetin_Control_8 day,1440,87,133.0,177,0.04,0.02,166,15.0,0.2,143.0,3.9,105.0,10.8,8.1,5.8,2.6,0.8,71.0,38.0,50.0,1.0,654.0,13.3,39.0,59.7,20.3,34.0,5.7,105.8,99.8,14.0,1.0,0.0,2.0,82.0,13.8,16.9,250.0
596_3_1,596,3,1,bucetin,Repeat,15 day,0,mg/kg,Control,bucetin_Control_15 day,1566,84,177.0,170,0.05,0.01,193,14.0,0.3,145.0,3.6,103.0,11.0,7.1,6.2,2.8,0.8,58.0,29.0,75.0,1.0,662.0,13.8,41.2,62.3,20.8,33.4,4.5,125.7,89.7,21.0,1.0,0.0,2.0,76.0,13.8,18.0,318.0
596_3_2,596,3,2,bucetin,Repeat,15 day,0,mg/kg,Control,bucetin_Control_15 day,934,72,152.0,158,0.05,0.02,198,18.0,0.3,144.0,3.9,106.0,11.2,7.5,6.1,2.7,0.8,62.0,35.0,106.0,1.0,681.0,13.6,40.3,59.2,20.0,33.8,4.6,113.9,145.9,20.0,1.0,1.0,3.0,76.0,14.0,17.3,324.0
596_3_3,596,3,3,bucetin,Repeat,15 day,0,mg/kg,Control,bucetin_Control_15 day,1147,94,174.0,185,0.05,0.02,195,15.0,0.2,144.0,3.7,105.0,11.0,7.1,6.3,2.8,0.8,56.0,26.0,168.0,1.0,708.0,14.2,41.7,58.9,20.0,34.0,4.1,125.0,109.7,13.0,1.0,0.0,2.0,84.0,13.7,17.7,302.0
596_3_4,596,3,4,bucetin,Repeat,15 day,0,mg/kg,Control,bucetin_Control_15 day,1383,73,89.0,150,0.05,0.02,168,17.0,0.2,145.0,4.0,105.0,10.8,7.7,6.3,2.8,0.8,65.0,37.0,62.0,2.0,749.0,14.1,43.2,57.8,18.8,32.6,5.2,143.3,147.9,30.0,1.0,0.0,2.0,66.0,13.9,18.4,326.0
596_3_5,596,3,5,bucetin,Repeat,15 day,0,mg/kg,Control,bucetin_Control_15 day,1742,82,212.0,188,0.05,0.03,190,16.0,0.2,146.0,4.2,103.0,11.6,7.7,6.8,3.1,0.8,63.0,38.0,76.0,1.0,670.0,14.4,42.0,62.6,21.4,34.2,4.7,128.9,114.8,18.0,1.0,0.0,3.0,77.0,13.8,17.1,337.0
596_4_1,596,4,1,bucetin,Repeat,29 day,0,mg/kg,Control,bucetin_Control_29 day,1143,46,112.0,111,0.06,0.02,190,17.0,0.3,142.0,3.6,103.0,10.7,5.7,6.1,2.8,0.8,65.0,27.0,52.0,2.0,781.0,15.9,43.9,56.2,20.4,36.2,2.4,105.7,142.4,13.0,1.0,0.0,2.0,83.0,14.1,16.1,284.0
596_4_2,596,4,2,bucetin,Repeat,29 day,0,mg/kg,Control,bucetin_Control_29 day,903,82,169.0,170,0.05,0.02,193,17.0,0.3,144.0,4.4,106.0,11.3,5.1,6.3,2.8,0.8,56.0,29.0,95.0,1.0,744.0,14.5,42.2,56.8,19.5,34.4,2.8,101.5,84.5,11.0,1.0,0.0,2.0,85.0,13.7,17.8,306.0
596_4_3,596,4,3,bucetin,Repeat,29 day,0,mg/kg,Control,bucetin_Control_29 day,1179,70,118.0,146,0.06,0.02,202,14.0,0.2,147.0,3.7,106.0,11.2,6.5,6.5,2.9,0.8,62.0,30.0,70.0,2.0,806.0,15.6,45.1,56.0,19.4,34.7,2.6,102.6,90.0,14.0,1.0,0.0,1.0,84.0,13.8,17.6,287.0
596_4_4,596,4,4,bucetin,Repeat,29 day,0,mg/kg,Control,bucetin_Control_29 day,1032,59,176.0,140,0.06,0.02,180,14.0,0.3,147.0,4.0,106.0,10.8,6.5,6.2,2.8,0.8,71.0,39.0,73.0,2.0,786.0,15.0,43.9,55.9,19.1,34.2,2.8,84.0,102.6,24.0,2.0,0.0,4.0,70.0,14.0,22.1,277.0
596_4_5,596,4,5,bucetin,Repeat,29 day,0,mg/kg,Control,bucetin_Control_29 day,1748,70,203.0,164,0.06,0.03,178,14.0,0.3,147.0,3.9,108.0,11.0,5.4,6.6,2.9,0.8,58.0,29.0,58.0,3.0,775.0,15.6,44.7,57.6,20.1,34.9,2.8,102.0,81.6,21.0,1.0,1.0,2.0,75.0,14.1,19.2,328.0
598_1_1,598,1,1,phenylanthranilic acid,Repeat,4 day,0,mg/kg,Control,phenylanthranilic acid_Control_4 day,2139,83,129.0,161,0.03,0.01,177,14.0,0.2,141.0,4.6,106.0,11.6,5.7,5.6,2.6,0.9,59.0,32.0,65.0,2.0,662.0,13.9,42.1,63.6,21.0,33.1,6.0,100.5,61.1,19.0,1.0,0.0,2.0,78.0,13.7,17.8,241.0
598_1_2,598,1,2,phenylanthranilic acid,Repeat,4 day,0,mg/kg,Control,phenylanthranilic acid_Control_4 day,1627,70,106.0,142,0.05,0.01,188,12.0,0.2,143.0,4.3,106.0,11.6,7.9,5.6,2.7,0.9,58.0,32.0,82.0,2.0,686.0,13.9,41.5,60.5,20.2,33.4,6.3,130.2,111.4,24.0,1.0,0.0,4.0,71.0,14.4,16.1,262.0
598_1_3,598,1,3,phenylanthranilic acid,Repeat,4 day,0,mg/kg,Control,phenylanthranilic acid_Control_4 day,1538,81,85.0,163,0.05,0.01,185,13.0,0.2,144.0,4.3,107.0,11.8,7.1,5.8,2.7,0.9,63.0,35.0,82.0,1.0,637.0,13.9,41.9,65.7,21.8,33.2,7.2,117.0,95.1,15.0,1.0,0.0,2.0,81.0,14.4,15.5,275.0
598_1_4,598,1,4,phenylanthranilic acid,Repeat,4 day,0,mg/kg,Control,phenylanthranilic acid_Control_4 day,1979,77,69.0,142,0.04,0.01,197,14.0,0.2,146.0,4.0,108.0,11.5,7.8,5.6,2.6,0.9,69.0,39.0,177.0,1.0,663.0,13.7,41.4,62.4,20.6,33.0,7.2,137.2,100.4,22.0,1.0,1.0,2.0,74.0,14.6,15.9,282.0
598_1_5,598,1,5,phenylanthranilic acid,Repeat,4 day,0,mg/kg,Control,phenylanthranilic acid_Control_4 day,1034,56,70.0,129,0.05,0.01,182,13.0,0.2,145.0,4.2,107.0,11.5,7.4,5.7,2.7,0.9,68.0,39.0,83.0,2.0,675.0,14.0,41.5,61.4,20.7,33.7,5.8,121.2,108.3,23.0,2.0,1.0,3.0,72.0,14.4,15.6,291.0
598_2_1,598,2,1,phenylanthranilic acid,Repeat,8 day,0,mg/kg,Control,phenylanthranilic acid_Control_8 day,1568,66,127.0,136,0.03,0.01,203,13.0,0.2,142.0,4.6,105.0,11.5,7.1,5.7,2.7,0.9,68.0,37.0,139.0,1.0,665.0,13.1,39.6,59.6,19.7,33.1,6.0,139.6,96.6,20.0,1.0,0.0,2.0,76.0,13.8,11.4,293.0
598_2_2,598,2,2,phenylanthranilic acid,Repeat,8 day,0,mg/kg,Control,phenylanthranilic acid_Control_8 day,1306,75,109.0,148,0.03,0.01,181,14.0,0.2,144.0,4.0,108.0,11.2,6.1,5.9,2.7,0.8,61.0,31.0,77.0,1.0,692.0,14.3,43.1,62.3,20.7,33.2,4.3,95.2,82.7,12.0,1.0,1.0,3.0,83.0,14.4,19.6,252.0
598_2_3,598,2,3,phenylanthranilic acid,Repeat,8 day,0,mg/kg,Control,phenylanthranilic acid_Control_8 day,1694,76,88.0,151,0.03,0.01,184,16.0,0.2,143.0,4.0,106.0,11.5,7.0,5.7,2.6,0.8,78.0,43.0,98.0,1.0,689.0,13.4,39.7,57.6,19.4,33.7,4.7,110.0,74.3,12.0,1.0,1.0,2.0,84.0,14.2,19.6,250.0
598_2_4,598,2,4,phenylanthranilic acid,Repeat,8 day,0,mg/kg,Control,phenylanthranilic acid_Control_8 day,1693,60,155.0,139,0.04,0.01,184,14.0,0.2,143.0,4.3,105.0,11.4,5.9,5.3,2.5,0.9,75.0,43.0,76.0,1.0,624.0,13.1,38.5,61.7,21.0,34.0,5.5,131.1,103.5,18.0,1.0,1.0,2.0,78.0,13.9,16.2,250.0
598_2_5,598,2,5,phenylanthranilic acid,Repeat,8 day,0,mg/kg,Control,phenylanthranilic acid_Control_8 day,1204,88,118.0,168,0.02,0.01,200,14.0,0.2,144.0,4.5,107.0,11.2,7.2,5.8,2.7,0.9,60.0,36.0,135.0,1.0,636.0,13.7,40.7,64.0,21.5,33.6,6.7,115.9,65.5,16.0,1.0,1.0,2.0,80.0,12.9,14.3,346.0
598_3_1,598,3,1,phenylanthranilic acid,Repeat,15 day,0,mg/kg,Control,phenylanthranilic acid_Control_15 day,1390,73,130.0,148,0.04,0.0,185,13.0,0.3,143.0,4.1,105.0,11.1,5.9,6.1,2.8,0.8,53.0,29.0,96.0,1.0,687.0,14.5,42.3,61.5,21.2,34.4,3.8,121.9,61.6,12.0,1.0,0.0,2.0,85.0,14.5,17.5,292.0
598_3_2,598,3,2,phenylanthranilic acid,Repeat,15 day,0,mg/kg,Control,phenylanthranilic acid_Control_15 day,1714,70,124.0,145,0.03,0.0,178,14.0,0.3,145.0,4.0,107.0,11.1,6.6,5.9,2.7,0.8,71.0,39.0,53.0,1.0,742.0,15.5,45.8,61.8,20.9,33.9,4.1,97.2,74.0,21.0,1.0,1.0,3.0,75.0,14.1,15.5,286.0
598_3_3,598,3,3,phenylanthranilic acid,Repeat,15 day,0,mg/kg,Control,phenylanthranilic acid_Control_15 day,1322,54,110.0,127,0.03,0.0,173,12.0,0.2,143.0,4.2,105.0,10.9,7.3,5.7,2.6,0.8,61.0,33.0,80.0,1.0,711.0,14.0,40.4,56.8,19.7,34.7,3.5,103.4,105.5,13.0,1.0,0.0,1.0,84.0,14.0,16.8,274.0
598_3_4,598,3,4,phenylanthranilic acid,Repeat,15 day,0,mg/kg,Control,phenylanthranilic acid_Control_15 day,1733,77,109.0,151,0.03,0.01,191,16.0,0.3,144.0,3.9,104.0,11.4,7.5,6.0,2.8,0.9,64.0,39.0,74.0,1.0,730.0,14.3,42.3,57.9,19.5,33.7,4.0,119.8,69.1,10.0,1.0,1.0,2.0,86.0,13.5,12.6,335.0
598_3_5,598,3,5,phenylanthranilic acid,Repeat,15 day,0,mg/kg,Control,phenylanthranilic acid_Control_15 day,2333,69,70.0,145,0.03,0.01,193,14.0,0.2,145.0,3.9,105.0,11.3,8.2,5.8,2.7,0.9,67.0,40.0,88.0,1.0,704.0,14.0,40.9,58.1,19.8,34.1,4.7,118.9,58.7,15.0,1.0,0.0,1.0,83.0,14.2,19.2,294.0
598_4_1,598,4,1,phenylanthranilic acid,Repeat,29 day,0,mg/kg,Control,phenylanthranilic acid_Control_29 day,1017,57,112.0,119,0.05,0.01,199,15.0,0.3,146.0,4.0,105.0,10.9,6.1,6.0,2.7,0.8,56.0,36.0,70.0,1.0,769.0,14.3,41.2,53.6,18.6,34.7,3.0,109.4,86.0,11.0,1.0,1.0,1.0,86.0,14.4,16.3,260.0
598_4_2,598,4,2,phenylanthranilic acid,Repeat,29 day,0,mg/kg,Control,phenylanthranilic acid_Control_29 day,1348,63,216.0,150,0.04,0.01,189,18.0,0.3,144.0,3.9,104.0,11.3,7.6,6.2,2.8,0.8,60.0,31.0,135.0,1.0,752.0,14.8,42.5,56.6,19.7,34.7,2.7,114.0,110.1,12.0,1.0,0.0,2.0,84.0,14.2,15.9,293.0
598_4_3,598,4,3,phenylanthranilic acid,Repeat,29 day,0,mg/kg,Control,phenylanthranilic acid_Control_29 day,1191,78,112.0,144,0.05,0.0,206,14.0,0.2,143.0,4.2,105.0,10.9,7.2,6.0,2.7,0.8,59.0,32.0,197.0,1.0,787.0,15.4,45.0,57.2,19.6,34.3,2.2,98.5,86.1,20.0,1.0,0.0,1.0,76.0,14.4,16.6,253.0
598_4_4,598,4,4,phenylanthranilic acid,Repeat,29 day,0,mg/kg,Control,phenylanthranilic acid_Control_29 day,903,71,82.0,136,0.06,0.01,181,13.0,0.3,145.0,3.9,106.0,11.1,6.1,6.3,2.8,0.8,64.0,36.0,55.0,1.0,783.0,14.6,41.9,53.6,18.7,34.9,3.5,94.3,105.0,25.0,1.0,0.0,2.0,71.0,14.3,18.7,313.0
598_4_5,598,4,5,phenylanthranilic acid,Repeat,29 day,0,mg/kg,Control,phenylanthranilic acid_Control_29 day,1400,55,152.0,120,0.05,0.0,189,14.0,0.2,144.0,4.1,106.0,11.2,7.4,6.4,2.9,0.8,52.0,27.0,63.0,1.0,753.0,15.3,44.2,58.7,20.3,34.6,2.3,104.1,76.0,18.0,1.0,0.0,2.0,79.0,13.6,11.7,361.0
607_1_1,607,1,1,puromycin aminonucleoside,Repeat,4 day,0,mg/kg,Control,puromycin aminonucleoside_Control_4 day,1424,69,67.0,140,0.01,0.0,184,18.0,0.2,142.0,4.8,108.0,10.9,5.8,5.4,3.1,1.3,82.0,45.0,247.0,2.0,570.0,12.3,36.2,63.5,21.5,33.9,5.7,143.3,90.2,15.0,1.0,0.0,2.0,80.0,15.9,23.6,305.0
607_1_2,607,1,2,puromycin aminonucleoside,Repeat,4 day,0,mg/kg,Control,puromycin aminonucleoside_Control_4 day,1574,73,94.0,149,0.0,0.0,205,21.0,0.2,142.0,5.0,107.0,10.9,7.4,5.4,3.1,1.4,80.0,42.0,178.0,1.0,601.0,13.1,38.1,63.4,21.9,34.5,5.7,122.1,125.7,21.0,1.0,0.0,4.0,74.0,16.4,21.4,288.0
607_1_3,607,1,3,puromycin aminonucleoside,Repeat,4 day,0,mg/kg,Control,puromycin aminonucleoside_Control_4 day,1078,80,91.0,151,0.01,0.0,209,15.0,0.2,143.0,4.6,106.0,10.6,7.6,5.7,3.1,1.2,67.0,40.0,159.0,2.0,645.0,13.1,38.8,60.1,20.4,33.9,6.5,118.0,118.1,23.0,1.0,0.0,2.0,74.0,15.8,20.2,296.0
607_1_4,607,1,4,puromycin aminonucleoside,Repeat,4 day,0,mg/kg,Control,puromycin aminonucleoside_Control_4 day,1480,77,106.0,139,0.01,0.0,185,15.0,0.2,141.0,4.7,106.0,11.2,6.8,5.3,3.1,1.4,68.0,33.0,163.0,3.0,617.0,12.9,36.9,59.9,20.9,34.9,5.4,131.1,104.2,20.0,1.0,0.0,3.0,75.0,15.8,21.8,281.0
607_1_5,607,1,5,puromycin aminonucleoside,Repeat,4 day,0,mg/kg,Control,puromycin aminonucleoside_Control_4 day,1315,67,118.0,129,0.01,0.0,196,17.0,0.2,143.0,4.3,106.0,10.7,6.6,5.3,2.9,1.2,73.0,43.0,172.0,1.0,617.0,12.9,38.0,61.6,21.0,34.0,5.2,122.5,131.0,15.0,1.0,0.0,2.0,81.0,16.5,23.3,282.0
607_2_1,607,2,1,puromycin aminonucleoside,Repeat,8 day,0,mg/kg,Control,puromycin aminonucleoside_Control_8 day,1197,54,112.0,120,0.01,0.0,221,19.0,0.2,141.0,4.0,105.0,10.1,7.4,5.2,2.8,1.2,65.0,32.0,170.0,1.0,655.0,13.8,40.0,61.1,21.1,34.6,5.0,101.2,99.2,16.0,1.0,0.0,2.0,80.0,16.1,25.0,220.0
607_2_2,607,2,2,puromycin aminonucleoside,Repeat,8 day,0,mg/kg,Control,puromycin aminonucleoside_Control_8 day,1361,71,78.0,150,0.02,0.0,223,17.0,0.3,144.0,4.0,105.0,11.0,7.6,5.4,3.1,1.3,63.0,33.0,155.0,1.0,647.0,13.7,39.6,61.3,21.2,34.5,3.6,102.8,79.7,13.0,1.0,0.0,1.0,85.0,16.0,22.7,284.0
607_2_3,607,2,3,puromycin aminonucleoside,Repeat,8 day,0,mg/kg,Control,puromycin aminonucleoside_Control_8 day,1318,69,137.0,141,0.02,0.0,216,14.0,0.2,141.0,4.0,105.0,10.4,6.4,5.6,3.0,1.2,63.0,34.0,204.0,2.0,614.0,13.1,36.7,59.8,21.3,35.7,5.7,117.9,97.8,16.0,1.0,0.0,2.0,80.0,16.3,21.5,275.0
607_2_4,607,2,4,puromycin aminonucleoside,Repeat,8 day,0,mg/kg,Control,puromycin aminonucleoside_Control_8 day,1090,66,70.0,135,0.02,0.0,186,19.0,0.2,142.0,3.8,105.0,11.0,7.7,5.7,3.1,1.2,64.0,45.0,172.0,2.0,624.0,13.6,38.6,61.8,21.8,35.2,4.7,117.9,102.1,9.0,1.0,0.0,2.0,87.0,15.7,21.7,305.0
607_2_5,607,2,5,puromycin aminonucleoside,Repeat,8 day,0,mg/kg,Control,puromycin aminonucleoside_Control_8 day,1320,76,147.0,162,0.02,0.0,207,19.0,0.2,142.0,4.2,108.0,11.0,7.5,5.6,3.2,1.3,60.0,33.0,136.0,1.0,688.0,14.4,42.1,61.1,21.0,34.3,5.1,115.1,110.5,24.0,1.0,0.0,3.0,70.0,16.0,21.7,290.0
607_3_1,607,3,1,puromycin aminonucleoside,Repeat,15 day,0,mg/kg,Control,puromycin aminonucleoside_Control_15 day,1852,55,97.0,121,0.01,0.0,195,18.0,0.3,141.0,4.1,106.0,10.6,7.6,5.6,3.1,1.3,65.0,35.0,119.0,1.0,720.0,14.7,41.4,57.5,20.4,35.5,2.9,98.2,107.5,12.0,1.0,0.0,3.0,82.0,16.8,21.6,269.0
607_3_2,607,3,2,puromycin aminonucleoside,Repeat,15 day,0,mg/kg,Control,puromycin aminonucleoside_Control_15 day,1180,55,131.0,141,0.0,0.0,216,20.0,0.2,142.0,4.7,103.0,11.0,7.2,5.6,3.2,1.3,58.0,38.0,148.0,2.0,658.0,13.8,38.7,58.8,21.0,35.7,3.7,121.9,110.9,13.0,0.0,0.0,4.0,81.0,16.2,20.8,280.0
607_3_3,607,3,3,puromycin aminonucleoside,Repeat,15 day,0,mg/kg,Control,puromycin aminonucleoside_Control_15 day,1721,64,58.0,125,0.01,0.0,205,19.0,0.2,142.0,4.1,107.0,10.8,6.8,5.4,3.1,1.3,74.0,32.0,128.0,2.0,671.0,13.8,38.7,57.7,20.5,35.6,3.3,108.0,131.1,16.0,2.0,0.0,3.0,78.0,16.7,23.3,280.0
607_3_4,607,3,4,puromycin aminonucleoside,Repeat,15 day,0,mg/kg,Control,puromycin aminonucleoside_Control_15 day,1378,89,197.0,184,0.01,0.0,201,17.0,0.2,141.0,4.5,103.0,11.1,7.2,5.8,3.1,1.2,87.0,41.0,349.0,3.0,657.0,14.0,39.7,60.5,21.3,35.3,4.1,108.6,82.7,20.0,1.0,0.0,3.0,75.0,15.9,21.5,358.0
607_3_5,607,3,5,puromycin aminonucleoside,Repeat,15 day,0,mg/kg,Control,puromycin aminonucleoside_Control_15 day,1343,66,116.0,151,0.0,0.0,204,22.0,0.2,142.0,4.1,104.0,10.8,7.2,5.6,3.0,1.2,63.0,38.0,140.0,2.0,689.0,13.8,39.1,56.8,20.0,35.2,3.1,110.7,167.9,14.0,0.0,0.0,3.0,81.0,15.8,22.8,282.0
607_4_1,607,4,1,puromycin aminonucleoside,Repeat,29 day,0,mg/kg,Control,puromycin aminonucleoside_Control_29 day,1081,61,99.0,125,0.01,0.0,195,17.0,0.2,141.0,3.4,105.0,10.3,7.0,6.2,3.2,1.1,58.0,29.0,117.0,2.0,786.0,15.4,42.2,53.6,19.5,36.4,2.2,107.3,116.7,20.0,1.0,0.0,3.0,75.0,16.4,26.3,304.0
607_4_2,607,4,2,puromycin aminonucleoside,Repeat,29 day,0,mg/kg,Control,puromycin aminonucleoside_Control_29 day,1032,55,112.0,114,0.01,0.0,193,19.0,0.2,142.0,4.6,104.0,10.4,5.4,6.0,3.1,1.1,59.0,26.0,121.0,2.0,802.0,15.6,43.4,54.1,19.5,36.1,1.8,97.8,92.5,12.0,2.0,0.0,2.0,84.0,16.9,27.9,296.0
607_4_4,607,4,4,puromycin aminonucleoside,Repeat,29 day,0,mg/kg,Control,puromycin aminonucleoside_Control_29 day,863,72,113.0,152,0.0,0.0,182,23.0,0.2,144.0,4.7,103.0,10.6,7.6,6.5,3.1,0.9,65.0,38.0,209.0,3.0,758.0,14.7,42.4,55.9,19.4,34.7,2.6,107.2,88.2,10.0,0.0,0.0,2.0,86.0,16.5,22.1,288.0
607_4_5,607,4,5,puromycin aminonucleoside,Repeat,29 day,0,mg/kg,Control,puromycin aminonucleoside_Control_29 day,1493,84,142.0,149,0.01,0.0,197,16.0,0.2,143.0,3.8,104.0,10.3,5.4,6.0,3.1,1.1,60.0,31.0,99.0,1.0,761.0,15.2,42.0,55.2,19.9,36.2,2.5,112.8,110.1,16.0,1.0,0.0,2.0,80.0,16.6,25.4,296.0
613_1_1,613,1,1,gentamicin,Repeat,4 day,0,mg/kg,Control,gentamicin_Control_4 day,1574,72,84.0,140,0.0,0.0,201,14.0,0.2,139.0,4.1,104.0,10.3,6.0,5.7,2.9,1.1,70.0,47.0,144.0,2.0,629.0,13.1,36.9,58.7,20.9,35.6,4.6,112.2,124.3,41.0,1.0,0.0,4.0,53.0,17.4,22.8,291.0
613_1_2,613,1,2,gentamicin,Repeat,4 day,0,mg/kg,Control,gentamicin_Control_4 day,2444,73,146.0,156,0.01,0.0,227,19.0,0.2,139.0,4.5,105.0,10.6,7.4,5.5,2.9,1.2,67.0,47.0,188.0,1.0,587.0,13.3,38.7,65.9,22.7,34.4,6.5,113.2,107.5,12.0,1.0,0.0,3.0,82.0,17.1,25.4,253.0
613_1_3,613,1,3,gentamicin,Repeat,4 day,0,mg/kg,Control,gentamicin_Control_4 day,1467,78,91.0,151,0.01,0.0,179,16.0,0.2,141.0,4.5,107.0,11.2,6.5,5.6,3.0,1.2,75.0,37.0,140.0,1.0,629.0,13.1,37.3,59.4,20.7,34.9,5.0,120.5,110.9,22.0,1.0,0.0,2.0,74.0,17.0,21.9,304.0
613_1_4,613,1,4,gentamicin,Repeat,4 day,0,mg/kg,Control,gentamicin_Control_4 day,1526,78,86.0,148,0.01,0.0,188,15.0,0.1,139.0,4.8,105.0,11.2,7.3,5.4,2.9,1.1,64.0,36.0,156.0,2.0,628.0,13.0,37.3,59.5,20.7,34.8,5.9,120.8,101.6,17.0,1.0,0.0,4.0,77.0,16.2,22.7,297.0
613_1_5,613,1,5,gentamicin,Repeat,4 day,0,mg/kg,Control,gentamicin_Control_4 day,2179,63,131.0,144,0.0,0.0,187,17.0,0.2,140.0,4.6,106.0,11.2,7.2,5.5,3.1,1.3,75.0,42.0,158.0,2.0,632.0,13.1,37.7,59.6,20.7,34.8,6.8,128.6,82.9,16.0,1.0,0.0,3.0,78.0,17.0,23.0,288.0
613_2_2,613,2,2,gentamicin,Repeat,8 day,0,mg/kg,Control,gentamicin_Control_8 day,1682,68,111.0,134,0.0,0.0,226,15.0,0.2,139.0,4.4,105.0,10.7,6.3,5.5,2.9,1.1,75.0,41.0,176.0,2.0,650.0,13.0,37.0,56.9,20.0,35.1,4.4,108.6,145.4,16.0,0.0,0.0,2.0,81.0,15.6,21.8,269.0
613_2_3,613,2,3,gentamicin,Repeat,8 day,0,mg/kg,Control,gentamicin_Control_8 day,1354,68,68.0,126,0.0,0.0,219,17.0,0.2,142.0,4.4,104.0,10.4,7.2,5.3,2.8,1.1,68.0,40.0,184.0,1.0,602.0,12.5,35.6,59.2,20.8,35.1,4.5,125.1,110.4,13.0,1.0,0.0,4.0,82.0,16.3,21.0,278.0
613_2_4,613,2,4,gentamicin,Repeat,8 day,0,mg/kg,Control,gentamicin_Control_8 day,1614,74,115.0,140,0.01,0.0,225,17.0,0.2,142.0,4.1,104.0,10.7,7.5,5.4,3.0,1.2,68.0,40.0,179.0,2.0,602.0,12.8,35.9,59.7,21.2,35.5,4.4,114.0,109.4,23.0,1.0,0.0,3.0,72.0,15.5,21.8,266.0
613_2_5,613,2,5,gentamicin,Repeat,8 day,0,mg/kg,Control,gentamicin_Control_8 day,2160,64,84.0,141,0.01,0.0,186,19.0,0.2,142.0,4.6,107.0,10.6,6.0,5.5,3.0,1.2,78.0,41.0,290.0,1.0,691.0,14.1,40.1,58.1,20.5,35.2,3.1,124.9,134.5,10.0,1.0,0.0,3.0,85.0,16.5,23.9,280.0
613_3_1,613,3,1,gentamicin,Repeat,15 day,0,mg/kg,Control,gentamicin_Control_15 day,1086,61,187.0,136,0.0,0.0,202,20.0,0.2,140.0,4.8,105.0,10.7,6.8,6.0,3.1,1.0,54.0,31.0,139.0,2.0,694.0,14.4,39.8,57.4,20.7,36.0,3.9,143.4,93.9,18.0,1.0,0.0,2.0,78.0,16.3,21.5,284.0
613_3_2,613,3,2,gentamicin,Repeat,15 day,0,mg/kg,Control,gentamicin_Control_15 day,1270,59,138.0,129,0.0,0.0,196,20.0,0.2,139.0,4.8,106.0,10.7,7.5,5.5,2.9,1.1,65.0,37.0,198.0,2.0,682.0,14.6,40.7,59.6,21.5,36.0,3.9,116.8,117.1,14.0,0.0,0.0,3.0,82.0,16.4,23.6,296.0
613_3_3,613,3,3,gentamicin,Repeat,15 day,0,mg/kg,Control,gentamicin_Control_15 day,1624,69,158.0,156,0.01,0.0,189,15.0,0.2,140.0,4.6,104.0,10.6,6.9,5.4,3.0,1.3,68.0,38.0,171.0,3.0,666.0,14.1,39.6,59.4,21.2,35.6,4.7,117.2,121.1,17.0,1.0,0.0,4.0,76.0,16.0,22.6,252.0
613_3_4,613,3,4,gentamicin,Repeat,15 day,0,mg/kg,Control,gentamicin_Control_15 day,1168,67,126.0,147,0.0,0.0,212,19.0,0.2,142.0,5.0,104.0,10.4,7.4,5.6,3.1,1.2,66.0,31.0,170.0,2.0,729.0,15.0,42.4,58.2,20.6,35.4,3.5,107.8,57.3,22.0,1.0,0.0,2.0,75.0,16.0,23.7,264.0
613_3_5,613,3,5,gentamicin,Repeat,15 day,0,mg/kg,Control,gentamicin_Control_15 day,1098,60,161.0,136,0.0,0.0,194,19.0,0.2,143.0,4.1,103.0,11.0,6.6,5.6,3.0,1.1,55.0,30.0,94.0,1.0,653.0,13.8,38.7,59.3,21.1,35.6,4.0,132.4,130.0,17.0,1.0,0.0,2.0,79.0,16.4,23.6,243.0
613_4_1,613,4,1,gentamicin,Repeat,29 day,0,mg/kg,Control,gentamicin_Control_29 day,775,81,88.0,132,0.0,0.0,200,17.0,0.2,142.0,3.6,104.0,10.7,7.1,6.2,3.0,0.9,61.0,36.0,147.0,3.0,762.0,15.5,42.7,56.0,20.4,36.4,2.2,94.8,109.8,10.0,2.0,0.0,1.0,87.0,16.3,24.0,319.0
613_4_2,613,4,2,gentamicin,Repeat,29 day,0,mg/kg,Control,gentamicin_Control_29 day,923,92,125.0,172,0.0,0.0,185,21.0,0.2,141.0,4.5,104.0,10.9,7.0,6.1,3.1,1.0,60.0,39.0,113.0,2.0,762.0,15.2,43.5,57.0,19.9,34.9,2.6,92.5,93.1,21.0,1.0,0.0,2.0,75.0,16.7,24.6,293.0
613_4_3,613,4,3,gentamicin,Repeat,29 day,0,mg/kg,Control,gentamicin_Control_29 day,961,65,80.0,120,0.01,0.0,200,16.0,0.3,142.0,3.9,105.0,10.6,6.2,5.9,2.9,1.0,57.0,29.0,111.0,2.0,748.0,16.2,45.4,60.7,21.7,35.7,1.9,115.8,100.8,13.0,1.0,0.0,2.0,83.0,16.5,26.4,264.0
613_4_4,613,4,4,gentamicin,Repeat,29 day,0,mg/kg,Control,gentamicin_Control_29 day,1007,54,89.0,116,0.0,0.0,184,19.0,0.2,142.0,4.3,105.0,10.5,6.5,5.9,3.2,1.2,59.0,35.0,97.0,3.0,751.0,14.7,41.1,54.8,19.5,35.7,2.4,107.1,80.3,10.0,1.0,0.0,2.0,86.0,15.9,23.4,285.0
613_4_5,613,4,5,gentamicin,Repeat,29 day,0,mg/kg,Control,gentamicin_Control_29 day,1214,66,123.0,138,0.01,0.0,185,18.0,0.2,140.0,4.1,103.0,10.6,5.7,6.1,3.0,1.0,57.0,35.0,109.0,2.0,737.0,15.3,43.9,59.6,20.8,35.0,2.4,101.0,153.3,12.0,1.0,0.0,3.0,84.0,15.9,24.8,290.0
617_1_1,617,1,1,doxorubicin,Repeat,4 day,0,mg/kg,Control,doxorubicin_Control_4 day,1363,76,97.0,151,0.01,0.01,186,14.0,0.2,140.0,4.6,104.0,11.2,6.7,5.7,3.3,1.4,75.0,43.0,175.0,1.0,618.0,12.9,37.3,60.3,20.8,34.5,6.3,125.3,84.1,21.0,1.0,0.0,3.0,74.0,16.1,22.7,290.0
617_1_2,617,1,2,doxorubicin,Repeat,4 day,0,mg/kg,Control,doxorubicin_Control_4 day,1304,78,85.0,146,0.01,0.0,179,20.0,0.2,142.0,5.0,106.0,11.1,6.6,5.5,3.1,1.3,80.0,37.0,186.0,1.0,603.0,13.2,38.5,63.8,21.9,34.3,5.4,127.4,98.3,11.0,1.0,0.0,3.0,85.0,16.6,23.5,312.0
617_1_3,617,1,3,doxorubicin,Repeat,4 day,0,mg/kg,Control,doxorubicin_Control_4 day,1461,67,76.0,132,0.0,0.0,201,17.0,0.2,141.0,4.8,108.0,10.5,6.8,5.2,3.0,1.3,65.0,35.0,136.0,1.0,575.0,12.5,36.7,63.8,21.8,34.1,6.6,109.9,142.5,19.0,0.0,0.0,3.0,77.0,16.4,22.3,266.0
617_1_4,617,1,4,doxorubicin,Repeat,4 day,0,mg/kg,Control,doxorubicin_Control_4 day,1700,77,77.0,138,0.0,0.0,207,22.0,0.2,141.0,4.7,107.0,10.8,7.1,5.4,2.9,1.2,65.0,34.0,167.0,3.0,627.0,12.9,37.8,60.3,20.6,34.2,5.2,116.5,104.5,11.0,1.0,0.0,2.0,85.0,15.9,21.5,296.0
617_1_5,617,1,5,doxorubicin,Repeat,4 day,0,mg/kg,Control,doxorubicin_Control_4 day,1694,71,98.0,138,0.01,0.0,196,16.0,0.2,141.0,4.7,105.0,10.6,7.4,5.2,2.9,1.3,68.0,32.0,114.0,1.0,596.0,12.8,37.7,63.3,21.4,33.8,5.5,109.3,107.3,16.0,1.0,0.0,3.0,79.0,16.3,19.9,218.0
617_2_1,617,2,1,doxorubicin,Repeat,8 day,0,mg/kg,Control,doxorubicin_Control_8 day,1172,85,78.0,154,0.0,0.0,178,16.0,0.2,142.0,4.2,105.0,10.7,7.1,5.3,2.9,1.2,65.0,35.0,149.0,1.0,639.0,13.5,38.2,59.8,21.1,35.4,5.5,117.4,146.0,11.0,0.0,0.0,2.0,86.0,16.4,21.7,287.0
617_2_2,617,2,2,doxorubicin,Repeat,8 day,0,mg/kg,Control,doxorubicin_Control_8 day,1565,78,98.0,154,0.02,0.0,203,17.0,0.2,142.0,4.4,105.0,10.6,7.6,5.4,3.0,1.2,69.0,39.0,125.0,1.0,665.0,13.8,39.1,58.9,20.7,35.2,5.5,119.0,81.6,25.0,1.0,0.0,3.0,70.0,16.4,21.7,281.0
617_2_3,617,2,3,doxorubicin,Repeat,8 day,0,mg/kg,Control,doxorubicin_Control_8 day,1247,57,73.0,118,0.01,0.0,182,17.0,0.2,142.0,4.9,106.0,10.5,7.1,5.1,2.9,1.4,73.0,36.0,155.0,1.0,669.0,13.9,39.5,59.1,20.8,35.3,4.2,107.6,145.9,12.0,0.0,0.0,2.0,85.0,17.1,23.6,236.0
617_2_4,617,2,4,doxorubicin,Repeat,8 day,0,mg/kg,Control,doxorubicin_Control_8 day,1197,76,116.0,154,0.02,0.0,204,18.0,0.2,143.0,4.4,106.0,10.8,7.0,5.2,2.9,1.2,65.0,36.0,182.0,1.0,631.0,12.9,36.7,58.2,20.4,35.1,6.4,126.8,124.4,20.0,1.0,0.0,3.0,76.0,16.0,21.7,291.0
617_2_5,617,2,5,doxorubicin,Repeat,8 day,0,mg/kg,Control,doxorubicin_Control_8 day,1348,76,136.0,157,0.02,0.0,174,18.0,0.1,142.0,4.8,105.0,11.1,7.3,5.6,3.0,1.2,63.0,38.0,162.0,2.0,660.0,13.7,38.6,58.5,20.8,35.5,5.9,129.9,106.9,23.0,1.0,0.0,4.0,70.0,16.6,21.4,334.0
617_3_1,617,3,1,doxorubicin,Repeat,15 day,0,mg/kg,Control,doxorubicin_Control_15 day,1459,68,139.0,147,0.0,0.0,193,20.0,0.2,141.0,4.5,107.0,10.9,7.1,5.8,3.2,1.2,58.0,33.0,152.0,2.0,722.0,14.7,41.7,57.8,20.4,35.2,4.1,115.2,129.5,10.0,1.0,0.0,2.0,87.0,15.7,22.9,300.0
617_3_2,617,3,2,doxorubicin,Repeat,15 day,0,mg/kg,Control,doxorubicin_Control_15 day,1347,67,153.0,156,0.03,0.0,218,15.0,0.2,141.0,4.2,106.0,11.2,7.0,5.8,3.1,1.2,56.0,32.0,130.0,3.0,691.0,13.7,38.9,56.2,19.9,35.4,5.6,101.9,106.2,11.0,1.0,0.0,3.0,84.0,15.8,21.8,351.0
617_3_3,617,3,3,doxorubicin,Repeat,15 day,0,mg/kg,Control,doxorubicin_Control_15 day,1073,75,171.0,161,0.02,0.0,203,16.0,0.2,140.0,4.7,107.0,10.7,6.0,5.6,3.1,1.2,66.0,42.0,136.0,2.0,694.0,14.1,38.6,55.6,20.4,36.6,4.8,112.5,97.0,16.0,1.0,0.0,2.0,80.0,16.2,22.3,288.0
617_3_4,617,3,4,doxorubicin,Repeat,15 day,0,mg/kg,Control,doxorubicin_Control_15 day,1173,61,99.0,130,0.02,0.0,215,18.0,0.2,141.0,4.4,105.0,10.9,7.1,5.8,3.0,1.1,57.0,33.0,130.0,4.0,664.0,13.7,38.2,57.6,20.7,35.9,4.7,137.2,165.6,20.0,0.0,0.0,2.0,78.0,16.2,23.9,312.0
617_3_5,617,3,5,doxorubicin,Repeat,15 day,0,mg/kg,Control,doxorubicin_Control_15 day,1144,74,84.0,144,0.02,0.0,186,16.0,0.2,141.0,4.4,105.0,11.0,7.4,5.7,3.1,1.2,59.0,32.0,118.0,2.0,688.0,14.4,39.8,57.9,20.9,36.1,4.6,131.6,125.2,14.0,1.0,0.0,2.0,82.0,16.4,24.8,277.0
617_4_1,617,4,1,doxorubicin,Repeat,29 day,0,mg/kg,Control,doxorubicin_Control_29 day,789,61,89.0,123,0.0,0.0,179,17.0,0.3,140.0,4.0,106.0,9.9,7.3,6.3,3.1,0.9,56.0,33.0,199.0,1.0,828.0,16.0,43.3,52.3,19.3,36.9,2.3,115.8,141.0,15.0,2.0,0.0,2.0,80.0,16.3,23.4,328.0
617_4_2,617,4,2,doxorubicin,Repeat,29 day,0,mg/kg,Control,doxorubicin_Control_29 day,1034,69,77.0,130,0.01,0.0,191,14.0,0.3,141.0,4.1,104.0,9.9,6.3,5.9,3.1,1.1,89.0,47.0,396.0,1.0,817.0,15.6,43.0,52.6,19.1,36.3,2.4,109.6,116.5,9.0,1.0,0.0,2.0,86.0,16.4,23.7,261.0
617_4_3,617,4,3,doxorubicin,Repeat,29 day,0,mg/kg,Control,doxorubicin_Control_29 day,732,66,126.0,139,0.0,0.0,196,15.0,0.2,140.0,3.9,106.0,10.4,6.8,6.1,3.2,1.1,64.0,37.0,198.0,1.0,777.0,15.3,42.7,54.9,19.7,35.9,2.9,110.4,120.9,11.0,2.0,0.0,2.0,84.0,16.5,27.0,304.0
617_4_4,617,4,4,doxorubicin,Repeat,29 day,0,mg/kg,Control,doxorubicin_Control_29 day,639,60,94.0,126,0.01,0.0,178,14.0,0.3,140.0,4.3,105.0,10.7,6.5,6.3,3.2,1.1,56.0,35.0,134.0,1.0,776.0,15.4,42.1,54.3,19.8,36.4,3.5,97.9,189.9,5.0,1.0,0.0,2.0,90.0,16.1,25.3,351.0
617_4_5,617,4,5,doxorubicin,Repeat,29 day,0,mg/kg,Control,doxorubicin_Control_29 day,785,69,95.0,136,0.01,0.0,189,14.0,0.2,142.0,4.1,108.0,10.0,6.6,5.8,3.1,1.1,59.0,30.0,141.0,1.0,763.0,15.4,42.6,55.9,20.2,36.2,3.3,108.9,152.5,8.0,1.0,0.0,2.0,88.0,16.8,25.8,284.0
670_1_1,670,1,1,rotenone,Repeat,4 day,0,mg/kg,Control,rotenone_Control_4 day,1955,78,85.0,138,0.04,0.01,226,18.0,0.4,139.0,4.7,104.0,11.2,7.0,5.5,3.9,2.4,74.0,41.0,139.0,1.0,668.0,13.7,42.2,63.2,20.5,32.5,8.4,130.0,173.0,11.0,1.0,0.0,5.0,83.0,11.8,16.3,227.0
670_1_2,670,1,2,rotenone,Repeat,4 day,0,mg/kg,Control,rotenone_Control_4 day,1672,78,128.0,144,0.03,0.01,183,17.0,0.4,140.0,4.5,106.0,11.1,6.3,5.5,3.7,2.1,70.0,38.0,92.0,0.0,643.0,13.2,40.2,62.5,20.5,32.8,5.4,119.0,82.0,13.0,1.0,0.0,4.0,83.0,11.9,17.1,204.0
670_1_3,670,1,3,rotenone,Repeat,4 day,0,mg/kg,Control,rotenone_Control_4 day,1842,75,120.0,135,0.04,0.01,166,20.0,0.3,140.0,4.5,104.0,11.2,6.5,5.4,3.8,2.4,64.0,35.0,83.0,0.0,643.0,13.5,41.2,64.0,20.9,32.7,4.5,110.0,73.0,13.0,1.0,0.0,5.0,82.0,11.7,15.5,205.0
670_1_4,670,1,4,rotenone,Repeat,4 day,0,mg/kg,Control,rotenone_Control_4 day,1619,74,100.0,138,0.06,0.02,175,18.0,0.4,143.0,4.0,104.0,11.5,8.7,5.4,3.9,2.6,63.0,35.0,96.0,1.0,607.0,12.9,41.1,67.8,21.2,31.3,6.6,103.0,83.0,18.0,1.0,0.0,17.0,65.0,11.6,15.5,226.0
670_1_5,670,1,5,rotenone,Repeat,4 day,0,mg/kg,Control,rotenone_Control_4 day,1300,83,92.0,154,0.04,0.02,186,17.0,0.4,141.0,4.2,103.0,11.5,6.9,5.5,3.8,2.2,66.0,40.0,73.0,0.0,614.0,12.7,38.8,63.2,20.7,32.7,5.7,128.0,53.0,15.0,1.0,0.0,8.0,76.0,12.0,15.4,197.0
670_2_1,670,2,1,rotenone,Repeat,8 day,0,mg/kg,Control,rotenone_Control_8 day,1534,72,168.0,153,0.04,0.02,221,19.0,0.4,139.0,4.6,103.0,11.8,7.3,6.1,4.1,2.1,59.0,34.0,91.0,1.0,627.0,13.5,40.8,65.1,21.5,33.0,7.0,133.0,114.0,17.0,1.0,0.0,7.0,75.0,11.5,16.0,260.0
670_2_2,670,2,2,rotenone,Repeat,8 day,0,mg/kg,Control,rotenone_Control_8 day,1187,101,137.0,176,0.04,0.02,201,22.0,0.4,140.0,4.3,103.0,11.6,7.4,6.0,4.1,2.2,58.0,36.0,59.0,1.0,657.0,13.1,40.0,60.9,19.9,32.6,4.8,128.0,146.0,10.0,1.0,0.0,6.0,83.0,11.4,16.2,244.0
670_2_3,670,2,3,rotenone,Repeat,8 day,0,mg/kg,Control,rotenone_Control_8 day,1431,79,187.0,161,0.03,0.01,195,19.0,0.4,140.0,4.7,105.0,11.5,8.3,5.7,3.9,2.2,58.0,33.0,68.0,1.0,621.0,13.4,40.9,65.9,21.6,32.8,4.6,113.0,118.0,12.0,1.0,0.0,6.0,81.0,11.7,16.5,235.0
670_2_4,670,2,4,rotenone,Repeat,8 day,0,mg/kg,Control,rotenone_Control_8 day,1185,81,77.0,152,0.03,0.01,185,17.0,0.4,142.0,4.4,106.0,11.5,8.5,5.6,3.7,2.0,65.0,36.0,72.0,1.0,626.0,13.1,40.1,64.1,20.9,32.6,5.6,121.0,126.0,10.0,1.0,0.0,5.0,85.0,11.9,16.3,223.0
670_2_5,670,2,5,rotenone,Repeat,8 day,0,mg/kg,Control,rotenone_Control_8 day,1097,73,92.0,144,0.03,0.01,175,18.0,0.4,141.0,4.4,106.0,11.1,6.8,5.5,3.7,2.1,63.0,37.0,69.0,1.0,600.0,13.0,39.2,65.4,21.6,33.0,5.4,117.0,65.0,17.0,1.0,0.0,6.0,76.0,11.4,14.6,235.0
670_3_1,670,3,1,rotenone,Repeat,15 day,0,mg/kg,Control,rotenone_Control_15 day,1476,66,91.0,139,0.03,0.01,187,16.0,0.4,140.0,4.5,106.0,11.6,7.2,5.8,4.0,2.2,70.0,41.0,203.0,1.0,673.0,13.8,41.8,62.0,20.5,33.0,5.3,139.0,133.0,20.0,1.0,0.0,6.0,74.0,11.1,14.1,248.0
670_3_2,670,3,2,rotenone,Repeat,15 day,0,mg/kg,Control,rotenone_Control_15 day,1523,89,201.0,175,0.03,0.01,192,22.0,0.4,140.0,5.0,106.0,12.0,6.7,6.1,4.1,2.1,70.0,41.0,170.0,1.0,645.0,13.3,40.2,62.2,20.6,33.1,4.2,131.0,100.0,23.0,1.0,0.0,4.0,72.0,11.1,14.9,236.0
670_3_3,670,3,3,rotenone,Repeat,15 day,0,mg/kg,Control,rotenone_Control_15 day,1483,96,119.0,176,0.03,0.01,181,18.0,0.4,140.0,5.0,104.0,11.8,7.1,6.4,4.2,1.9,69.0,34.0,67.0,1.0,666.0,14.1,41.9,62.9,21.2,33.6,3.6,136.0,133.0,14.0,1.0,0.0,3.0,82.0,11.0,13.0,267.0
670_3_4,670,3,4,rotenone,Repeat,15 day,0,mg/kg,Control,rotenone_Control_15 day,1555,74,192.0,159,0.03,0.01,176,18.0,0.4,138.0,4.0,103.0,11.5,6.6,5.9,4.0,2.1,58.0,31.0,57.0,1.0,715.0,13.9,42.5,59.4,19.5,32.8,2.8,106.0,81.0,26.0,1.0,0.0,6.0,67.0,11.5,16.2,224.0
670_3_5,670,3,5,rotenone,Repeat,15 day,0,mg/kg,Control,rotenone_Control_15 day,1523,75,56.0,131,0.03,0.01,194,18.0,0.4,140.0,4.0,105.0,10.6,6.9,5.5,3.8,2.2,69.0,35.0,61.0,1.0,693.0,14.2,43.3,62.4,20.5,32.9,3.1,116.0,85.0,22.0,1.0,0.0,4.0,73.0,11.7,16.3,234.0
670_4_1,670,4,1,rotenone,Repeat,29 day,0,mg/kg,Control,rotenone_Control_29 day,1142,52,96.0,113,0.03,0.01,188,17.0,0.4,140.0,4.5,106.0,10.3,5.2,5.3,3.7,2.3,66.0,36.0,75.0,1.0,768.0,14.6,44.5,58.0,19.1,32.8,1.9,129.0,122.0,18.0,1.0,0.0,4.0,77.0,12.8,19.0,209.0
670_4_2,670,4,2,rotenone,Repeat,29 day,0,mg/kg,Control,rotenone_Control_29 day,1130,75,277.0,162,0.03,0.01,204,18.0,0.4,142.0,4.1,105.0,11.5,7.4,5.9,3.8,1.8,55.0,40.0,66.0,1.0,745.0,14.6,44.5,59.6,19.6,32.8,2.1,117.0,96.0,30.0,1.0,0.0,16.0,54.0,11.8,17.1,242.0
670_4_3,670,4,3,rotenone,Repeat,29 day,0,mg/kg,Control,rotenone_Control_29 day,1497,63,188.0,130,0.03,0.01,164,18.0,0.4,141.0,4.6,108.0,11.0,4.7,5.7,3.8,2.0,60.0,29.0,61.0,1.0,748.0,15.3,45.5,60.8,20.5,33.6,2.1,117.0,119.0,14.0,1.0,0.0,5.0,79.0,12.8,18.4,206.0
670_4_4,670,4,4,rotenone,Repeat,29 day,0,mg/kg,Control,rotenone_Control_29 day,1294,61,172.0,134,0.03,0.01,180,20.0,0.4,142.0,4.4,108.0,11.1,6.0,6.0,4.0,2.0,62.0,31.0,63.0,1.0,773.0,15.3,45.9,59.4,19.7,33.2,1.9,97.0,78.0,19.0,1.0,0.0,5.0,75.0,12.4,18.1,222.0
670_4_5,670,4,5,rotenone,Repeat,29 day,0,mg/kg,Control,rotenone_Control_29 day,1177,59,178.0,135,0.03,0.01,175,18.0,0.4,141.0,4.7,107.0,10.5,5.3,5.6,3.8,2.1,50.0,25.0,49.0,1.0,760.0,14.8,44.8,58.9,19.5,33.1,1.8,115.0,121.0,18.0,1.0,0.0,6.0,75.0,12.8,17.3,209.0
673_1_1,673,1,1,"2,4-dinitrophenol",Repeat,4 day,0,mg/kg,Control,"2,4-dinitrophenol_Control_4 day",1574,93,205.0,175,0.03,0.01,191,15.0,0.3,137.0,4.9,103.0,11.3,7.4,5.5,3.9,2.4,68.0,39.0,101.0,1.0,640.0,13.1,39.0,60.9,20.5,33.7,5.6,142.0,129.0,22.0,1.0,0.0,4.0,72.0,11.1,15.9,254.0
673_1_2,673,1,2,"2,4-dinitrophenol",Repeat,4 day,0,mg/kg,Control,"2,4-dinitrophenol_Control_4 day",1950,80,123.0,147,0.04,0.01,204,14.0,0.4,139.0,4.1,103.0,11.6,7.9,5.8,4.0,2.2,73.0,36.0,121.0,0.0,578.0,13.0,38.7,67.0,22.5,33.6,6.7,120.0,102.0,12.0,1.0,0.0,4.0,83.0,11.6,16.4,278.0
673_1_3,673,1,3,"2,4-dinitrophenol",Repeat,4 day,0,mg/kg,Control,"2,4-dinitrophenol_Control_4 day",1123,96,124.0,181,0.03,0.01,164,17.0,0.4,137.0,5.2,103.0,11.5,6.5,5.7,3.9,2.2,60.0,33.0,77.0,1.0,571.0,12.5,37.1,65.0,21.9,33.6,5.3,125.0,120.0,26.0,2.0,0.0,7.0,66.0,11.2,16.5,276.0
673_1_4,673,1,4,"2,4-dinitrophenol",Repeat,4 day,0,mg/kg,Control,"2,4-dinitrophenol_Control_4 day",1452,79,131.0,141,0.03,0.01,185,16.0,0.4,139.0,4.9,104.0,11.9,7.6,5.7,3.9,2.2,56.0,32.0,76.0,1.0,587.0,13.1,38.9,66.2,22.3,33.6,7.0,134.0,127.0,15.0,1.0,0.0,5.0,80.0,11.8,17.1,266.0
673_1_5,673,1,5,"2,4-dinitrophenol",Repeat,4 day,0,mg/kg,Control,"2,4-dinitrophenol_Control_4 day",1306,73,102.0,137,0.04,0.01,171,16.0,0.3,139.0,4.6,103.0,11.8,7.5,5.2,3.6,2.3,56.0,29.0,83.0,1.0,621.0,12.4,37.7,60.7,20.0,33.0,5.4,136.0,119.0,24.0,1.0,0.0,4.0,71.0,12.5,17.5,251.0
673_2_1,673,2,1,"2,4-dinitrophenol",Repeat,8 day,0,mg/kg,Control,"2,4-dinitrophenol_Control_8 day",1394,80,157.0,163,0.02,0.01,182,19.0,0.4,142.0,4.5,105.0,11.1,8.3,5.7,3.8,2.0,72.0,39.0,130.0,1.0,694.0,14.5,43.1,62.1,20.9,33.6,4.7,146.0,97.0,16.0,1.0,0.0,2.0,81.0,11.4,15.9,244.0
673_2_2,673,2,2,"2,4-dinitrophenol",Repeat,8 day,0,mg/kg,Control,"2,4-dinitrophenol_Control_8 day",1920,72,119.0,141,0.03,0.01,169,16.0,0.4,141.0,4.6,107.0,11.1,7.8,5.5,3.7,2.1,73.0,32.0,124.0,1.0,630.0,13.4,38.8,61.6,21.3,34.5,5.0,118.0,98.0,20.0,1.0,0.0,6.0,73.0,11.7,16.2,252.0
673_2_3,673,2,3,"2,4-dinitrophenol",Repeat,8 day,0,mg/kg,Control,"2,4-dinitrophenol_Control_8 day",1796,72,164.0,144,0.03,0.01,175,18.0,0.3,141.0,4.8,107.0,11.1,7.5,5.5,3.8,2.2,72.0,40.0,124.0,1.0,624.0,13.4,39.6,63.5,21.4,33.8,4.2,126.0,123.0,19.0,1.0,0.0,7.0,73.0,11.5,16.2,249.0
673_2_4,673,2,4,"2,4-dinitrophenol",Repeat,8 day,0,mg/kg,Control,"2,4-dinitrophenol_Control_8 day",1559,94,182.0,174,0.03,0.02,186,20.0,0.4,142.0,4.8,105.0,11.7,7.2,5.6,3.8,2.1,66.0,42.0,83.0,0.0,603.0,13.2,38.9,64.5,21.9,33.9,4.6,130.0,110.0,12.0,1.0,0.0,5.0,82.0,11.6,15.2,238.0
673_2_5,673,2,5,"2,4-dinitrophenol",Repeat,8 day,0,mg/kg,Control,"2,4-dinitrophenol_Control_8 day",1114,82,190.0,152,0.03,0.02,199,18.0,0.3,140.0,4.6,105.0,11.8,7.8,5.3,3.8,2.5,61.0,40.0,74.0,1.0,594.0,13.0,38.7,65.2,21.8,33.5,6.3,149.0,81.0,17.0,1.0,0.0,5.0,77.0,11.6,16.3,252.0
673_3_1,673,3,1,"2,4-dinitrophenol",Repeat,15 day,0,mg/kg,Control,"2,4-dinitrophenol_Control_15 day",1193,79,175.0,156,0.02,0.01,188,21.0,0.3,137.0,4.7,105.0,11.2,6.8,5.8,3.8,1.9,65.0,33.0,113.0,0.0,676.0,14.2,41.2,60.9,21.0,34.5,4.6,132.0,160.0,23.0,1.0,0.0,3.0,72.0,11.2,17.1,234.0
673_3_2,673,3,2,"2,4-dinitrophenol",Repeat,15 day,0,mg/kg,Control,"2,4-dinitrophenol_Control_15 day",994,67,184.0,138,0.03,0.01,181,21.0,0.3,137.0,4.7,105.0,11.4,7.0,5.9,3.9,2.0,55.0,30.0,104.0,0.0,654.0,13.5,40.2,61.5,20.6,33.6,3.6,125.0,129.0,10.0,1.0,0.0,4.0,85.0,11.6,15.7,238.0
673_3_3,673,3,3,"2,4-dinitrophenol",Repeat,15 day,0,mg/kg,Control,"2,4-dinitrophenol_Control_15 day",1109,80,168.0,159,0.03,0.01,177,13.0,0.3,136.0,4.5,106.0,10.9,8.0,5.8,3.9,2.1,56.0,31.0,80.0,0.0,667.0,13.6,40.1,60.2,20.4,33.9,4.1,137.0,120.0,27.0,1.0,0.0,7.0,65.0,11.6,16.1,255.0
673_3_4,673,3,4,"2,4-dinitrophenol",Repeat,15 day,0,mg/kg,Control,"2,4-dinitrophenol_Control_15 day",1312,68,178.0,141,0.02,0.02,187,20.0,0.4,138.0,4.2,102.0,12.0,7.1,6.6,4.2,1.8,63.0,37.0,77.0,0.0,623.0,13.3,38.9,62.5,21.4,34.3,3.9,129.0,136.0,20.0,1.0,0.0,6.0,74.0,12.0,16.9,227.0
673_3_5,673,3,5,"2,4-dinitrophenol",Repeat,15 day,0,mg/kg,Control,"2,4-dinitrophenol_Control_15 day",1024,70,205.0,163,0.02,0.01,197,17.0,0.3,136.0,4.8,103.0,11.3,7.9,5.9,4.0,2.1,59.0,36.0,134.0,0.0,684.0,14.4,43.3,63.4,21.1,33.3,3.4,127.0,76.0,25.0,1.0,0.0,5.0,69.0,11.5,16.8,262.0
673_4_1,673,4,1,"2,4-dinitrophenol",Repeat,29 day,0,mg/kg,Control,"2,4-dinitrophenol_Control_29 day",796,85,247.0,164,0.03,0.01,216,21.0,0.5,139.0,4.4,104.0,11.1,6.7,6.0,3.9,1.9,51.0,27.0,119.0,0.0,757.0,15.3,44.8,59.3,20.3,34.2,3.3,122.0,71.0,15.0,1.0,0.0,8.0,76.0,11.3,17.0,294.0
673_4_2,673,4,2,"2,4-dinitrophenol",Repeat,29 day,0,mg/kg,Control,"2,4-dinitrophenol_Control_29 day",1105,85,256.0,183,0.03,0.02,221,20.0,0.5,142.0,4.1,101.0,11.6,6.1,6.7,4.3,1.8,47.0,23.0,78.0,1.0,716.0,14.5,42.6,59.4,20.2,34.1,2.9,108.0,131.0,15.0,1.0,0.0,5.0,80.0,11.7,15.0,270.0
673_4_3,673,4,3,"2,4-dinitrophenol",Repeat,29 day,0,mg/kg,Control,"2,4-dinitrophenol_Control_29 day",931,64,126.0,126,0.03,0.01,170,18.0,0.4,141.0,4.4,105.0,10.6,6.8,6.1,3.8,1.7,71.0,31.0,152.0,0.0,783.0,14.7,43.4,55.4,18.8,33.9,2.8,124.0,99.0,23.0,1.0,0.0,7.0,69.0,11.9,15.9,253.0
673_4_4,673,4,4,"2,4-dinitrophenol",Repeat,29 day,0,mg/kg,Control,"2,4-dinitrophenol_Control_29 day",1001,81,194.0,159,0.05,0.02,192,21.0,0.5,142.0,4.1,103.0,11.5,8.7,6.5,4.2,1.8,57.0,31.0,86.0,1.0,746.0,14.8,44.0,59.0,19.8,33.5,2.9,109.0,135.0,13.0,1.0,0.0,4.0,83.0,11.5,15.3,300.0
673_4_5,673,4,5,"2,4-dinitrophenol",Repeat,29 day,0,mg/kg,Control,"2,4-dinitrophenol_Control_29 day",821,84,321.0,176,0.04,0.02,178,21.0,0.4,139.0,4.8,104.0,11.2,7.8,5.6,3.7,2.0,67.0,42.0,109.0,0.0,771.0,14.6,42.8,55.5,18.9,34.1,2.2,123.0,101.0,11.0,1.0,0.0,4.0,84.0,11.8,16.3,275.0
684_1_1,684,1,1,fluoxetine hydrochloride,Repeat,4 day,0,mg/kg,Control,fluoxetine hydrochloride_Control_4 day,1147,83,119.0,161,0.03,0.01,192,16.0,0.4,140.0,5.2,105.0,10.8,7.2,6.2,4.4,2.4,73.0,37.0,231.0,1.0,606.0,13.3,41.3,68.2,21.9,32.2,7.9,122.0,111.0,13.0,1.0,0.0,7.0,79.0,12.0,16.5,263.0
684_1_2,684,1,2,fluoxetine hydrochloride,Repeat,4 day,0,mg/kg,Control,fluoxetine hydrochloride_Control_4 day,1912,87,186.0,176,0.03,0.01,190,15.0,0.4,140.0,4.5,106.0,10.7,7.2,5.8,4.0,2.2,60.0,31.0,94.0,1.0,612.0,13.1,40.2,65.7,21.4,32.6,5.9,119.0,108.0,16.0,1.0,0.0,7.0,77.0,12.0,15.5,266.0
684_1_3,684,1,3,fluoxetine hydrochloride,Repeat,4 day,0,mg/kg,Control,fluoxetine hydrochloride_Control_4 day,1739,79,173.0,159,0.03,0.01,188,16.0,0.4,138.0,5.0,106.0,10.1,7.0,5.4,3.9,2.6,74.0,46.0,185.0,1.0,635.0,13.4,41.8,65.8,21.1,32.0,5.8,120.0,77.0,19.0,2.0,0.0,6.0,73.0,11.9,16.6,255.0
684_1_4,684,1,4,fluoxetine hydrochloride,Repeat,4 day,0,mg/kg,Control,fluoxetine hydrochloride_Control_4 day,1449,89,142.0,184,0.03,0.02,202,17.0,0.4,140.0,4.8,104.0,10.9,7.6,6.1,4.3,2.4,63.0,39.0,89.0,1.0,660.0,13.8,43.1,65.3,21.0,32.1,5.8,133.0,75.0,13.0,1.0,0.0,6.0,80.0,11.8,16.7,254.0
684_1_5,684,1,5,fluoxetine hydrochloride,Repeat,4 day,0,mg/kg,Control,fluoxetine hydrochloride_Control_4 day,1370,75,57.0,145,0.04,0.01,176,14.0,0.4,139.0,5.5,106.0,10.8,6.5,5.4,4.0,2.9,77.0,40.0,122.0,1.0,622.0,13.0,41.2,66.2,20.9,31.5,5.9,118.0,71.0,15.0,1.0,0.0,7.0,77.0,12.0,17.2,244.0
684_2_1,684,2,1,fluoxetine hydrochloride,Repeat,8 day,0,mg/kg,Control,fluoxetine hydrochloride_Control_8 day,1347,93,131.0,174,0.03,0.01,237,19.0,0.4,139.0,4.6,104.0,10.0,7.8,5.8,4.0,2.2,54.0,33.0,113.0,0.0,665.0,14.0,43.2,65.0,21.0,32.3,4.9,129.0,107.0,15.0,1.0,0.0,10.0,74.0,11.5,15.7,266.0
684_2_2,684,2,2,fluoxetine hydrochloride,Repeat,8 day,0,mg/kg,Control,fluoxetine hydrochloride_Control_8 day,1348,67,205.0,160,0.03,0.01,188,18.0,0.4,140.0,4.9,107.0,9.5,7.0,5.9,4.1,2.3,59.0,27.0,107.0,0.0,673.0,14.3,44.2,65.6,21.3,32.4,3.2,136.0,81.0,16.0,2.0,0.0,3.0,79.0,11.6,16.2,255.0
684_2_3,684,2,3,fluoxetine hydrochloride,Repeat,8 day,0,mg/kg,Control,fluoxetine hydrochloride_Control_8 day,1289,102,176.0,191,0.03,0.01,198,19.0,0.4,139.0,5.0,105.0,10.2,7.0,5.9,4.1,2.3,60.0,36.0,91.0,0.0,590.0,12.7,39.4,66.7,21.5,32.3,7.8,120.0,141.0,17.0,1.0,0.0,5.0,77.0,11.8,15.7,269.0
684_2_4,684,2,4,fluoxetine hydrochloride,Repeat,8 day,0,mg/kg,Control,fluoxetine hydrochloride_Control_8 day,1123,83,139.0,163,0.03,0.01,183,15.0,0.4,139.0,4.7,106.0,10.0,7.7,5.6,3.9,2.3,61.0,41.0,77.0,1.0,661.0,14.0,43.1,65.3,21.2,32.5,7.4,121.0,120.0,20.0,1.0,0.0,8.0,71.0,11.9,15.3,285.0
684_2_5,684,2,5,fluoxetine hydrochloride,Repeat,8 day,0,mg/kg,Control,fluoxetine hydrochloride_Control_8 day,1289,71,112.0,152,0.03,0.01,181,17.0,0.4,139.0,5.2,105.0,10.0,8.1,6.0,4.3,2.5,62.0,34.0,108.0,1.0,659.0,14.1,42.7,64.9,21.4,33.0,4.6,172.0,101.0,15.0,2.0,0.0,5.0,79.0,11.7,14.2,261.0
684_3_1,684,3,1,fluoxetine hydrochloride,Repeat,15 day,0,mg/kg,Control,fluoxetine hydrochloride_Control_15 day,1271,67,163.0,148,0.03,0.01,243,20.0,0.4,138.0,5.6,106.0,11.1,6.9,6.0,3.9,1.9,57.0,28.0,142.0,1.0,669.0,12.9,40.7,60.9,19.3,31.6,5.2,144.0,139.0,26.0,1.0,0.0,9.0,64.0,11.8,16.7,250.0
684_3_2,684,3,2,fluoxetine hydrochloride,Repeat,15 day,0,mg/kg,Control,fluoxetine hydrochloride_Control_15 day,1187,70,167.0,151,0.03,0.01,210,16.0,0.5,141.0,4.8,107.0,11.5,7.5,6.0,4.0,2.0,56.0,31.0,73.0,1.0,683.0,13.9,43.1,63.1,20.4,32.3,6.3,132.0,113.0,21.0,1.0,0.0,4.0,73.0,11.9,15.8,282.0
684_3_3,684,3,3,fluoxetine hydrochloride,Repeat,15 day,0,mg/kg,Control,fluoxetine hydrochloride_Control_15 day,1342,80,177.0,171,0.04,0.01,183,16.0,0.4,139.0,4.9,107.0,11.0,7.5,6.1,4.1,2.1,65.0,36.0,97.0,1.0,713.0,13.7,41.9,58.7,19.2,32.7,4.7,129.0,99.0,21.0,1.0,0.0,12.0,66.0,11.7,15.2,267.0
684_3_4,684,3,4,fluoxetine hydrochloride,Repeat,15 day,0,mg/kg,Control,fluoxetine hydrochloride_Control_15 day,1488,85,163.0,164,0.04,0.01,185,17.0,0.4,140.0,5.1,106.0,11.4,7.7,6.2,4.1,2.0,56.0,32.0,79.0,1.0,629.0,13.3,40.7,64.6,21.1,32.6,5.7,130.0,113.0,30.0,1.0,0.0,5.0,64.0,11.7,16.0,234.0
684_3_5,684,3,5,fluoxetine hydrochloride,Repeat,15 day,0,mg/kg,Control,fluoxetine hydrochloride_Control_15 day,1315,81,199.0,188,0.04,0.01,191,20.0,0.4,137.0,5.1,105.0,11.1,6.9,5.9,4.3,2.7,59.0,39.0,90.0,1.0,717.0,14.6,44.6,62.3,20.3,32.6,5.4,128.0,145.0,17.0,1.0,0.0,6.0,76.0,11.5,16.5,278.0
684_4_1,684,4,1,fluoxetine hydrochloride,Repeat,29 day,0,mg/kg,Control,fluoxetine hydrochloride_Control_29 day,989,71,226.0,142,0.03,0.01,207,18.0,0.5,138.0,4.4,102.0,11.0,5.5,5.9,4.0,2.11,50.0,21.0,136.0,1.0,720.0,14.7,45.2,62.8,20.4,32.5,5.8,122.0,107.0,10.0,1.0,0.0,6.0,83.0,12.1,15.6,275.0
684_4_2,684,4,2,fluoxetine hydrochloride,Repeat,29 day,0,mg/kg,Control,fluoxetine hydrochloride_Control_29 day,761,77,225.0,160,0.03,0.01,169,19.0,0.5,139.0,5.0,104.0,11.2,6.6,6.3,4.2,2.0,51.0,28.0,73.0,1.0,769.0,14.9,45.5,59.1,19.4,32.8,3.2,128.0,127.0,14.0,1.0,0.0,10.0,75.0,11.9,16.9,263.0
684_4_3,684,4,3,fluoxetine hydrochloride,Repeat,29 day,0,mg/kg,Control,fluoxetine hydrochloride_Control_29 day,999,83,140.0,160,0.03,0.01,184,19.0,0.4,138.0,5.0,106.0,10.6,7.1,5.6,3.8,2.11,58.0,31.0,70.0,1.0,763.0,15.0,45.4,59.5,19.6,33.0,4.1,120.0,226.0,19.0,1.0,0.0,7.0,73.0,11.9,17.1,208.0
684_4_4,684,4,4,fluoxetine hydrochloride,Repeat,29 day,0,mg/kg,Control,fluoxetine hydrochloride_Control_29 day,844,65,182.0,141,0.03,0.01,190,21.0,0.5,139.0,4.5,104.0,10.8,7.1,6.3,4.1,1.86,54.0,29.0,104.0,1.0,770.0,14.7,44.8,58.3,19.1,32.8,4.5,118.0,125.0,14.0,1.0,0.0,5.0,80.0,11.9,16.8,258.0
684_4_5,684,4,5,fluoxetine hydrochloride,Repeat,29 day,0,mg/kg,Control,fluoxetine hydrochloride_Control_29 day,840,72,224.0,160,0.03,0.01,172,16.0,0.4,138.0,4.2,104.0,10.9,7.1,6.4,4.1,1.78,64.0,33.0,153.0,1.0,743.0,14.6,42.9,57.7,19.7,34.0,3.9,113.0,96.0,21.0,2.0,0.0,6.0,72.0,12.1,16.7,258.0
686_1_1,686,1,1,methylene dianiline,Repeat,4 day,0,mg/kg,Control,methylene dianiline_Control_4 day,1671,66,81.0,121,0.03,0.02,188,18.0,0.2,142.0,4.1,105.0,10.7,7.1,5.8,2.7,0.9,79.0,47.0,73.0,1.0,606.0,13.1,38.8,64.0,21.6,33.8,6.0,125.1,83.1,14.0,1.0,0.0,2.0,83.0,11.4,11.4,250.0
686_1_2,686,1,2,methylene dianiline,Repeat,4 day,0,mg/kg,Control,methylene dianiline_Control_4 day,2311,83,194.0,156,0.05,0.02,176,16.0,0.2,143.0,4.2,105.0,11.3,7.3,6.0,2.7,0.8,69.0,38.0,129.0,1.0,648.0,13.6,40.2,62.1,21.0,33.8,6.3,139.8,107.2,24.0,1.0,0.0,4.0,69.0,11.7,13.2,302.0
686_1_3,686,1,3,methylene dianiline,Repeat,4 day,0,mg/kg,Control,methylene dianiline_Control_4 day,1700,84,135.0,149,0.04,0.02,168,12.0,0.2,143.0,3.8,106.0,11.0,7.4,5.6,2.6,0.9,72.0,44.0,45.0,1.0,585.0,12.4,35.6,60.8,21.1,34.7,7.8,145.7,109.9,18.0,1.0,0.0,3.0,77.0,11.6,13.2,252.0
686_1_4,686,1,4,methylene dianiline,Repeat,4 day,0,mg/kg,Control,methylene dianiline_Control_4 day,1861,78,84.0,146,0.04,0.02,173,14.0,0.2,142.0,4.3,105.0,11.2,6.7,5.8,2.6,0.8,67.0,41.0,87.0,1.0,628.0,12.9,38.1,60.7,20.5,33.9,6.9,127.0,91.1,28.0,1.0,0.0,3.0,67.0,12.2,16.4,336.0
686_1_5,686,1,5,methylene dianiline,Repeat,4 day,0,mg/kg,Control,methylene dianiline_Control_4 day,1739,64,47.0,123,0.03,0.01,181,16.0,0.2,144.0,3.7,106.0,10.9,9.4,5.7,2.6,0.8,71.0,40.0,49.0,1.0,624.0,13.4,39.4,63.1,21.4,33.9,5.2,132.6,75.2,17.0,1.0,0.0,2.0,79.0,11.6,12.0,283.0
686_2_1,686,2,1,methylene dianiline,Repeat,8 day,0,mg/kg,Control,methylene dianiline_Control_8 day,2353,72,141.0,142,0.07,0.02,175,17.0,0.2,142.0,4.0,106.0,10.8,6.3,5.8,2.7,0.9,63.0,29.0,59.0,1.0,642.0,13.2,38.1,59.3,20.6,34.7,5.4,162.5,126.5,20.0,1.0,0.0,2.0,77.0,11.3,11.5,270.0
686_2_2,686,2,2,methylene dianiline,Repeat,8 day,0,mg/kg,Control,methylene dianiline_Control_8 day,1926,60,116.0,136,0.06,0.02,195,20.0,0.2,143.0,4.5,106.0,11.0,6.3,6.0,2.8,0.9,69.0,39.0,109.0,1.0,671.0,14.4,41.7,62.2,21.5,34.6,4.4,124.8,94.5,20.0,1.0,0.0,3.0,75.0,11.8,19.1,252.0
686_2_3,686,2,3,methylene dianiline,Repeat,8 day,0,mg/kg,Control,methylene dianiline_Control_8 day,1295,68,124.0,127,0.07,0.03,170,17.0,0.2,143.0,4.4,107.0,11.0,6.3,5.7,2.6,0.8,68.0,43.0,50.0,1.0,659.0,13.9,39.9,60.5,21.1,34.9,5.6,132.0,114.3,21.0,1.0,0.0,2.0,74.0,11.1,13.7,254.0
686_2_4,686,2,4,methylene dianiline,Repeat,8 day,0,mg/kg,Control,methylene dianiline_Control_8 day,2310,61,103.0,129,0.06,0.02,176,14.0,0.2,143.0,4.0,106.0,10.9,7.3,5.7,2.6,0.8,67.0,42.0,57.0,1.0,662.0,13.6,39.3,59.4,20.6,34.6,5.1,134.7,87.2,21.0,1.0,1.0,2.0,75.0,11.8,19.4,317.0
686_2_5,686,2,5,methylene dianiline,Repeat,8 day,0,mg/kg,Control,methylene dianiline_Control_8 day,1302,92,46.0,159,0.07,0.02,172,17.0,0.2,145.0,3.5,105.0,11.5,7.6,5.8,2.7,0.9,52.0,32.0,53.0,1.0,619.0,13.0,38.4,62.0,20.9,33.8,5.9,132.6,73.1,20.0,0.0,0.0,2.0,76.0,11.1,12.5,294.0
686_3_1,686,3,1,methylene dianiline,Repeat,15 day,0,mg/kg,Control,methylene dianiline_Control_15 day,1649,87,93.0,160,0.05,0.01,175,18.0,0.2,142.0,3.7,103.0,11.0,5.8,6.2,2.7,0.8,50.0,33.0,51.0,1.0,686.0,13.9,40.6,59.2,20.3,34.2,3.6,134.4,99.4,11.0,1.0,0.0,2.0,85.0,11.5,13.9,271.0
686_3_2,686,3,2,methylene dianiline,Repeat,15 day,0,mg/kg,Control,methylene dianiline_Control_15 day,1604,62,146.0,126,0.05,0.03,149,16.0,0.2,143.0,4.0,104.0,11.0,5.9,6.4,2.7,0.7,68.0,37.0,132.0,1.0,721.0,14.2,40.8,56.5,19.7,34.8,3.9,152.8,103.5,22.0,1.0,1.0,3.0,73.0,11.7,16.0,262.0
686_3_3,686,3,3,methylene dianiline,Repeat,15 day,0,mg/kg,Control,methylene dianiline_Control_15 day,1282,74,204.0,145,0.05,0.02,187,14.0,0.2,143.0,3.9,107.0,11.1,6.6,6.0,2.7,0.8,59.0,41.0,61.0,1.0,495.0,9.9,31.0,62.6,20.0,31.9,20.1,215.3,108.9,23.0,1.0,0.0,2.0,74.0,9.9,12.3,242.0
686_3_4,686,3,4,methylene dianiline,Repeat,15 day,0,mg/kg,Control,methylene dianiline_Control_15 day,1273,74,131.0,150,0.05,0.03,162,14.0,0.2,143.0,3.9,105.0,11.1,7.0,6.3,2.7,0.8,59.0,32.0,104.0,1.0,731.0,14.8,42.2,57.8,20.2,35.0,4.2,156.5,74.0,27.0,1.0,0.0,2.0,70.0,12.1,19.6,269.0
686_3_5,686,3,5,methylene dianiline,Repeat,15 day,0,mg/kg,Control,methylene dianiline_Control_15 day,1608,86,93.0,154,0.06,0.02,188,15.0,0.2,145.0,3.8,104.0,11.0,6.1,6.1,2.6,0.7,57.0,40.0,49.0,1.0,673.0,14.0,40.5,60.2,20.7,34.4,4.4,131.9,102.5,30.0,1.0,0.0,2.0,67.0,11.0,12.9,321.0
686_4_1,686,4,1,methylene dianiline,Repeat,29 day,0,mg/kg,Control,methylene dianiline_Control_29 day,869,72,403.0,178,0.06,0.03,173,19.0,0.2,142.0,3.5,102.0,10.9,6.2,6.2,2.6,0.7,51.0,34.0,51.0,1.0,765.0,14.7,41.6,54.3,19.2,35.3,2.4,127.0,147.4,6.0,0.0,1.0,1.0,91.0,10.6,11.7,316.0
686_4_2,686,4,2,methylene dianiline,Repeat,29 day,0,mg/kg,Control,methylene dianiline_Control_29 day,1520,71,132.0,142,0.05,0.02,192,15.0,0.3,145.0,4.0,105.0,10.7,5.1,6.3,2.6,0.7,59.0,38.0,121.0,1.0,720.0,14.9,42.7,59.3,20.7,34.9,2.3,119.0,129.2,19.0,1.0,0.0,2.0,77.0,12.3,21.4,276.0
686_4_3,686,4,3,methylene dianiline,Repeat,29 day,0,mg/kg,Control,methylene dianiline_Control_29 day,1095,67,137.0,137,0.06,0.02,181,14.0,0.2,145.0,3.8,104.0,10.9,6.2,6.5,2.7,0.7,51.0,35.0,46.0,1.0,776.0,15.3,43.7,56.4,19.8,35.0,1.9,114.1,103.9,23.0,1.0,1.0,2.0,72.0,11.6,17.1,260.0
686_4_4,686,4,4,methylene dianiline,Repeat,29 day,0,mg/kg,Control,methylene dianiline_Control_29 day,1010,71,59.0,126,0.05,0.01,163,14.0,0.2,145.0,3.6,109.0,10.7,5.7,6.2,2.6,0.7,60.0,34.0,68.0,1.0,740.0,14.9,41.4,56.0,20.1,35.9,2.4,121.2,116.0,20.0,1.0,0.0,2.0,75.0,12.7,18.7,280.0
686_4_5,686,4,5,methylene dianiline,Repeat,29 day,0,mg/kg,Control,methylene dianiline_Control_29 day,953,58,110.0,123,0.07,0.02,173,14.0,0.3,145.0,3.8,106.0,11.1,6.3,6.6,2.8,0.7,62.0,31.0,52.0,1.0,691.0,14.8,41.4,59.9,21.3,35.6,2.0,120.4,114.8,20.0,1.0,0.0,3.0,75.0,12.5,18.8,289.0
688_1_1,688,1,1,butylated hydroxyanisole,Repeat,4 day,0,mg/kg,Control,butylated hydroxyanisole_Control_4 day,1867,68,99.0,127,0.06,0.02,192,14.0,0.2,144.0,4.0,104.0,11.6,7.3,6.0,2.7,0.8,66.0,37.0,55.0,1.0,591.0,12.7,37.0,62.6,21.4,34.2,7.2,151.4,87.9,20.8,1.1,0.3,2.0,75.2,11.5,15.7,265.0
688_1_2,688,1,2,butylated hydroxyanisole,Repeat,4 day,0,mg/kg,Control,butylated hydroxyanisole_Control_4 day,1494,81,70.0,142,0.06,0.02,181,12.0,0.2,143.0,4.1,108.0,11.0,6.7,5.5,2.5,0.8,64.0,32.0,60.0,1.0,609.0,12.9,37.5,61.6,21.2,34.5,6.7,159.5,89.5,22.2,0.8,0.2,1.9,74.4,11.2,12.5,257.0
688_1_3,688,1,3,butylated hydroxyanisole,Repeat,4 day,0,mg/kg,Control,butylated hydroxyanisole_Control_4 day,1767,82,61.0,140,0.06,0.02,178,14.0,0.2,144.0,3.7,106.0,11.2,8.1,5.9,2.6,0.8,69.0,32.0,50.0,1.0,652.0,13.1,38.9,59.6,20.2,33.8,6.5,121.9,90.8,21.6,0.9,0.3,2.6,73.8,11.7,15.6,259.0
688_1_4,688,1,4,butylated hydroxyanisole,Repeat,4 day,0,mg/kg,Control,butylated hydroxyanisole_Control_4 day,1598,82,47.0,139,0.07,0.02,172,11.0,0.2,142.0,4.1,107.0,11.1,7.5,5.6,2.5,0.8,63.0,39.0,82.0,1.0,616.0,12.3,36.1,58.6,20.0,34.1,5.6,145.3,48.6,26.2,0.7,0.2,3.9,68.4,11.6,18.3,264.0
688_1_5,688,1,5,butylated hydroxyanisole,Repeat,4 day,0,mg/kg,Control,butylated hydroxyanisole_Control_4 day,1728,71,70.0,133,0.07,0.02,169,13.0,0.2,142.0,4.0,105.0,11.3,7.1,5.9,2.7,0.8,70.0,46.0,55.0,1.0,627.0,13.7,40.7,65.0,21.9,33.6,6.8,124.8,136.8,30.5,0.7,0.2,1.7,66.3,11.6,16.5,283.0
688_2_1,688,2,1,butylated hydroxyanisole,Repeat,8 day,0,mg/kg,Control,butylated hydroxyanisole_Control_8 day,1556,74,137.0,137,0.05,0.02,183,16.0,0.2,140.0,4.0,103.0,10.7,6.1,6.0,2.6,0.8,59.0,45.0,45.0,1.0,648.0,12.9,37.5,57.9,20.0,34.5,5.4,160.9,79.6,24.9,0.5,0.2,2.0,72.1,12.0,18.1,291.0
688_2_2,688,2,2,butylated hydroxyanisole,Repeat,8 day,0,mg/kg,Control,butylated hydroxyanisole_Control_8 day,1598,71,79.0,131,0.05,0.02,183,15.0,0.2,143.0,4.2,107.0,10.8,7.1,6.1,2.7,0.8,64.0,42.0,72.0,1.0,670.0,14.2,41.2,61.4,21.1,34.4,5.8,124.8,107.3,20.0,1.0,0.3,2.4,75.1,12.1,19.8,313.0
688_2_3,688,2,3,butylated hydroxyanisole,Repeat,8 day,0,mg/kg,Control,butylated hydroxyanisole_Control_8 day,1838,68,103.0,133,0.06,0.03,168,19.0,0.2,142.0,4.0,104.0,11.5,7.0,5.8,2.6,0.8,69.0,46.0,65.0,1.0,646.0,13.3,38.7,59.9,20.5,34.3,5.6,152.2,135.3,14.4,0.8,0.3,2.5,81.4,11.9,19.0,288.0
688_2_4,688,2,4,butylated hydroxyanisole,Repeat,8 day,0,mg/kg,Control,butylated hydroxyanisole_Control_8 day,1921,66,75.0,130,0.04,0.02,185,15.0,0.2,143.0,4.3,106.0,11.0,7.4,5.8,2.5,0.8,81.0,41.0,68.0,1.0,642.0,13.5,38.4,59.8,21.0,35.2,3.9,121.6,54.3,15.4,0.6,0.2,3.0,80.3,12.4,18.3,246.0
688_2_5,688,2,5,butylated hydroxyanisole,Repeat,8 day,0,mg/kg,Control,butylated hydroxyanisole_Control_8 day,2606,74,82.0,146,0.04,0.01,182,15.0,0.2,142.0,4.1,104.0,11.2,7.4,5.8,2.6,0.8,62.0,48.0,41.0,1.0,631.0,13.6,38.8,61.6,21.6,35.1,5.0,119.6,96.5,21.3,1.2,0.3,2.4,73.7,12.7,19.9,303.0
688_3_1,688,3,1,butylated hydroxyanisole,Repeat,15 day,0,mg/kg,Control,butylated hydroxyanisole_Control_15 day,1431,74,175.0,137,0.05,0.02,173,14.0,0.2,142.0,3.5,105.0,10.5,7.0,5.6,2.6,0.9,58.0,31.0,54.0,1.0,702.0,13.9,40.6,57.9,19.9,34.3,3.8,155.8,117.6,15.0,0.4,0.3,1.8,82.0,12.5,15.3,229.0
688_3_2,688,3,2,butylated hydroxyanisole,Repeat,15 day,0,mg/kg,Control,butylated hydroxyanisole_Control_15 day,1361,67,66.0,121,0.04,0.01,168,12.0,0.2,143.0,3.8,108.0,10.2,5.9,6.1,2.7,0.8,59.0,31.0,51.0,1.0,753.0,14.6,41.9,55.7,19.4,34.8,3.0,145.3,120.9,16.8,0.8,0.3,1.6,80.1,11.2,12.6,270.0
688_3_3,688,3,3,butylated hydroxyanisole,Repeat,15 day,0,mg/kg,Control,butylated hydroxyanisole_Control_15 day,1225,82,210.0,168,0.05,0.02,184,15.0,0.2,144.0,3.8,106.0,10.9,7.0,6.3,2.8,0.8,55.0,36.0,57.0,1.0,709.0,14.1,41.2,58.1,19.9,34.3,3.7,145.5,83.5,20.9,0.6,0.4,2.2,75.6,11.4,20.7,252.0
688_3_4,688,3,4,butylated hydroxyanisole,Repeat,15 day,0,mg/kg,Control,butylated hydroxyanisole_Control_15 day,1140,67,144.0,137,0.05,0.02,192,15.0,0.2,142.0,3.8,105.0,11.1,6.4,6.0,2.6,0.8,58.0,30.0,45.0,1.0,702.0,14.2,41.4,58.9,20.2,34.3,3.9,131.8,95.5,24.4,0.5,0.3,2.4,71.4,12.8,16.1,314.0
688_3_5,688,3,5,butylated hydroxyanisole,Repeat,15 day,0,mg/kg,Control,butylated hydroxyanisole_Control_15 day,1764,74,74.0,122,0.05,0.02,190,16.0,0.2,144.0,3.6,105.0,11.0,6.8,6.0,2.6,0.8,58.0,32.0,53.0,1.0,637.0,12.8,37.2,58.3,20.1,34.5,3.8,138.8,139.1,14.1,0.8,0.4,1.6,81.9,13.1,19.7,281.0
688_4_1,688,4,1,butylated hydroxyanisole,Repeat,29 day,0,mg/kg,Control,butylated hydroxyanisole_Control_29 day,1209,73,343.0,162,0.07,0.03,230,19.0,0.3,142.0,3.5,100.0,10.8,5.5,6.3,2.5,0.7,61.0,38.0,70.0,1.0,799.0,14.7,41.1,51.4,18.4,35.9,2.2,147.2,109.4,16.7,0.7,0.3,1.3,80.5,12.9,17.6,263.0
688_4_2,688,4,2,butylated hydroxyanisole,Repeat,29 day,0,mg/kg,Control,butylated hydroxyanisole_Control_29 day,1164,71,141.0,136,0.05,0.02,193,18.0,0.3,144.0,4.1,107.0,10.7,5.5,6.2,2.6,0.7,59.0,31.0,73.0,1.0,763.0,15.0,42.7,56.0,19.6,35.1,2.6,118.5,94.4,18.3,0.6,0.4,1.9,77.7,12.3,20.1,278.0
688_4_3,688,4,3,butylated hydroxyanisole,Repeat,29 day,0,mg/kg,Control,butylated hydroxyanisole_Control_29 day,1194,69,133.0,124,0.04,0.02,181,15.0,0.3,144.0,4.3,106.0,11.1,5.3,6.2,2.6,0.7,53.0,29.0,57.0,1.0,742.0,14.5,39.7,53.6,19.5,36.4,2.5,107.3,147.5,20.2,0.9,0.4,1.9,75.9,11.9,18.0,254.0
688_4_4,688,4,4,butylated hydroxyanisole,Repeat,29 day,0,mg/kg,Control,butylated hydroxyanisole_Control_29 day,1807,73,106.0,123,0.05,0.01,172,19.0,0.2,144.0,4.3,107.0,11.0,5.6,6.0,2.6,0.8,59.0,37.0,62.0,1.0,767.0,15.3,42.1,54.9,20.0,36.4,1.8,123.1,80.3,17.3,1.4,0.4,1.6,78.7,12.0,16.0,262.0
688_4_5,688,4,5,butylated hydroxyanisole,Repeat,29 day,0,mg/kg,Control,butylated hydroxyanisole_Control_29 day,899,57,175.0,128,0.06,0.02,179,18.0,0.3,142.0,3.9,104.0,10.6,5.2,6.1,2.7,0.8,56.0,28.0,49.0,1.0,774.0,15.5,43.3,55.9,20.0,35.7,2.4,109.0,94.1,18.4,0.8,0.6,2.2,77.5,12.5,17.9,257.0
693_1_1,693,1,1,desmopressin acetate,Repeat,4 day,0,Êg/kg,Control,desmopressin acetate_Control_4 day,1544,75,54.0,123,0.04,0.01,199,15.0,0.4,135.0,5.2,105.0,10.9,6.8,5.5,3.7,2.06,75.0,33.0,202.0,1.0,583.0,12.8,39.2,67.2,22.0,32.7,6.1,125.0,139.0,23.0,1.0,0.0,9.0,67.0,12.6,16.5,267.0
693_1_2,693,1,2,desmopressin acetate,Repeat,4 day,0,Êg/kg,Control,desmopressin acetate_Control_4 day,1305,67,133.0,144,0.04,0.01,171,14.0,0.4,137.0,5.4,106.0,11.2,6.7,5.7,3.7,1.85,71.0,33.0,207.0,1.0,627.0,13.7,42.1,67.1,21.9,32.6,6.2,137.0,120.0,20.0,1.0,0.0,6.0,73.0,12.0,15.7,272.0
693_1_3,693,1,3,desmopressin acetate,Repeat,4 day,0,Êg/kg,Control,desmopressin acetate_Control_4 day,1186,73,119.0,134,0.03,0.01,183,16.0,0.4,135.0,5.7,103.0,11.4,6.9,5.6,3.8,2.11,66.0,29.0,192.0,1.0,612.0,13.0,39.8,65.1,21.2,32.6,6.6,124.0,81.0,17.0,1.0,0.0,16.0,66.0,11.9,16.3,267.0
693_1_4,693,1,4,desmopressin acetate,Repeat,4 day,0,Êg/kg,Control,desmopressin acetate_Control_4 day,1056,113,158.0,204,0.03,0.01,199,18.0,0.4,136.0,5.5,104.0,11.6,7.5,5.7,3.7,1.85,57.0,25.0,163.0,1.0,621.0,13.3,39.9,64.2,21.4,33.3,7.7,137.0,109.0,15.0,1.0,0.0,12.0,71.0,11.4,17.2,264.0
693_1_5,693,1,5,desmopressin acetate,Repeat,4 day,0,Êg/kg,Control,desmopressin acetate_Control_4 day,1201,71,134.0,156,0.03,0.01,176,15.0,0.4,137.0,5.1,105.0,11.0,8.4,5.7,3.8,2.0,75.0,43.0,251.0,1.0,624.0,13.0,40.5,64.9,20.9,32.2,7.7,146.0,77.0,37.0,1.0,0.0,5.0,57.0,11.8,16.9,277.0
693_2_1,693,2,1,desmopressin acetate,Repeat,8 day,0,Êg/kg,Control,desmopressin acetate_Control_8 day,1269,82,193.0,162,0.06,0.02,209,18.0,0.4,129.0,5.0,97.0,13.6,8.2,5.5,3.6,1.89,67.0,29.0,258.0,1.0,652.0,13.8,42.5,65.1,21.1,32.5,6.0,132.0,110.0,24.0,1.0,0.0,6.0,69.0,12.4,15.7,229.0
693_2_2,693,2,2,desmopressin acetate,Repeat,8 day,0,Êg/kg,Control,desmopressin acetate_Control_8 day,1319,92,217.0,173,0.04,0.01,182,16.0,0.4,130.0,4.7,100.0,13.9,6.7,5.5,3.6,1.89,57.0,26.0,170.0,1.0,632.0,13.4,40.6,64.2,21.2,33.1,6.8,122.0,113.0,13.0,1.0,0.0,4.0,83.0,12.0,16.5,280.0
693_2_3,693,2,3,desmopressin acetate,Repeat,8 day,0,Êg/kg,Control,desmopressin acetate_Control_8 day,1191,95,139.0,170,0.05,0.01,180,16.0,0.4,131.0,5.8,102.0,13.7,6.6,5.5,3.7,2.06,68.0,29.0,122.0,1.0,682.0,14.1,43.3,63.4,20.6,32.5,6.3,118.0,116.0,28.0,1.0,0.0,8.0,63.0,11.8,17.4,289.0
693_2_4,693,2,4,desmopressin acetate,Repeat,8 day,0,Êg/kg,Control,desmopressin acetate_Control_8 day,1262,70,116.0,136,0.04,0.01,200,15.0,0.4,130.0,4.6,99.0,13.3,6.9,5.4,3.6,2.0,80.0,34.0,130.0,1.0,606.0,13.3,39.8,65.7,21.9,33.3,7.1,117.0,75.0,32.0,1.0,0.0,15.0,51.0,12.0,17.3,258.0
693_2_5,693,2,5,desmopressin acetate,Repeat,8 day,0,Êg/kg,Control,desmopressin acetate_Control_8 day,896,95,190.0,184,0.05,0.02,215,16.0,0.4,131.0,5.2,98.0,14.2,8.7,5.5,3.6,1.89,72.0,33.0,109.0,1.0,671.0,13.6,41.9,62.4,20.3,32.6,6.8,132.0,104.0,20.0,1.0,0.0,4.0,75.0,11.6,15.8,258.0
693_3_1,693,3,1,desmopressin acetate,Repeat,15 day,0,Êg/kg,Control,desmopressin acetate_Control_15 day,1102,93,115.0,169,0.03,0.01,222,16.0,0.5,136.0,5.6,105.0,10.9,6.4,5.9,3.8,1.81,84.0,36.0,235.0,1.0,683.0,13.5,41.2,60.2,19.7,32.7,5.0,113.0,120.0,16.0,1.0,0.0,15.0,69.0,11.9,16.3,256.0
693_3_2,693,3,2,desmopressin acetate,Repeat,15 day,0,Êg/kg,Control,desmopressin acetate_Control_15 day,1216,82,101.0,154,0.03,0.01,189,15.0,0.4,140.0,4.8,108.0,10.8,7.2,5.8,3.7,1.76,70.0,34.0,132.0,1.0,630.0,13.7,41.5,65.8,21.8,33.1,7.1,117.0,138.0,12.0,1.0,0.0,3.0,84.0,11.8,16.5,242.0
693_3_3,693,3,3,desmopressin acetate,Repeat,15 day,0,Êg/kg,Control,desmopressin acetate_Control_15 day,1222,94,201.0,179,0.02,0.01,196,18.0,0.4,139.0,5.3,105.0,11.3,6.8,6.2,3.8,1.58,62.0,29.0,161.0,0.0,693.0,14.8,45.3,65.4,21.4,32.7,7.2,141.0,162.0,27.0,1.0,0.0,8.0,64.0,11.5,14.4,269.0
693_3_4,693,3,4,desmopressin acetate,Repeat,15 day,0,Êg/kg,Control,desmopressin acetate_Control_15 day,1203,79,92.0,150,0.03,0.01,188,15.0,0.4,140.0,5.2,106.0,11.1,6.3,5.9,3.7,1.68,69.0,31.0,129.0,1.0,704.0,14.0,43.7,62.0,19.9,32.1,4.7,127.0,96.0,15.0,1.0,0.0,7.0,77.0,12.1,14.3,266.0
693_3_5,693,3,5,desmopressin acetate,Repeat,15 day,0,Êg/kg,Control,desmopressin acetate_Control_15 day,1299,109,175.0,178,0.02,0.01,176,17.0,0.4,138.0,5.2,107.0,11.4,7.9,6.0,3.8,1.73,54.0,25.0,88.0,1.0,725.0,14.8,45.6,62.8,20.5,32.6,6.0,155.0,97.0,14.0,1.0,0.0,6.0,80.0,11.3,15.9,284.0
693_4_1,693,4,1,desmopressin acetate,Repeat,29 day,0,Êg/kg,Control,desmopressin acetate_Control_29 day,793,62,147.0,126,0.04,0.01,201,17.0,0.4,139.0,4.8,106.0,8.7,6.3,6.0,3.6,1.5,75.0,32.0,185.0,1.0,805.0,15.6,48.1,59.8,19.4,32.4,3.1,122.0,255.0,12.0,1.0,0.0,4.0,83.0,12.4,16.2,268.0
693_4_2,693,4,2,desmopressin acetate,Repeat,29 day,0,Êg/kg,Control,desmopressin acetate_Control_29 day,779,52,54.0,97,0.04,0.01,196,13.0,0.4,139.0,5.5,107.0,8.6,6.9,5.6,3.4,1.55,72.0,26.0,141.0,1.0,801.0,14.9,45.2,56.5,18.7,33.1,3.3,102.0,90.0,12.0,2.0,0.0,6.0,80.0,13.1,18.8,240.0
693_4_3,693,4,3,desmopressin acetate,Repeat,29 day,0,Êg/kg,Control,desmopressin acetate_Control_29 day,619,63,123.0,123,0.04,0.01,181,15.0,0.4,140.0,4.6,106.0,9.1,5.6,6.2,3.6,1.38,63.0,23.0,137.0,0.0,805.0,14.8,44.9,55.8,18.4,33.0,3.0,108.0,90.0,12.0,1.0,0.0,5.0,82.0,12.2,17.5,252.0
693_4_4,693,4,4,desmopressin acetate,Repeat,29 day,0,Êg/kg,Control,desmopressin acetate_Control_29 day,866,70,183.0,143,0.03,0.01,176,15.0,0.4,138.0,4.6,105.0,9.2,5.5,6.2,3.7,1.48,62.0,32.0,181.0,1.0,793.0,15.9,48.2,60.9,20.0,32.9,3.9,123.0,144.0,25.0,2.0,0.0,8.0,66.0,12.3,18.4,252.0
693_4_5,693,4,5,desmopressin acetate,Repeat,29 day,0,Êg/kg,Control,desmopressin acetate_Control_29 day,1272,71,96.0,143,0.04,0.01,170,13.0,0.3,140.0,4.9,106.0,9.1,6.5,6.0,3.6,1.5,66.0,26.0,127.0,0.0,782.0,14.7,45.1,57.7,18.7,32.5,2.3,110.0,73.0,13.0,2.0,0.0,10.0,76.0,11.7,18.3,235.0
